2025-11-27 19:49:57,900 INFO 
Hyperparameters:
train_csv           : /home/caojiaxiang/brain age/cjx/5-fold/train_1.csv
val_csv             : /home/caojiaxiang/brain age/cjx/5-fold/val_1.csv
batch_size          : 32
num_workers         : 0
channel             : 16
embed_dim           : 128
num_heads           : 8
num_layers          : 6
hidden_dim          : 512
dropout             : 0.1
lambda_consistency  : 0.02
lambda_grad         : 0.1
noise_sigma         : 0.1
num_regions         : 117
lambda_rba          : 0.001
epochs              : 400
learning_rate       : 0.0001
weight_decay        : 0.01
scheduler_T0        : 200
scheduler_eta_min   : 1e-05
log_dir             : ./training_logs
experiment_name     : T1wRBA_Enhanced
augmentation        : True
reshape             : (91, 109, 91)
resume_from_checkpoint: None
2025-11-27 19:49:58,004 INFO 
Hyperparameters:
train_csv           : /home/caojiaxiang/brain age/cjx/5-fold/train_1.csv
val_csv             : /home/caojiaxiang/brain age/cjx/5-fold/val_1.csv
batch_size          : 32
num_workers         : 0
channel             : 16
embed_dim           : 128
num_heads           : 8
num_layers          : 6
hidden_dim          : 512
dropout             : 0.1
lambda_consistency  : 0.02
lambda_grad         : 0.1
noise_sigma         : 0.1
num_regions         : 117
lambda_rba          : 0.001
epochs              : 400
learning_rate       : 0.0001
weight_decay        : 0.01
scheduler_T0        : 200
scheduler_eta_min   : 1e-05
log_dir             : ./training_logs
experiment_name     : T1wRBA_Enhanced
augmentation        : True
reshape             : (91, 109, 91)
resume_from_checkpoint: None
2025-11-27 19:49:58,037 INFO 
Hyperparameters:
train_csv           : /home/caojiaxiang/brain age/cjx/5-fold/train_1.csv
val_csv             : /home/caojiaxiang/brain age/cjx/5-fold/val_1.csv
batch_size          : 32
num_workers         : 0
channel             : 16
embed_dim           : 128
num_heads           : 8
num_layers          : 6
hidden_dim          : 512
dropout             : 0.1
lambda_consistency  : 0.02
lambda_grad         : 0.1
noise_sigma         : 0.1
num_regions         : 117
lambda_rba          : 0.001
epochs              : 400
learning_rate       : 0.0001
weight_decay        : 0.01
scheduler_T0        : 200
scheduler_eta_min   : 1e-05
log_dir             : ./training_logs
experiment_name     : T1wRBA_Enhanced
augmentation        : True
reshape             : (91, 109, 91)
resume_from_checkpoint: None
2025-11-27 19:49:58,040 INFO 
Hyperparameters:
train_csv           : /home/caojiaxiang/brain age/cjx/5-fold/train_1.csv
val_csv             : /home/caojiaxiang/brain age/cjx/5-fold/val_1.csv
batch_size          : 32
num_workers         : 0
channel             : 16
embed_dim           : 128
num_heads           : 8
num_layers          : 6
hidden_dim          : 512
dropout             : 0.1
lambda_consistency  : 0.02
lambda_grad         : 0.1
noise_sigma         : 0.1
num_regions         : 117
lambda_rba          : 0.001
epochs              : 400
learning_rate       : 0.0001
weight_decay        : 0.01
scheduler_T0        : 200
scheduler_eta_min   : 1e-05
log_dir             : ./training_logs
experiment_name     : T1wRBA_Enhanced
augmentation        : True
reshape             : (91, 109, 91)
resume_from_checkpoint: None
2025-11-27 19:49:58,046 INFO 
Hyperparameters:
train_csv           : /home/caojiaxiang/brain age/cjx/5-fold/train_1.csv
val_csv             : /home/caojiaxiang/brain age/cjx/5-fold/val_1.csv
batch_size          : 32
num_workers         : 0
channel             : 16
embed_dim           : 128
num_heads           : 8
num_layers          : 6
hidden_dim          : 512
dropout             : 0.1
lambda_consistency  : 0.02
lambda_grad         : 0.1
noise_sigma         : 0.1
num_regions         : 117
lambda_rba          : 0.001
epochs              : 400
learning_rate       : 0.0001
weight_decay        : 0.01
scheduler_T0        : 200
scheduler_eta_min   : 1e-05
log_dir             : ./training_logs
experiment_name     : T1wRBA_Enhanced
augmentation        : True
reshape             : (91, 109, 91)
resume_from_checkpoint: None
2025-11-27 19:49:58,049 INFO 
Hyperparameters:
train_csv           : /home/caojiaxiang/brain age/cjx/5-fold/train_1.csv
val_csv             : /home/caojiaxiang/brain age/cjx/5-fold/val_1.csv
batch_size          : 32
num_workers         : 0
channel             : 16
embed_dim           : 128
num_heads           : 8
num_layers          : 6
hidden_dim          : 512
dropout             : 0.1
lambda_consistency  : 0.02
lambda_grad         : 0.1
noise_sigma         : 0.1
num_regions         : 117
lambda_rba          : 0.001
epochs              : 400
learning_rate       : 0.0001
weight_decay        : 0.01
scheduler_T0        : 200
scheduler_eta_min   : 1e-05
log_dir             : ./training_logs
experiment_name     : T1wRBA_Enhanced
augmentation        : True
reshape             : (91, 109, 91)
resume_from_checkpoint: None
2025-11-27 19:49:58,121 INFO 
Hyperparameters:
train_csv           : /home/caojiaxiang/brain age/cjx/5-fold/train_1.csv
val_csv             : /home/caojiaxiang/brain age/cjx/5-fold/val_1.csv
batch_size          : 32
num_workers         : 0
channel             : 16
embed_dim           : 128
num_heads           : 8
num_layers          : 6
hidden_dim          : 512
dropout             : 0.1
lambda_consistency  : 0.02
lambda_grad         : 0.1
noise_sigma         : 0.1
num_regions         : 117
lambda_rba          : 0.001
epochs              : 400
learning_rate       : 0.0001
weight_decay        : 0.01
scheduler_T0        : 200
scheduler_eta_min   : 1e-05
log_dir             : ./training_logs
experiment_name     : T1wRBA_Enhanced
augmentation        : True
reshape             : (91, 109, 91)
resume_from_checkpoint: None
2025-11-27 19:49:58,125 INFO 
Hyperparameters:
train_csv           : /home/caojiaxiang/brain age/cjx/5-fold/train_1.csv
val_csv             : /home/caojiaxiang/brain age/cjx/5-fold/val_1.csv
batch_size          : 32
num_workers         : 0
channel             : 16
embed_dim           : 128
num_heads           : 8
num_layers          : 6
hidden_dim          : 512
dropout             : 0.1
lambda_consistency  : 0.02
lambda_grad         : 0.1
noise_sigma         : 0.1
num_regions         : 117
lambda_rba          : 0.001
epochs              : 400
learning_rate       : 0.0001
weight_decay        : 0.01
scheduler_T0        : 200
scheduler_eta_min   : 1e-05
log_dir             : ./training_logs
experiment_name     : T1wRBA_Enhanced
augmentation        : True
reshape             : (91, 109, 91)
resume_from_checkpoint: None
2025-11-27 19:52:54,891 INFO 
Hyperparameters:
train_csv           : /home/caojiaxiang/brain age/cjx/5-fold/train_1.csv
val_csv             : /home/caojiaxiang/brain age/cjx/5-fold/val_1.csv
batch_size          : 32
num_workers         : 0
channel             : 16
embed_dim           : 128
num_heads           : 8
num_layers          : 6
hidden_dim          : 512
dropout             : 0.1
lambda_consistency  : 0.02
lambda_grad         : 0.1
noise_sigma         : 0.1
num_regions         : 117
lambda_rba          : 0.001
epochs              : 400
learning_rate       : 0.0001
weight_decay        : 0.01
scheduler_T0        : 200
scheduler_eta_min   : 1e-05
log_dir             : ./training_logs
experiment_name     : T1wRBA_Enhanced
augmentation        : True
reshape             : (91, 109, 91)
resume_from_checkpoint: None
2025-11-27 19:52:54,948 INFO 
Hyperparameters:
train_csv           : /home/caojiaxiang/brain age/cjx/5-fold/train_1.csv
val_csv             : /home/caojiaxiang/brain age/cjx/5-fold/val_1.csv
batch_size          : 32
num_workers         : 0
channel             : 16
embed_dim           : 128
num_heads           : 8
num_layers          : 6
hidden_dim          : 512
dropout             : 0.1
lambda_consistency  : 0.02
lambda_grad         : 0.1
noise_sigma         : 0.1
num_regions         : 117
lambda_rba          : 0.001
epochs              : 400
learning_rate       : 0.0001
weight_decay        : 0.01
scheduler_T0        : 200
scheduler_eta_min   : 1e-05
log_dir             : ./training_logs
experiment_name     : T1wRBA_Enhanced
augmentation        : True
reshape             : (91, 109, 91)
resume_from_checkpoint: None
2025-11-27 19:52:55,186 INFO 
Hyperparameters:
train_csv           : /home/caojiaxiang/brain age/cjx/5-fold/train_1.csv
val_csv             : /home/caojiaxiang/brain age/cjx/5-fold/val_1.csv
batch_size          : 32
num_workers         : 0
channel             : 16
embed_dim           : 128
num_heads           : 8
num_layers          : 6
hidden_dim          : 512
dropout             : 0.1
lambda_consistency  : 0.02
lambda_grad         : 0.1
noise_sigma         : 0.1
num_regions         : 117
lambda_rba          : 0.001
epochs              : 400
learning_rate       : 0.0001
weight_decay        : 0.01
scheduler_T0        : 200
scheduler_eta_min   : 1e-05
log_dir             : ./training_logs
experiment_name     : T1wRBA_Enhanced
augmentation        : True
reshape             : (91, 109, 91)
resume_from_checkpoint: None
2025-11-27 19:52:55,375 INFO 
Hyperparameters:
train_csv           : /home/caojiaxiang/brain age/cjx/5-fold/train_1.csv
val_csv             : /home/caojiaxiang/brain age/cjx/5-fold/val_1.csv
batch_size          : 32
num_workers         : 0
channel             : 16
embed_dim           : 128
num_heads           : 8
num_layers          : 6
hidden_dim          : 512
dropout             : 0.1
lambda_consistency  : 0.02
lambda_grad         : 0.1
noise_sigma         : 0.1
num_regions         : 117
lambda_rba          : 0.001
epochs              : 400
learning_rate       : 0.0001
weight_decay        : 0.01
scheduler_T0        : 200
scheduler_eta_min   : 1e-05
log_dir             : ./training_logs
experiment_name     : T1wRBA_Enhanced
augmentation        : True
reshape             : (91, 109, 91)
resume_from_checkpoint: None
2025-11-27 19:52:55,384 INFO 
Hyperparameters:
train_csv           : /home/caojiaxiang/brain age/cjx/5-fold/train_1.csv
val_csv             : /home/caojiaxiang/brain age/cjx/5-fold/val_1.csv
batch_size          : 32
num_workers         : 0
channel             : 16
embed_dim           : 128
num_heads           : 8
num_layers          : 6
hidden_dim          : 512
dropout             : 0.1
lambda_consistency  : 0.02
lambda_grad         : 0.1
noise_sigma         : 0.1
num_regions         : 117
lambda_rba          : 0.001
epochs              : 400
learning_rate       : 0.0001
weight_decay        : 0.01
scheduler_T0        : 200
scheduler_eta_min   : 1e-05
log_dir             : ./training_logs
experiment_name     : T1wRBA_Enhanced
augmentation        : True
reshape             : (91, 109, 91)
resume_from_checkpoint: None
2025-11-27 19:52:55,497 INFO 
Hyperparameters:
train_csv           : /home/caojiaxiang/brain age/cjx/5-fold/train_1.csv
val_csv             : /home/caojiaxiang/brain age/cjx/5-fold/val_1.csv
batch_size          : 32
num_workers         : 0
channel             : 16
embed_dim           : 128
num_heads           : 8
num_layers          : 6
hidden_dim          : 512
dropout             : 0.1
lambda_consistency  : 0.02
lambda_grad         : 0.1
noise_sigma         : 0.1
num_regions         : 117
lambda_rba          : 0.001
epochs              : 400
learning_rate       : 0.0001
weight_decay        : 0.01
scheduler_T0        : 200
scheduler_eta_min   : 1e-05
log_dir             : ./training_logs
experiment_name     : T1wRBA_Enhanced
augmentation        : True
reshape             : (91, 109, 91)
resume_from_checkpoint: None
2025-11-27 19:52:55,592 INFO 
Hyperparameters:
train_csv           : /home/caojiaxiang/brain age/cjx/5-fold/train_1.csv
val_csv             : /home/caojiaxiang/brain age/cjx/5-fold/val_1.csv
batch_size          : 32
num_workers         : 0
channel             : 16
embed_dim           : 128
num_heads           : 8
num_layers          : 6
hidden_dim          : 512
dropout             : 0.1
lambda_consistency  : 0.02
lambda_grad         : 0.1
noise_sigma         : 0.1
num_regions         : 117
lambda_rba          : 0.001
epochs              : 400
learning_rate       : 0.0001
weight_decay        : 0.01
scheduler_T0        : 200
scheduler_eta_min   : 1e-05
log_dir             : ./training_logs
experiment_name     : T1wRBA_Enhanced
augmentation        : True
reshape             : (91, 109, 91)
resume_from_checkpoint: None
2025-11-27 19:52:55,653 INFO 
Hyperparameters:
train_csv           : /home/caojiaxiang/brain age/cjx/5-fold/train_1.csv
val_csv             : /home/caojiaxiang/brain age/cjx/5-fold/val_1.csv
batch_size          : 32
num_workers         : 0
channel             : 16
embed_dim           : 128
num_heads           : 8
num_layers          : 6
hidden_dim          : 512
dropout             : 0.1
lambda_consistency  : 0.02
lambda_grad         : 0.1
noise_sigma         : 0.1
num_regions         : 117
lambda_rba          : 0.001
epochs              : 400
learning_rate       : 0.0001
weight_decay        : 0.01
scheduler_T0        : 200
scheduler_eta_min   : 1e-05
log_dir             : ./training_logs
experiment_name     : T1wRBA_Enhanced
augmentation        : True
reshape             : (91, 109, 91)
resume_from_checkpoint: None
2025-11-27 19:53:35,401 INFO 
Hyperparameters:
train_csv           : /home/caojiaxiang/brain age/cjx/5-fold/train_1.csv
val_csv             : /home/caojiaxiang/brain age/cjx/5-fold/val_1.csv
batch_size          : 32
num_workers         : 0
channel             : 16
embed_dim           : 128
num_heads           : 8
num_layers          : 6
hidden_dim          : 512
dropout             : 0.1
lambda_consistency  : 0.02
lambda_grad         : 0.1
noise_sigma         : 0.1
num_regions         : 117
lambda_rba          : 0.001
epochs              : 400
learning_rate       : 0.0001
weight_decay        : 0.01
scheduler_T0        : 200
scheduler_eta_min   : 1e-05
log_dir             : ./training_logs
experiment_name     : T1wRBA_Enhanced
augmentation        : True
reshape             : (91, 109, 91)
resume_from_checkpoint: None
2025-11-27 19:53:35,630 INFO 
Hyperparameters:
train_csv           : /home/caojiaxiang/brain age/cjx/5-fold/train_1.csv
val_csv             : /home/caojiaxiang/brain age/cjx/5-fold/val_1.csv
batch_size          : 32
num_workers         : 0
channel             : 16
embed_dim           : 128
num_heads           : 8
num_layers          : 6
hidden_dim          : 512
dropout             : 0.1
lambda_consistency  : 0.02
lambda_grad         : 0.1
noise_sigma         : 0.1
num_regions         : 117
lambda_rba          : 0.001
epochs              : 400
learning_rate       : 0.0001
weight_decay        : 0.01
scheduler_T0        : 200
scheduler_eta_min   : 1e-05
log_dir             : ./training_logs
experiment_name     : T1wRBA_Enhanced
augmentation        : True
reshape             : (91, 109, 91)
resume_from_checkpoint: None
2025-11-27 19:53:35,710 INFO 
Hyperparameters:
train_csv           : /home/caojiaxiang/brain age/cjx/5-fold/train_1.csv
val_csv             : /home/caojiaxiang/brain age/cjx/5-fold/val_1.csv
batch_size          : 32
num_workers         : 0
channel             : 16
embed_dim           : 128
num_heads           : 8
num_layers          : 6
hidden_dim          : 512
dropout             : 0.1
lambda_consistency  : 0.02
lambda_grad         : 0.1
noise_sigma         : 0.1
num_regions         : 117
lambda_rba          : 0.001
epochs              : 400
learning_rate       : 0.0001
weight_decay        : 0.01
scheduler_T0        : 200
scheduler_eta_min   : 1e-05
log_dir             : ./training_logs
experiment_name     : T1wRBA_Enhanced
augmentation        : True
reshape             : (91, 109, 91)
resume_from_checkpoint: None
2025-11-27 19:53:35,712 INFO 
Hyperparameters:
train_csv           : /home/caojiaxiang/brain age/cjx/5-fold/train_1.csv
val_csv             : /home/caojiaxiang/brain age/cjx/5-fold/val_1.csv
batch_size          : 32
num_workers         : 0
channel             : 16
embed_dim           : 128
num_heads           : 8
num_layers          : 6
hidden_dim          : 512
dropout             : 0.1
lambda_consistency  : 0.02
lambda_grad         : 0.1
noise_sigma         : 0.1
num_regions         : 117
lambda_rba          : 0.001
epochs              : 400
learning_rate       : 0.0001
weight_decay        : 0.01
scheduler_T0        : 200
scheduler_eta_min   : 1e-05
log_dir             : ./training_logs
experiment_name     : T1wRBA_Enhanced
augmentation        : True
reshape             : (91, 109, 91)
resume_from_checkpoint: None
2025-11-27 19:53:35,729 INFO 
Hyperparameters:
train_csv           : /home/caojiaxiang/brain age/cjx/5-fold/train_1.csv
val_csv             : /home/caojiaxiang/brain age/cjx/5-fold/val_1.csv
batch_size          : 32
num_workers         : 0
channel             : 16
embed_dim           : 128
num_heads           : 8
num_layers          : 6
hidden_dim          : 512
dropout             : 0.1
lambda_consistency  : 0.02
lambda_grad         : 0.1
noise_sigma         : 0.1
num_regions         : 117
lambda_rba          : 0.001
epochs              : 400
learning_rate       : 0.0001
weight_decay        : 0.01
scheduler_T0        : 200
scheduler_eta_min   : 1e-05
log_dir             : ./training_logs
experiment_name     : T1wRBA_Enhanced
augmentation        : True
reshape             : (91, 109, 91)
resume_from_checkpoint: None
2025-11-27 19:53:35,764 INFO 
Hyperparameters:
train_csv           : /home/caojiaxiang/brain age/cjx/5-fold/train_1.csv
val_csv             : /home/caojiaxiang/brain age/cjx/5-fold/val_1.csv
batch_size          : 32
num_workers         : 0
channel             : 16
embed_dim           : 128
num_heads           : 8
num_layers          : 6
hidden_dim          : 512
dropout             : 0.1
lambda_consistency  : 0.02
lambda_grad         : 0.1
noise_sigma         : 0.1
num_regions         : 117
lambda_rba          : 0.001
epochs              : 400
learning_rate       : 0.0001
weight_decay        : 0.01
scheduler_T0        : 200
scheduler_eta_min   : 1e-05
log_dir             : ./training_logs
experiment_name     : T1wRBA_Enhanced
augmentation        : True
reshape             : (91, 109, 91)
resume_from_checkpoint: None
2025-11-27 19:53:35,782 INFO 
Hyperparameters:
train_csv           : /home/caojiaxiang/brain age/cjx/5-fold/train_1.csv
val_csv             : /home/caojiaxiang/brain age/cjx/5-fold/val_1.csv
batch_size          : 32
num_workers         : 0
channel             : 16
embed_dim           : 128
num_heads           : 8
num_layers          : 6
hidden_dim          : 512
dropout             : 0.1
lambda_consistency  : 0.02
lambda_grad         : 0.1
noise_sigma         : 0.1
num_regions         : 117
lambda_rba          : 0.001
epochs              : 400
learning_rate       : 0.0001
weight_decay        : 0.01
scheduler_T0        : 200
scheduler_eta_min   : 1e-05
log_dir             : ./training_logs
experiment_name     : T1wRBA_Enhanced
augmentation        : True
reshape             : (91, 109, 91)
resume_from_checkpoint: None
2025-11-27 19:53:35,906 INFO 
Hyperparameters:
train_csv           : /home/caojiaxiang/brain age/cjx/5-fold/train_1.csv
val_csv             : /home/caojiaxiang/brain age/cjx/5-fold/val_1.csv
batch_size          : 32
num_workers         : 0
channel             : 16
embed_dim           : 128
num_heads           : 8
num_layers          : 6
hidden_dim          : 512
dropout             : 0.1
lambda_consistency  : 0.02
lambda_grad         : 0.1
noise_sigma         : 0.1
num_regions         : 117
lambda_rba          : 0.001
epochs              : 400
learning_rate       : 0.0001
weight_decay        : 0.01
scheduler_T0        : 200
scheduler_eta_min   : 1e-05
log_dir             : ./training_logs
experiment_name     : T1wRBA_Enhanced
augmentation        : True
reshape             : (91, 109, 91)
resume_from_checkpoint: None
2025-11-27 19:54:07,720 INFO 
Hyperparameters:
train_csv           : /home/caojiaxiang/brain age/cjx/5-fold/train_1.csv
val_csv             : /home/caojiaxiang/brain age/cjx/5-fold/val_1.csv
batch_size          : 32
num_workers         : 0
channel             : 16
embed_dim           : 128
num_heads           : 8
num_layers          : 6
hidden_dim          : 512
dropout             : 0.1
lambda_consistency  : 0.02
lambda_grad         : 0.1
noise_sigma         : 0.1
num_regions         : 117
lambda_rba          : 0.001
epochs              : 400
learning_rate       : 0.0001
weight_decay        : 0.01
scheduler_T0        : 200
scheduler_eta_min   : 1e-05
log_dir             : ./training_logs
experiment_name     : T1wRBA_Enhanced
augmentation        : True
reshape             : (91, 109, 91)
resume_from_checkpoint: None
2025-11-27 19:54:07,948 INFO 
Hyperparameters:
train_csv           : /home/caojiaxiang/brain age/cjx/5-fold/train_1.csv
val_csv             : /home/caojiaxiang/brain age/cjx/5-fold/val_1.csv
batch_size          : 32
num_workers         : 0
channel             : 16
embed_dim           : 128
num_heads           : 8
num_layers          : 6
hidden_dim          : 512
dropout             : 0.1
lambda_consistency  : 0.02
lambda_grad         : 0.1
noise_sigma         : 0.1
num_regions         : 117
lambda_rba          : 0.001
epochs              : 400
learning_rate       : 0.0001
weight_decay        : 0.01
scheduler_T0        : 200
scheduler_eta_min   : 1e-05
log_dir             : ./training_logs
experiment_name     : T1wRBA_Enhanced
augmentation        : True
reshape             : (91, 109, 91)
resume_from_checkpoint: None
2025-11-27 19:54:08,046 INFO 
Hyperparameters:
train_csv           : /home/caojiaxiang/brain age/cjx/5-fold/train_1.csv
val_csv             : /home/caojiaxiang/brain age/cjx/5-fold/val_1.csv
batch_size          : 32
num_workers         : 0
channel             : 16
embed_dim           : 128
num_heads           : 8
num_layers          : 6
hidden_dim          : 512
dropout             : 0.1
lambda_consistency  : 0.02
lambda_grad         : 0.1
noise_sigma         : 0.1
num_regions         : 117
lambda_rba          : 0.001
epochs              : 400
learning_rate       : 0.0001
weight_decay        : 0.01
scheduler_T0        : 200
scheduler_eta_min   : 1e-05
log_dir             : ./training_logs
experiment_name     : T1wRBA_Enhanced
augmentation        : True
reshape             : (91, 109, 91)
resume_from_checkpoint: None
2025-11-27 19:54:08,065 INFO 
Hyperparameters:
train_csv           : /home/caojiaxiang/brain age/cjx/5-fold/train_1.csv
val_csv             : /home/caojiaxiang/brain age/cjx/5-fold/val_1.csv
batch_size          : 32
num_workers         : 0
channel             : 16
embed_dim           : 128
num_heads           : 8
num_layers          : 6
hidden_dim          : 512
dropout             : 0.1
lambda_consistency  : 0.02
lambda_grad         : 0.1
noise_sigma         : 0.1
num_regions         : 117
lambda_rba          : 0.001
epochs              : 400
learning_rate       : 0.0001
weight_decay        : 0.01
scheduler_T0        : 200
scheduler_eta_min   : 1e-05
log_dir             : ./training_logs
experiment_name     : T1wRBA_Enhanced
augmentation        : True
reshape             : (91, 109, 91)
resume_from_checkpoint: None
2025-11-27 19:54:08,076 INFO 
Hyperparameters:
train_csv           : /home/caojiaxiang/brain age/cjx/5-fold/train_1.csv
val_csv             : /home/caojiaxiang/brain age/cjx/5-fold/val_1.csv
batch_size          : 32
num_workers         : 0
channel             : 16
embed_dim           : 128
num_heads           : 8
num_layers          : 6
hidden_dim          : 512
dropout             : 0.1
lambda_consistency  : 0.02
lambda_grad         : 0.1
noise_sigma         : 0.1
num_regions         : 117
lambda_rba          : 0.001
epochs              : 400
learning_rate       : 0.0001
weight_decay        : 0.01
scheduler_T0        : 200
scheduler_eta_min   : 1e-05
log_dir             : ./training_logs
experiment_name     : T1wRBA_Enhanced
augmentation        : True
reshape             : (91, 109, 91)
resume_from_checkpoint: None
2025-11-27 19:54:08,127 INFO 
Hyperparameters:
train_csv           : /home/caojiaxiang/brain age/cjx/5-fold/train_1.csv
val_csv             : /home/caojiaxiang/brain age/cjx/5-fold/val_1.csv
batch_size          : 32
num_workers         : 0
channel             : 16
embed_dim           : 128
num_heads           : 8
num_layers          : 6
hidden_dim          : 512
dropout             : 0.1
lambda_consistency  : 0.02
lambda_grad         : 0.1
noise_sigma         : 0.1
num_regions         : 117
lambda_rba          : 0.001
epochs              : 400
learning_rate       : 0.0001
weight_decay        : 0.01
scheduler_T0        : 200
scheduler_eta_min   : 1e-05
log_dir             : ./training_logs
experiment_name     : T1wRBA_Enhanced
augmentation        : True
reshape             : (91, 109, 91)
resume_from_checkpoint: None
2025-11-27 19:54:08,145 INFO 
Hyperparameters:
train_csv           : /home/caojiaxiang/brain age/cjx/5-fold/train_1.csv
val_csv             : /home/caojiaxiang/brain age/cjx/5-fold/val_1.csv
batch_size          : 32
num_workers         : 0
channel             : 16
embed_dim           : 128
num_heads           : 8
num_layers          : 6
hidden_dim          : 512
dropout             : 0.1
lambda_consistency  : 0.02
lambda_grad         : 0.1
noise_sigma         : 0.1
num_regions         : 117
lambda_rba          : 0.001
epochs              : 400
learning_rate       : 0.0001
weight_decay        : 0.01
scheduler_T0        : 200
scheduler_eta_min   : 1e-05
log_dir             : ./training_logs
experiment_name     : T1wRBA_Enhanced
augmentation        : True
reshape             : (91, 109, 91)
resume_from_checkpoint: None
2025-11-27 19:54:08,195 INFO 
Hyperparameters:
train_csv           : /home/caojiaxiang/brain age/cjx/5-fold/train_1.csv
val_csv             : /home/caojiaxiang/brain age/cjx/5-fold/val_1.csv
batch_size          : 32
num_workers         : 0
channel             : 16
embed_dim           : 128
num_heads           : 8
num_layers          : 6
hidden_dim          : 512
dropout             : 0.1
lambda_consistency  : 0.02
lambda_grad         : 0.1
noise_sigma         : 0.1
num_regions         : 117
lambda_rba          : 0.001
epochs              : 400
learning_rate       : 0.0001
weight_decay        : 0.01
scheduler_T0        : 200
scheduler_eta_min   : 1e-05
log_dir             : ./training_logs
experiment_name     : T1wRBA_Enhanced
augmentation        : True
reshape             : (91, 109, 91)
resume_from_checkpoint: None
2025-11-27 19:56:32,749 INFO 
Hyperparameters:
train_csv           : /home/caojiaxiang/brain age/cjx/5-fold/train_1.csv
val_csv             : /home/caojiaxiang/brain age/cjx/5-fold/val_1.csv
batch_size          : 32
num_workers         : 0
channel             : 16
embed_dim           : 128
num_heads           : 8
num_layers          : 6
hidden_dim          : 512
dropout             : 0.1
lambda_consistency  : 0.02
lambda_grad         : 0.1
noise_sigma         : 0.1
num_regions         : 117
lambda_rba          : 0.001
epochs              : 400
learning_rate       : 0.0001
weight_decay        : 0.01
scheduler_T0        : 200
scheduler_eta_min   : 1e-05
log_dir             : ./training_logs
experiment_name     : T1wRBA_Enhanced
augmentation        : True
reshape             : (91, 109, 91)
resume_from_checkpoint: None
2025-11-27 19:56:33,048 INFO 
Hyperparameters:
train_csv           : /home/caojiaxiang/brain age/cjx/5-fold/train_1.csv
val_csv             : /home/caojiaxiang/brain age/cjx/5-fold/val_1.csv
batch_size          : 32
num_workers         : 0
channel             : 16
embed_dim           : 128
num_heads           : 8
num_layers          : 6
hidden_dim          : 512
dropout             : 0.1
lambda_consistency  : 0.02
lambda_grad         : 0.1
noise_sigma         : 0.1
num_regions         : 117
lambda_rba          : 0.001
epochs              : 400
learning_rate       : 0.0001
weight_decay        : 0.01
scheduler_T0        : 200
scheduler_eta_min   : 1e-05
log_dir             : ./training_logs
experiment_name     : T1wRBA_Enhanced
augmentation        : True
reshape             : (91, 109, 91)
resume_from_checkpoint: None
2025-11-27 19:56:33,054 INFO 
Hyperparameters:
train_csv           : /home/caojiaxiang/brain age/cjx/5-fold/train_1.csv
val_csv             : /home/caojiaxiang/brain age/cjx/5-fold/val_1.csv
batch_size          : 32
num_workers         : 0
channel             : 16
embed_dim           : 128
num_heads           : 8
num_layers          : 6
hidden_dim          : 512
dropout             : 0.1
lambda_consistency  : 0.02
lambda_grad         : 0.1
noise_sigma         : 0.1
num_regions         : 117
lambda_rba          : 0.001
epochs              : 400
learning_rate       : 0.0001
weight_decay        : 0.01
scheduler_T0        : 200
scheduler_eta_min   : 1e-05
log_dir             : ./training_logs
experiment_name     : T1wRBA_Enhanced
augmentation        : True
reshape             : (91, 109, 91)
resume_from_checkpoint: None
2025-11-27 19:56:33,114 INFO 
Hyperparameters:
train_csv           : /home/caojiaxiang/brain age/cjx/5-fold/train_1.csv
val_csv             : /home/caojiaxiang/brain age/cjx/5-fold/val_1.csv
batch_size          : 32
num_workers         : 0
channel             : 16
embed_dim           : 128
num_heads           : 8
num_layers          : 6
hidden_dim          : 512
dropout             : 0.1
lambda_consistency  : 0.02
lambda_grad         : 0.1
noise_sigma         : 0.1
num_regions         : 117
lambda_rba          : 0.001
epochs              : 400
learning_rate       : 0.0001
weight_decay        : 0.01
scheduler_T0        : 200
scheduler_eta_min   : 1e-05
log_dir             : ./training_logs
experiment_name     : T1wRBA_Enhanced
augmentation        : True
reshape             : (91, 109, 91)
resume_from_checkpoint: None
2025-11-27 19:56:33,120 INFO 
Hyperparameters:
train_csv           : /home/caojiaxiang/brain age/cjx/5-fold/train_1.csv
val_csv             : /home/caojiaxiang/brain age/cjx/5-fold/val_1.csv
batch_size          : 32
num_workers         : 0
channel             : 16
embed_dim           : 128
num_heads           : 8
num_layers          : 6
hidden_dim          : 512
dropout             : 0.1
lambda_consistency  : 0.02
lambda_grad         : 0.1
noise_sigma         : 0.1
num_regions         : 117
lambda_rba          : 0.001
epochs              : 400
learning_rate       : 0.0001
weight_decay        : 0.01
scheduler_T0        : 200
scheduler_eta_min   : 1e-05
log_dir             : ./training_logs
experiment_name     : T1wRBA_Enhanced
augmentation        : True
reshape             : (91, 109, 91)
resume_from_checkpoint: None
2025-11-27 19:56:33,124 INFO 
Hyperparameters:
train_csv           : /home/caojiaxiang/brain age/cjx/5-fold/train_1.csv
val_csv             : /home/caojiaxiang/brain age/cjx/5-fold/val_1.csv
batch_size          : 32
num_workers         : 0
channel             : 16
embed_dim           : 128
num_heads           : 8
num_layers          : 6
hidden_dim          : 512
dropout             : 0.1
lambda_consistency  : 0.02
lambda_grad         : 0.1
noise_sigma         : 0.1
num_regions         : 117
lambda_rba          : 0.001
epochs              : 400
learning_rate       : 0.0001
weight_decay        : 0.01
scheduler_T0        : 200
scheduler_eta_min   : 1e-05
log_dir             : ./training_logs
experiment_name     : T1wRBA_Enhanced
augmentation        : True
reshape             : (91, 109, 91)
resume_from_checkpoint: None
2025-11-27 19:56:33,126 INFO 
Hyperparameters:
train_csv           : /home/caojiaxiang/brain age/cjx/5-fold/train_1.csv
val_csv             : /home/caojiaxiang/brain age/cjx/5-fold/val_1.csv
batch_size          : 32
num_workers         : 0
channel             : 16
embed_dim           : 128
num_heads           : 8
num_layers          : 6
hidden_dim          : 512
dropout             : 0.1
lambda_consistency  : 0.02
lambda_grad         : 0.1
noise_sigma         : 0.1
num_regions         : 117
lambda_rba          : 0.001
epochs              : 400
learning_rate       : 0.0001
weight_decay        : 0.01
scheduler_T0        : 200
scheduler_eta_min   : 1e-05
log_dir             : ./training_logs
experiment_name     : T1wRBA_Enhanced
augmentation        : True
reshape             : (91, 109, 91)
resume_from_checkpoint: None
2025-11-27 19:56:33,126 INFO 
Hyperparameters:
train_csv           : /home/caojiaxiang/brain age/cjx/5-fold/train_1.csv
val_csv             : /home/caojiaxiang/brain age/cjx/5-fold/val_1.csv
batch_size          : 32
num_workers         : 0
channel             : 16
embed_dim           : 128
num_heads           : 8
num_layers          : 6
hidden_dim          : 512
dropout             : 0.1
lambda_consistency  : 0.02
lambda_grad         : 0.1
noise_sigma         : 0.1
num_regions         : 117
lambda_rba          : 0.001
epochs              : 400
learning_rate       : 0.0001
weight_decay        : 0.01
scheduler_T0        : 200
scheduler_eta_min   : 1e-05
log_dir             : ./training_logs
experiment_name     : T1wRBA_Enhanced
augmentation        : True
reshape             : (91, 109, 91)
resume_from_checkpoint: None
2025-11-27 20:02:10,628 INFO 
Hyperparameters:
train_csv           : /home/caojiaxiang/brain age/cjx/5-fold/train_1.csv
val_csv             : /home/caojiaxiang/brain age/cjx/5-fold/val_1.csv
batch_size          : 32
num_workers         : 0
channel             : 16
embed_dim           : 128
num_heads           : 8
num_layers          : 6
hidden_dim          : 512
dropout             : 0.1
lambda_consistency  : 0.02
lambda_grad         : 0.1
noise_sigma         : 0.1
num_regions         : 117
lambda_rba          : 0.001
epochs              : 400
learning_rate       : 0.0001
weight_decay        : 0.01
scheduler_T0        : 200
scheduler_eta_min   : 1e-05
log_dir             : ./training_logs
experiment_name     : T1wRBA_Enhanced
augmentation        : True
reshape             : (91, 109, 91)
resume_from_checkpoint: None
2025-11-27 20:02:10,880 INFO 
Hyperparameters:
train_csv           : /home/caojiaxiang/brain age/cjx/5-fold/train_1.csv
val_csv             : /home/caojiaxiang/brain age/cjx/5-fold/val_1.csv
batch_size          : 32
num_workers         : 0
channel             : 16
embed_dim           : 128
num_heads           : 8
num_layers          : 6
hidden_dim          : 512
dropout             : 0.1
lambda_consistency  : 0.02
lambda_grad         : 0.1
noise_sigma         : 0.1
num_regions         : 117
lambda_rba          : 0.001
epochs              : 400
learning_rate       : 0.0001
weight_decay        : 0.01
scheduler_T0        : 200
scheduler_eta_min   : 1e-05
log_dir             : ./training_logs
experiment_name     : T1wRBA_Enhanced
augmentation        : True
reshape             : (91, 109, 91)
resume_from_checkpoint: None
2025-11-27 20:02:11,001 INFO 
Hyperparameters:
train_csv           : /home/caojiaxiang/brain age/cjx/5-fold/train_1.csv
val_csv             : /home/caojiaxiang/brain age/cjx/5-fold/val_1.csv
batch_size          : 32
num_workers         : 0
channel             : 16
embed_dim           : 128
num_heads           : 8
num_layers          : 6
hidden_dim          : 512
dropout             : 0.1
lambda_consistency  : 0.02
lambda_grad         : 0.1
noise_sigma         : 0.1
num_regions         : 117
lambda_rba          : 0.001
epochs              : 400
learning_rate       : 0.0001
weight_decay        : 0.01
scheduler_T0        : 200
scheduler_eta_min   : 1e-05
log_dir             : ./training_logs
experiment_name     : T1wRBA_Enhanced
augmentation        : True
reshape             : (91, 109, 91)
resume_from_checkpoint: None
2025-11-27 20:02:11,003 INFO 
Hyperparameters:
train_csv           : /home/caojiaxiang/brain age/cjx/5-fold/train_1.csv
val_csv             : /home/caojiaxiang/brain age/cjx/5-fold/val_1.csv
batch_size          : 32
num_workers         : 0
channel             : 16
embed_dim           : 128
num_heads           : 8
num_layers          : 6
hidden_dim          : 512
dropout             : 0.1
lambda_consistency  : 0.02
lambda_grad         : 0.1
noise_sigma         : 0.1
num_regions         : 117
lambda_rba          : 0.001
epochs              : 400
learning_rate       : 0.0001
weight_decay        : 0.01
scheduler_T0        : 200
scheduler_eta_min   : 1e-05
log_dir             : ./training_logs
experiment_name     : T1wRBA_Enhanced
augmentation        : True
reshape             : (91, 109, 91)
resume_from_checkpoint: None
2025-11-27 20:02:11,008 INFO 
Hyperparameters:
train_csv           : /home/caojiaxiang/brain age/cjx/5-fold/train_1.csv
val_csv             : /home/caojiaxiang/brain age/cjx/5-fold/val_1.csv
batch_size          : 32
num_workers         : 0
channel             : 16
embed_dim           : 128
num_heads           : 8
num_layers          : 6
hidden_dim          : 512
dropout             : 0.1
lambda_consistency  : 0.02
lambda_grad         : 0.1
noise_sigma         : 0.1
num_regions         : 117
lambda_rba          : 0.001
epochs              : 400
learning_rate       : 0.0001
weight_decay        : 0.01
scheduler_T0        : 200
scheduler_eta_min   : 1e-05
log_dir             : ./training_logs
experiment_name     : T1wRBA_Enhanced
augmentation        : True
reshape             : (91, 109, 91)
resume_from_checkpoint: None
2025-11-27 20:02:11,018 INFO 
Hyperparameters:
train_csv           : /home/caojiaxiang/brain age/cjx/5-fold/train_1.csv
val_csv             : /home/caojiaxiang/brain age/cjx/5-fold/val_1.csv
batch_size          : 32
num_workers         : 0
channel             : 16
embed_dim           : 128
num_heads           : 8
num_layers          : 6
hidden_dim          : 512
dropout             : 0.1
lambda_consistency  : 0.02
lambda_grad         : 0.1
noise_sigma         : 0.1
num_regions         : 117
lambda_rba          : 0.001
epochs              : 400
learning_rate       : 0.0001
weight_decay        : 0.01
scheduler_T0        : 200
scheduler_eta_min   : 1e-05
log_dir             : ./training_logs
experiment_name     : T1wRBA_Enhanced
augmentation        : True
reshape             : (91, 109, 91)
resume_from_checkpoint: None
2025-11-27 20:02:11,296 INFO 
Hyperparameters:
train_csv           : /home/caojiaxiang/brain age/cjx/5-fold/train_1.csv
val_csv             : /home/caojiaxiang/brain age/cjx/5-fold/val_1.csv
batch_size          : 32
num_workers         : 0
channel             : 16
embed_dim           : 128
num_heads           : 8
num_layers          : 6
hidden_dim          : 512
dropout             : 0.1
lambda_consistency  : 0.02
lambda_grad         : 0.1
noise_sigma         : 0.1
num_regions         : 117
lambda_rba          : 0.001
epochs              : 400
learning_rate       : 0.0001
weight_decay        : 0.01
scheduler_T0        : 200
scheduler_eta_min   : 1e-05
log_dir             : ./training_logs
experiment_name     : T1wRBA_Enhanced
augmentation        : True
reshape             : (91, 109, 91)
resume_from_checkpoint: None
2025-11-27 20:02:11,452 INFO 
Hyperparameters:
train_csv           : /home/caojiaxiang/brain age/cjx/5-fold/train_1.csv
val_csv             : /home/caojiaxiang/brain age/cjx/5-fold/val_1.csv
batch_size          : 32
num_workers         : 0
channel             : 16
embed_dim           : 128
num_heads           : 8
num_layers          : 6
hidden_dim          : 512
dropout             : 0.1
lambda_consistency  : 0.02
lambda_grad         : 0.1
noise_sigma         : 0.1
num_regions         : 117
lambda_rba          : 0.001
epochs              : 400
learning_rate       : 0.0001
weight_decay        : 0.01
scheduler_T0        : 200
scheduler_eta_min   : 1e-05
log_dir             : ./training_logs
experiment_name     : T1wRBA_Enhanced
augmentation        : True
reshape             : (91, 109, 91)
resume_from_checkpoint: None
2025-11-27 20:29:49,230 INFO 
Hyperparameters:
train_csv           : /home/caojiaxiang/brain age/cjx/5-fold/train_1.csv
val_csv             : /home/caojiaxiang/brain age/cjx/5-fold/val_1.csv
batch_size          : 32
num_workers         : 0
channel             : 16
embed_dim           : 128
num_heads           : 8
num_layers          : 6
hidden_dim          : 512
dropout             : 0.1
lambda_consistency  : 0.02
lambda_grad         : 0.1
noise_sigma         : 0.1
num_regions         : 117
lambda_rba          : 0.001
epochs              : 400
learning_rate       : 0.0001
weight_decay        : 0.01
scheduler_T0        : 200
scheduler_eta_min   : 1e-05
log_dir             : ./training_logs
experiment_name     : T1wRBA_Enhanced
augmentation        : True
reshape             : (91, 109, 91)
resume_from_checkpoint: None
2025-11-27 20:29:49,567 INFO 
Hyperparameters:
train_csv           : /home/caojiaxiang/brain age/cjx/5-fold/train_1.csv
val_csv             : /home/caojiaxiang/brain age/cjx/5-fold/val_1.csv
batch_size          : 32
num_workers         : 0
channel             : 16
embed_dim           : 128
num_heads           : 8
num_layers          : 6
hidden_dim          : 512
dropout             : 0.1
lambda_consistency  : 0.02
lambda_grad         : 0.1
noise_sigma         : 0.1
num_regions         : 117
lambda_rba          : 0.001
epochs              : 400
learning_rate       : 0.0001
weight_decay        : 0.01
scheduler_T0        : 200
scheduler_eta_min   : 1e-05
log_dir             : ./training_logs
experiment_name     : T1wRBA_Enhanced
augmentation        : True
reshape             : (91, 109, 91)
resume_from_checkpoint: None
2025-11-27 20:29:49,659 INFO 
Hyperparameters:
train_csv           : /home/caojiaxiang/brain age/cjx/5-fold/train_1.csv
val_csv             : /home/caojiaxiang/brain age/cjx/5-fold/val_1.csv
batch_size          : 32
num_workers         : 0
channel             : 16
embed_dim           : 128
num_heads           : 8
num_layers          : 6
hidden_dim          : 512
dropout             : 0.1
lambda_consistency  : 0.02
lambda_grad         : 0.1
noise_sigma         : 0.1
num_regions         : 117
lambda_rba          : 0.001
epochs              : 400
learning_rate       : 0.0001
weight_decay        : 0.01
scheduler_T0        : 200
scheduler_eta_min   : 1e-05
log_dir             : ./training_logs
experiment_name     : T1wRBA_Enhanced
augmentation        : True
reshape             : (91, 109, 91)
resume_from_checkpoint: None
2025-11-27 20:29:49,692 INFO 
Hyperparameters:
train_csv           : /home/caojiaxiang/brain age/cjx/5-fold/train_1.csv
val_csv             : /home/caojiaxiang/brain age/cjx/5-fold/val_1.csv
batch_size          : 32
num_workers         : 0
channel             : 16
embed_dim           : 128
num_heads           : 8
num_layers          : 6
hidden_dim          : 512
dropout             : 0.1
lambda_consistency  : 0.02
lambda_grad         : 0.1
noise_sigma         : 0.1
num_regions         : 117
lambda_rba          : 0.001
epochs              : 400
learning_rate       : 0.0001
weight_decay        : 0.01
scheduler_T0        : 200
scheduler_eta_min   : 1e-05
log_dir             : ./training_logs
experiment_name     : T1wRBA_Enhanced
augmentation        : True
reshape             : (91, 109, 91)
resume_from_checkpoint: None
2025-11-27 20:29:49,735 INFO 
Hyperparameters:
train_csv           : /home/caojiaxiang/brain age/cjx/5-fold/train_1.csv
val_csv             : /home/caojiaxiang/brain age/cjx/5-fold/val_1.csv
batch_size          : 32
num_workers         : 0
channel             : 16
embed_dim           : 128
num_heads           : 8
num_layers          : 6
hidden_dim          : 512
dropout             : 0.1
lambda_consistency  : 0.02
lambda_grad         : 0.1
noise_sigma         : 0.1
num_regions         : 117
lambda_rba          : 0.001
epochs              : 400
learning_rate       : 0.0001
weight_decay        : 0.01
scheduler_T0        : 200
scheduler_eta_min   : 1e-05
log_dir             : ./training_logs
experiment_name     : T1wRBA_Enhanced
augmentation        : True
reshape             : (91, 109, 91)
resume_from_checkpoint: None
2025-11-27 20:29:49,805 INFO 
Hyperparameters:
train_csv           : /home/caojiaxiang/brain age/cjx/5-fold/train_1.csv
val_csv             : /home/caojiaxiang/brain age/cjx/5-fold/val_1.csv
batch_size          : 32
num_workers         : 0
channel             : 16
embed_dim           : 128
num_heads           : 8
num_layers          : 6
hidden_dim          : 512
dropout             : 0.1
lambda_consistency  : 0.02
lambda_grad         : 0.1
noise_sigma         : 0.1
num_regions         : 117
lambda_rba          : 0.001
epochs              : 400
learning_rate       : 0.0001
weight_decay        : 0.01
scheduler_T0        : 200
scheduler_eta_min   : 1e-05
log_dir             : ./training_logs
experiment_name     : T1wRBA_Enhanced
augmentation        : True
reshape             : (91, 109, 91)
resume_from_checkpoint: None
2025-11-27 20:29:49,928 INFO 
Hyperparameters:
train_csv           : /home/caojiaxiang/brain age/cjx/5-fold/train_1.csv
val_csv             : /home/caojiaxiang/brain age/cjx/5-fold/val_1.csv
batch_size          : 32
num_workers         : 0
channel             : 16
embed_dim           : 128
num_heads           : 8
num_layers          : 6
hidden_dim          : 512
dropout             : 0.1
lambda_consistency  : 0.02
lambda_grad         : 0.1
noise_sigma         : 0.1
num_regions         : 117
lambda_rba          : 0.001
epochs              : 400
learning_rate       : 0.0001
weight_decay        : 0.01
scheduler_T0        : 200
scheduler_eta_min   : 1e-05
log_dir             : ./training_logs
experiment_name     : T1wRBA_Enhanced
augmentation        : True
reshape             : (91, 109, 91)
resume_from_checkpoint: None
2025-11-27 20:29:50,108 INFO 
Hyperparameters:
train_csv           : /home/caojiaxiang/brain age/cjx/5-fold/train_1.csv
val_csv             : /home/caojiaxiang/brain age/cjx/5-fold/val_1.csv
batch_size          : 32
num_workers         : 0
channel             : 16
embed_dim           : 128
num_heads           : 8
num_layers          : 6
hidden_dim          : 512
dropout             : 0.1
lambda_consistency  : 0.02
lambda_grad         : 0.1
noise_sigma         : 0.1
num_regions         : 117
lambda_rba          : 0.001
epochs              : 400
learning_rate       : 0.0001
weight_decay        : 0.01
scheduler_T0        : 200
scheduler_eta_min   : 1e-05
log_dir             : ./training_logs
experiment_name     : T1wRBA_Enhanced
augmentation        : True
reshape             : (91, 109, 91)
resume_from_checkpoint: None
2025-11-27 20:41:50,817 INFO 
Hyperparameters:
train_csv           : /home/caojiaxiang/brain age/cjx/5-fold/train_1.csv
val_csv             : /home/caojiaxiang/brain age/cjx/5-fold/val_1.csv
batch_size          : 32
num_workers         : 0
channel             : 16
embed_dim           : 128
num_heads           : 8
num_layers          : 6
hidden_dim          : 512
dropout             : 0.1
lambda_consistency  : 0.02
lambda_grad         : 0.1
noise_sigma         : 0.1
num_regions         : 117
lambda_rba          : 0.001
epochs              : 400
learning_rate       : 0.0001
weight_decay        : 0.01
scheduler_T0        : 200
scheduler_eta_min   : 1e-05
log_dir             : ./training_logs
experiment_name     : T1wRBA_Enhanced
augmentation        : True
reshape             : (91, 109, 91)
resume_from_checkpoint: None
2025-11-27 20:41:51,085 INFO 
Hyperparameters:
train_csv           : /home/caojiaxiang/brain age/cjx/5-fold/train_1.csv
val_csv             : /home/caojiaxiang/brain age/cjx/5-fold/val_1.csv
batch_size          : 32
num_workers         : 0
channel             : 16
embed_dim           : 128
num_heads           : 8
num_layers          : 6
hidden_dim          : 512
dropout             : 0.1
lambda_consistency  : 0.02
lambda_grad         : 0.1
noise_sigma         : 0.1
num_regions         : 117
lambda_rba          : 0.001
epochs              : 400
learning_rate       : 0.0001
weight_decay        : 0.01
scheduler_T0        : 200
scheduler_eta_min   : 1e-05
log_dir             : ./training_logs
experiment_name     : T1wRBA_Enhanced
augmentation        : True
reshape             : (91, 109, 91)
resume_from_checkpoint: None
2025-11-27 20:41:51,095 INFO 
Hyperparameters:
train_csv           : /home/caojiaxiang/brain age/cjx/5-fold/train_1.csv
val_csv             : /home/caojiaxiang/brain age/cjx/5-fold/val_1.csv
batch_size          : 32
num_workers         : 0
channel             : 16
embed_dim           : 128
num_heads           : 8
num_layers          : 6
hidden_dim          : 512
dropout             : 0.1
lambda_consistency  : 0.02
lambda_grad         : 0.1
noise_sigma         : 0.1
num_regions         : 117
lambda_rba          : 0.001
epochs              : 400
learning_rate       : 0.0001
weight_decay        : 0.01
scheduler_T0        : 200
scheduler_eta_min   : 1e-05
log_dir             : ./training_logs
experiment_name     : T1wRBA_Enhanced
augmentation        : True
reshape             : (91, 109, 91)
resume_from_checkpoint: None
2025-11-27 20:41:51,096 INFO 
Hyperparameters:
train_csv           : /home/caojiaxiang/brain age/cjx/5-fold/train_1.csv
val_csv             : /home/caojiaxiang/brain age/cjx/5-fold/val_1.csv
batch_size          : 32
num_workers         : 0
channel             : 16
embed_dim           : 128
num_heads           : 8
num_layers          : 6
hidden_dim          : 512
dropout             : 0.1
lambda_consistency  : 0.02
lambda_grad         : 0.1
noise_sigma         : 0.1
num_regions         : 117
lambda_rba          : 0.001
epochs              : 400
learning_rate       : 0.0001
weight_decay        : 0.01
scheduler_T0        : 200
scheduler_eta_min   : 1e-05
log_dir             : ./training_logs
experiment_name     : T1wRBA_Enhanced
augmentation        : True
reshape             : (91, 109, 91)
resume_from_checkpoint: None
2025-11-27 20:41:51,106 INFO 
Hyperparameters:
train_csv           : /home/caojiaxiang/brain age/cjx/5-fold/train_1.csv
val_csv             : /home/caojiaxiang/brain age/cjx/5-fold/val_1.csv
batch_size          : 32
num_workers         : 0
channel             : 16
embed_dim           : 128
num_heads           : 8
num_layers          : 6
hidden_dim          : 512
dropout             : 0.1
lambda_consistency  : 0.02
lambda_grad         : 0.1
noise_sigma         : 0.1
num_regions         : 117
lambda_rba          : 0.001
epochs              : 400
learning_rate       : 0.0001
weight_decay        : 0.01
scheduler_T0        : 200
scheduler_eta_min   : 1e-05
log_dir             : ./training_logs
experiment_name     : T1wRBA_Enhanced
augmentation        : True
reshape             : (91, 109, 91)
resume_from_checkpoint: None
2025-11-27 20:41:51,139 INFO 
Hyperparameters:
train_csv           : /home/caojiaxiang/brain age/cjx/5-fold/train_1.csv
val_csv             : /home/caojiaxiang/brain age/cjx/5-fold/val_1.csv
batch_size          : 32
num_workers         : 0
channel             : 16
embed_dim           : 128
num_heads           : 8
num_layers          : 6
hidden_dim          : 512
dropout             : 0.1
lambda_consistency  : 0.02
lambda_grad         : 0.1
noise_sigma         : 0.1
num_regions         : 117
lambda_rba          : 0.001
epochs              : 400
learning_rate       : 0.0001
weight_decay        : 0.01
scheduler_T0        : 200
scheduler_eta_min   : 1e-05
log_dir             : ./training_logs
experiment_name     : T1wRBA_Enhanced
augmentation        : True
reshape             : (91, 109, 91)
resume_from_checkpoint: None
2025-11-27 20:41:51,160 INFO 
Hyperparameters:
train_csv           : /home/caojiaxiang/brain age/cjx/5-fold/train_1.csv
val_csv             : /home/caojiaxiang/brain age/cjx/5-fold/val_1.csv
batch_size          : 32
num_workers         : 0
channel             : 16
embed_dim           : 128
num_heads           : 8
num_layers          : 6
hidden_dim          : 512
dropout             : 0.1
lambda_consistency  : 0.02
lambda_grad         : 0.1
noise_sigma         : 0.1
num_regions         : 117
lambda_rba          : 0.001
epochs              : 400
learning_rate       : 0.0001
weight_decay        : 0.01
scheduler_T0        : 200
scheduler_eta_min   : 1e-05
log_dir             : ./training_logs
experiment_name     : T1wRBA_Enhanced
augmentation        : True
reshape             : (91, 109, 91)
resume_from_checkpoint: None
2025-11-27 20:41:51,243 INFO 
Hyperparameters:
train_csv           : /home/caojiaxiang/brain age/cjx/5-fold/train_1.csv
val_csv             : /home/caojiaxiang/brain age/cjx/5-fold/val_1.csv
batch_size          : 32
num_workers         : 0
channel             : 16
embed_dim           : 128
num_heads           : 8
num_layers          : 6
hidden_dim          : 512
dropout             : 0.1
lambda_consistency  : 0.02
lambda_grad         : 0.1
noise_sigma         : 0.1
num_regions         : 117
lambda_rba          : 0.001
epochs              : 400
learning_rate       : 0.0001
weight_decay        : 0.01
scheduler_T0        : 200
scheduler_eta_min   : 1e-05
log_dir             : ./training_logs
experiment_name     : T1wRBA_Enhanced
augmentation        : True
reshape             : (91, 109, 91)
resume_from_checkpoint: None
2025-11-27 20:43:01,877 INFO 
Hyperparameters:
train_csv           : /home/caojiaxiang/brain age/cjx/5-fold/train_1.csv
val_csv             : /home/caojiaxiang/brain age/cjx/5-fold/val_1.csv
batch_size          : 32
num_workers         : 0
channel             : 16
embed_dim           : 128
num_heads           : 8
num_layers          : 6
hidden_dim          : 512
dropout             : 0.1
lambda_consistency  : 0.02
lambda_grad         : 0.1
noise_sigma         : 0.1
num_regions         : 117
lambda_rba          : 0.001
epochs              : 400
learning_rate       : 0.0001
weight_decay        : 0.01
scheduler_T0        : 200
scheduler_eta_min   : 1e-05
log_dir             : ./training_logs
experiment_name     : T1wRBA_Enhanced
augmentation        : True
reshape             : (91, 109, 91)
resume_from_checkpoint: None
2025-11-27 20:43:02,131 INFO 
Hyperparameters:
train_csv           : /home/caojiaxiang/brain age/cjx/5-fold/train_1.csv
val_csv             : /home/caojiaxiang/brain age/cjx/5-fold/val_1.csv
batch_size          : 32
num_workers         : 0
channel             : 16
embed_dim           : 128
num_heads           : 8
num_layers          : 6
hidden_dim          : 512
dropout             : 0.1
lambda_consistency  : 0.02
lambda_grad         : 0.1
noise_sigma         : 0.1
num_regions         : 117
lambda_rba          : 0.001
epochs              : 400
learning_rate       : 0.0001
weight_decay        : 0.01
scheduler_T0        : 200
scheduler_eta_min   : 1e-05
log_dir             : ./training_logs
experiment_name     : T1wRBA_Enhanced
augmentation        : True
reshape             : (91, 109, 91)
resume_from_checkpoint: None
2025-11-27 20:43:02,158 INFO 
Hyperparameters:
train_csv           : /home/caojiaxiang/brain age/cjx/5-fold/train_1.csv
val_csv             : /home/caojiaxiang/brain age/cjx/5-fold/val_1.csv
batch_size          : 32
num_workers         : 0
channel             : 16
embed_dim           : 128
num_heads           : 8
num_layers          : 6
hidden_dim          : 512
dropout             : 0.1
lambda_consistency  : 0.02
lambda_grad         : 0.1
noise_sigma         : 0.1
num_regions         : 117
lambda_rba          : 0.001
epochs              : 400
learning_rate       : 0.0001
weight_decay        : 0.01
scheduler_T0        : 200
scheduler_eta_min   : 1e-05
log_dir             : ./training_logs
experiment_name     : T1wRBA_Enhanced
augmentation        : True
reshape             : (91, 109, 91)
resume_from_checkpoint: None
2025-11-27 20:43:02,209 INFO 
Hyperparameters:
train_csv           : /home/caojiaxiang/brain age/cjx/5-fold/train_1.csv
val_csv             : /home/caojiaxiang/brain age/cjx/5-fold/val_1.csv
batch_size          : 32
num_workers         : 0
channel             : 16
embed_dim           : 128
num_heads           : 8
num_layers          : 6
hidden_dim          : 512
dropout             : 0.1
lambda_consistency  : 0.02
lambda_grad         : 0.1
noise_sigma         : 0.1
num_regions         : 117
lambda_rba          : 0.001
epochs              : 400
learning_rate       : 0.0001
weight_decay        : 0.01
scheduler_T0        : 200
scheduler_eta_min   : 1e-05
log_dir             : ./training_logs
experiment_name     : T1wRBA_Enhanced
augmentation        : True
reshape             : (91, 109, 91)
resume_from_checkpoint: None
2025-11-27 20:43:02,242 INFO 
Hyperparameters:
train_csv           : /home/caojiaxiang/brain age/cjx/5-fold/train_1.csv
val_csv             : /home/caojiaxiang/brain age/cjx/5-fold/val_1.csv
batch_size          : 32
num_workers         : 0
channel             : 16
embed_dim           : 128
num_heads           : 8
num_layers          : 6
hidden_dim          : 512
dropout             : 0.1
lambda_consistency  : 0.02
lambda_grad         : 0.1
noise_sigma         : 0.1
num_regions         : 117
lambda_rba          : 0.001
epochs              : 400
learning_rate       : 0.0001
weight_decay        : 0.01
scheduler_T0        : 200
scheduler_eta_min   : 1e-05
log_dir             : ./training_logs
experiment_name     : T1wRBA_Enhanced
augmentation        : True
reshape             : (91, 109, 91)
resume_from_checkpoint: None
2025-11-27 20:43:02,267 INFO 
Hyperparameters:
train_csv           : /home/caojiaxiang/brain age/cjx/5-fold/train_1.csv
val_csv             : /home/caojiaxiang/brain age/cjx/5-fold/val_1.csv
batch_size          : 32
num_workers         : 0
channel             : 16
embed_dim           : 128
num_heads           : 8
num_layers          : 6
hidden_dim          : 512
dropout             : 0.1
lambda_consistency  : 0.02
lambda_grad         : 0.1
noise_sigma         : 0.1
num_regions         : 117
lambda_rba          : 0.001
epochs              : 400
learning_rate       : 0.0001
weight_decay        : 0.01
scheduler_T0        : 200
scheduler_eta_min   : 1e-05
log_dir             : ./training_logs
experiment_name     : T1wRBA_Enhanced
augmentation        : True
reshape             : (91, 109, 91)
resume_from_checkpoint: None
2025-11-27 20:43:02,276 INFO 
Hyperparameters:
train_csv           : /home/caojiaxiang/brain age/cjx/5-fold/train_1.csv
val_csv             : /home/caojiaxiang/brain age/cjx/5-fold/val_1.csv
batch_size          : 32
num_workers         : 0
channel             : 16
embed_dim           : 128
num_heads           : 8
num_layers          : 6
hidden_dim          : 512
dropout             : 0.1
lambda_consistency  : 0.02
lambda_grad         : 0.1
noise_sigma         : 0.1
num_regions         : 117
lambda_rba          : 0.001
epochs              : 400
learning_rate       : 0.0001
weight_decay        : 0.01
scheduler_T0        : 200
scheduler_eta_min   : 1e-05
log_dir             : ./training_logs
experiment_name     : T1wRBA_Enhanced
augmentation        : True
reshape             : (91, 109, 91)
resume_from_checkpoint: None
2025-11-27 20:43:02,351 INFO 
Hyperparameters:
train_csv           : /home/caojiaxiang/brain age/cjx/5-fold/train_1.csv
val_csv             : /home/caojiaxiang/brain age/cjx/5-fold/val_1.csv
batch_size          : 32
num_workers         : 0
channel             : 16
embed_dim           : 128
num_heads           : 8
num_layers          : 6
hidden_dim          : 512
dropout             : 0.1
lambda_consistency  : 0.02
lambda_grad         : 0.1
noise_sigma         : 0.1
num_regions         : 117
lambda_rba          : 0.001
epochs              : 400
learning_rate       : 0.0001
weight_decay        : 0.01
scheduler_T0        : 200
scheduler_eta_min   : 1e-05
log_dir             : ./training_logs
experiment_name     : T1wRBA_Enhanced
augmentation        : True
reshape             : (91, 109, 91)
resume_from_checkpoint: None
2025-11-27 20:44:07,115 INFO 
Hyperparameters:
train_csv           : /home/caojiaxiang/brain age/cjx/5-fold/train_1.csv
val_csv             : /home/caojiaxiang/brain age/cjx/5-fold/val_1.csv
batch_size          : 32
num_workers         : 0
channel             : 16
embed_dim           : 128
num_heads           : 8
num_layers          : 6
hidden_dim          : 512
dropout             : 0.1
lambda_consistency  : 0.02
lambda_grad         : 0.1
noise_sigma         : 0.1
num_regions         : 117
lambda_rba          : 0.001
epochs              : 400
learning_rate       : 0.0001
weight_decay        : 0.01
scheduler_T0        : 200
scheduler_eta_min   : 1e-05
log_dir             : ./training_logs
experiment_name     : T1wRBA_Enhanced
augmentation        : True
reshape             : (91, 109, 91)
resume_from_checkpoint: None
2025-11-27 20:44:07,231 INFO 
Hyperparameters:
train_csv           : /home/caojiaxiang/brain age/cjx/5-fold/train_1.csv
val_csv             : /home/caojiaxiang/brain age/cjx/5-fold/val_1.csv
batch_size          : 32
num_workers         : 0
channel             : 16
embed_dim           : 128
num_heads           : 8
num_layers          : 6
hidden_dim          : 512
dropout             : 0.1
lambda_consistency  : 0.02
lambda_grad         : 0.1
noise_sigma         : 0.1
num_regions         : 117
lambda_rba          : 0.001
epochs              : 400
learning_rate       : 0.0001
weight_decay        : 0.01
scheduler_T0        : 200
scheduler_eta_min   : 1e-05
log_dir             : ./training_logs
experiment_name     : T1wRBA_Enhanced
augmentation        : True
reshape             : (91, 109, 91)
resume_from_checkpoint: None
2025-11-27 20:44:07,447 INFO 
Hyperparameters:
train_csv           : /home/caojiaxiang/brain age/cjx/5-fold/train_1.csv
val_csv             : /home/caojiaxiang/brain age/cjx/5-fold/val_1.csv
batch_size          : 32
num_workers         : 0
channel             : 16
embed_dim           : 128
num_heads           : 8
num_layers          : 6
hidden_dim          : 512
dropout             : 0.1
lambda_consistency  : 0.02
lambda_grad         : 0.1
noise_sigma         : 0.1
num_regions         : 117
lambda_rba          : 0.001
epochs              : 400
learning_rate       : 0.0001
weight_decay        : 0.01
scheduler_T0        : 200
scheduler_eta_min   : 1e-05
log_dir             : ./training_logs
experiment_name     : T1wRBA_Enhanced
augmentation        : True
reshape             : (91, 109, 91)
resume_from_checkpoint: None
2025-11-27 20:44:07,553 INFO 
Hyperparameters:
train_csv           : /home/caojiaxiang/brain age/cjx/5-fold/train_1.csv
val_csv             : /home/caojiaxiang/brain age/cjx/5-fold/val_1.csv
batch_size          : 32
num_workers         : 0
channel             : 16
embed_dim           : 128
num_heads           : 8
num_layers          : 6
hidden_dim          : 512
dropout             : 0.1
lambda_consistency  : 0.02
lambda_grad         : 0.1
noise_sigma         : 0.1
num_regions         : 117
lambda_rba          : 0.001
epochs              : 400
learning_rate       : 0.0001
weight_decay        : 0.01
scheduler_T0        : 200
scheduler_eta_min   : 1e-05
log_dir             : ./training_logs
experiment_name     : T1wRBA_Enhanced
augmentation        : True
reshape             : (91, 109, 91)
resume_from_checkpoint: None
2025-11-27 20:44:07,744 INFO 
Hyperparameters:
train_csv           : /home/caojiaxiang/brain age/cjx/5-fold/train_1.csv
val_csv             : /home/caojiaxiang/brain age/cjx/5-fold/val_1.csv
batch_size          : 32
num_workers         : 0
channel             : 16
embed_dim           : 128
num_heads           : 8
num_layers          : 6
hidden_dim          : 512
dropout             : 0.1
lambda_consistency  : 0.02
lambda_grad         : 0.1
noise_sigma         : 0.1
num_regions         : 117
lambda_rba          : 0.001
epochs              : 400
learning_rate       : 0.0001
weight_decay        : 0.01
scheduler_T0        : 200
scheduler_eta_min   : 1e-05
log_dir             : ./training_logs
experiment_name     : T1wRBA_Enhanced
augmentation        : True
reshape             : (91, 109, 91)
resume_from_checkpoint: None
2025-11-27 20:44:07,832 INFO 
Hyperparameters:
train_csv           : /home/caojiaxiang/brain age/cjx/5-fold/train_1.csv
val_csv             : /home/caojiaxiang/brain age/cjx/5-fold/val_1.csv
batch_size          : 32
num_workers         : 0
channel             : 16
embed_dim           : 128
num_heads           : 8
num_layers          : 6
hidden_dim          : 512
dropout             : 0.1
lambda_consistency  : 0.02
lambda_grad         : 0.1
noise_sigma         : 0.1
num_regions         : 117
lambda_rba          : 0.001
epochs              : 400
learning_rate       : 0.0001
weight_decay        : 0.01
scheduler_T0        : 200
scheduler_eta_min   : 1e-05
log_dir             : ./training_logs
experiment_name     : T1wRBA_Enhanced
augmentation        : True
reshape             : (91, 109, 91)
resume_from_checkpoint: None
2025-11-27 20:44:07,849 INFO 
Hyperparameters:
train_csv           : /home/caojiaxiang/brain age/cjx/5-fold/train_1.csv
val_csv             : /home/caojiaxiang/brain age/cjx/5-fold/val_1.csv
batch_size          : 32
num_workers         : 0
channel             : 16
embed_dim           : 128
num_heads           : 8
num_layers          : 6
hidden_dim          : 512
dropout             : 0.1
lambda_consistency  : 0.02
lambda_grad         : 0.1
noise_sigma         : 0.1
num_regions         : 117
lambda_rba          : 0.001
epochs              : 400
learning_rate       : 0.0001
weight_decay        : 0.01
scheduler_T0        : 200
scheduler_eta_min   : 1e-05
log_dir             : ./training_logs
experiment_name     : T1wRBA_Enhanced
augmentation        : True
reshape             : (91, 109, 91)
resume_from_checkpoint: None
2025-11-27 20:44:07,893 INFO 
Hyperparameters:
train_csv           : /home/caojiaxiang/brain age/cjx/5-fold/train_1.csv
val_csv             : /home/caojiaxiang/brain age/cjx/5-fold/val_1.csv
batch_size          : 32
num_workers         : 0
channel             : 16
embed_dim           : 128
num_heads           : 8
num_layers          : 6
hidden_dim          : 512
dropout             : 0.1
lambda_consistency  : 0.02
lambda_grad         : 0.1
noise_sigma         : 0.1
num_regions         : 117
lambda_rba          : 0.001
epochs              : 400
learning_rate       : 0.0001
weight_decay        : 0.01
scheduler_T0        : 200
scheduler_eta_min   : 1e-05
log_dir             : ./training_logs
experiment_name     : T1wRBA_Enhanced
augmentation        : True
reshape             : (91, 109, 91)
resume_from_checkpoint: None
2025-11-27 20:46:04,677 INFO 
Hyperparameters:
train_csv           : /home/caojiaxiang/brain age/cjx/5-fold/train_1.csv
val_csv             : /home/caojiaxiang/brain age/cjx/5-fold/val_1.csv
batch_size          : 32
num_workers         : 0
channel             : 16
embed_dim           : 128
num_heads           : 8
num_layers          : 6
hidden_dim          : 512
dropout             : 0.1
lambda_consistency  : 0.02
lambda_grad         : 0.1
noise_sigma         : 0.1
num_regions         : 117
lambda_rba          : 0.001
epochs              : 400
learning_rate       : 0.0001
weight_decay        : 0.01
scheduler_T0        : 200
scheduler_eta_min   : 1e-05
log_dir             : ./training_logs
experiment_name     : T1wRBA_Enhanced
augmentation        : True
reshape             : (91, 109, 91)
resume_from_checkpoint: None
2025-11-27 20:46:04,901 INFO 
Hyperparameters:
train_csv           : /home/caojiaxiang/brain age/cjx/5-fold/train_1.csv
val_csv             : /home/caojiaxiang/brain age/cjx/5-fold/val_1.csv
batch_size          : 32
num_workers         : 0
channel             : 16
embed_dim           : 128
num_heads           : 8
num_layers          : 6
hidden_dim          : 512
dropout             : 0.1
lambda_consistency  : 0.02
lambda_grad         : 0.1
noise_sigma         : 0.1
num_regions         : 117
lambda_rba          : 0.001
epochs              : 400
learning_rate       : 0.0001
weight_decay        : 0.01
scheduler_T0        : 200
scheduler_eta_min   : 1e-05
log_dir             : ./training_logs
experiment_name     : T1wRBA_Enhanced
augmentation        : True
reshape             : (91, 109, 91)
resume_from_checkpoint: None
2025-11-27 20:46:04,902 INFO 
Hyperparameters:
train_csv           : /home/caojiaxiang/brain age/cjx/5-fold/train_1.csv
val_csv             : /home/caojiaxiang/brain age/cjx/5-fold/val_1.csv
batch_size          : 32
num_workers         : 0
channel             : 16
embed_dim           : 128
num_heads           : 8
num_layers          : 6
hidden_dim          : 512
dropout             : 0.1
lambda_consistency  : 0.02
lambda_grad         : 0.1
noise_sigma         : 0.1
num_regions         : 117
lambda_rba          : 0.001
epochs              : 400
learning_rate       : 0.0001
weight_decay        : 0.01
scheduler_T0        : 200
scheduler_eta_min   : 1e-05
log_dir             : ./training_logs
experiment_name     : T1wRBA_Enhanced
augmentation        : True
reshape             : (91, 109, 91)
resume_from_checkpoint: None
2025-11-27 20:46:05,016 INFO 
Hyperparameters:
train_csv           : /home/caojiaxiang/brain age/cjx/5-fold/train_1.csv
val_csv             : /home/caojiaxiang/brain age/cjx/5-fold/val_1.csv
batch_size          : 32
num_workers         : 0
channel             : 16
embed_dim           : 128
num_heads           : 8
num_layers          : 6
hidden_dim          : 512
dropout             : 0.1
lambda_consistency  : 0.02
lambda_grad         : 0.1
noise_sigma         : 0.1
num_regions         : 117
lambda_rba          : 0.001
epochs              : 400
learning_rate       : 0.0001
weight_decay        : 0.01
scheduler_T0        : 200
scheduler_eta_min   : 1e-05
log_dir             : ./training_logs
experiment_name     : T1wRBA_Enhanced
augmentation        : True
reshape             : (91, 109, 91)
resume_from_checkpoint: None
2025-11-27 20:46:05,046 INFO 
Hyperparameters:
train_csv           : /home/caojiaxiang/brain age/cjx/5-fold/train_1.csv
val_csv             : /home/caojiaxiang/brain age/cjx/5-fold/val_1.csv
batch_size          : 32
num_workers         : 0
channel             : 16
embed_dim           : 128
num_heads           : 8
num_layers          : 6
hidden_dim          : 512
dropout             : 0.1
lambda_consistency  : 0.02
lambda_grad         : 0.1
noise_sigma         : 0.1
num_regions         : 117
lambda_rba          : 0.001
epochs              : 400
learning_rate       : 0.0001
weight_decay        : 0.01
scheduler_T0        : 200
scheduler_eta_min   : 1e-05
log_dir             : ./training_logs
experiment_name     : T1wRBA_Enhanced
augmentation        : True
reshape             : (91, 109, 91)
resume_from_checkpoint: None
2025-11-27 20:46:05,056 INFO 
Hyperparameters:
train_csv           : /home/caojiaxiang/brain age/cjx/5-fold/train_1.csv
val_csv             : /home/caojiaxiang/brain age/cjx/5-fold/val_1.csv
batch_size          : 32
num_workers         : 0
channel             : 16
embed_dim           : 128
num_heads           : 8
num_layers          : 6
hidden_dim          : 512
dropout             : 0.1
lambda_consistency  : 0.02
lambda_grad         : 0.1
noise_sigma         : 0.1
num_regions         : 117
lambda_rba          : 0.001
epochs              : 400
learning_rate       : 0.0001
weight_decay        : 0.01
scheduler_T0        : 200
scheduler_eta_min   : 1e-05
log_dir             : ./training_logs
experiment_name     : T1wRBA_Enhanced
augmentation        : True
reshape             : (91, 109, 91)
resume_from_checkpoint: None
2025-11-27 20:46:05,162 INFO 
Hyperparameters:
train_csv           : /home/caojiaxiang/brain age/cjx/5-fold/train_1.csv
val_csv             : /home/caojiaxiang/brain age/cjx/5-fold/val_1.csv
batch_size          : 32
num_workers         : 0
channel             : 16
embed_dim           : 128
num_heads           : 8
num_layers          : 6
hidden_dim          : 512
dropout             : 0.1
lambda_consistency  : 0.02
lambda_grad         : 0.1
noise_sigma         : 0.1
num_regions         : 117
lambda_rba          : 0.001
epochs              : 400
learning_rate       : 0.0001
weight_decay        : 0.01
scheduler_T0        : 200
scheduler_eta_min   : 1e-05
log_dir             : ./training_logs
experiment_name     : T1wRBA_Enhanced
augmentation        : True
reshape             : (91, 109, 91)
resume_from_checkpoint: None
2025-11-27 20:46:05,172 INFO 
Hyperparameters:
train_csv           : /home/caojiaxiang/brain age/cjx/5-fold/train_1.csv
val_csv             : /home/caojiaxiang/brain age/cjx/5-fold/val_1.csv
batch_size          : 32
num_workers         : 0
channel             : 16
embed_dim           : 128
num_heads           : 8
num_layers          : 6
hidden_dim          : 512
dropout             : 0.1
lambda_consistency  : 0.02
lambda_grad         : 0.1
noise_sigma         : 0.1
num_regions         : 117
lambda_rba          : 0.001
epochs              : 400
learning_rate       : 0.0001
weight_decay        : 0.01
scheduler_T0        : 200
scheduler_eta_min   : 1e-05
log_dir             : ./training_logs
experiment_name     : T1wRBA_Enhanced
augmentation        : True
reshape             : (91, 109, 91)
resume_from_checkpoint: None
2025-11-27 20:48:30,554 INFO 
Hyperparameters:
train_csv           : /home/caojiaxiang/brain age/cjx/5-fold/train_1.csv
val_csv             : /home/caojiaxiang/brain age/cjx/5-fold/val_1.csv
batch_size          : 32
num_workers         : 0
channel             : 16
embed_dim           : 128
num_heads           : 8
num_layers          : 6
hidden_dim          : 512
dropout             : 0.1
lambda_consistency  : 0.02
lambda_grad         : 0.1
noise_sigma         : 0.1
num_regions         : 117
lambda_rba          : 0.001
epochs              : 400
learning_rate       : 0.0001
weight_decay        : 0.01
scheduler_T0        : 200
scheduler_eta_min   : 1e-05
log_dir             : ./training_logs
experiment_name     : T1wRBA_Enhanced
augmentation        : True
reshape             : (91, 109, 91)
resume_from_checkpoint: None
2025-11-27 20:48:30,644 INFO 
Hyperparameters:
train_csv           : /home/caojiaxiang/brain age/cjx/5-fold/train_1.csv
val_csv             : /home/caojiaxiang/brain age/cjx/5-fold/val_1.csv
batch_size          : 32
num_workers         : 0
channel             : 16
embed_dim           : 128
num_heads           : 8
num_layers          : 6
hidden_dim          : 512
dropout             : 0.1
lambda_consistency  : 0.02
lambda_grad         : 0.1
noise_sigma         : 0.1
num_regions         : 117
lambda_rba          : 0.001
epochs              : 400
learning_rate       : 0.0001
weight_decay        : 0.01
scheduler_T0        : 200
scheduler_eta_min   : 1e-05
log_dir             : ./training_logs
experiment_name     : T1wRBA_Enhanced
augmentation        : True
reshape             : (91, 109, 91)
resume_from_checkpoint: None
2025-11-27 20:48:30,685 INFO 
Hyperparameters:
train_csv           : /home/caojiaxiang/brain age/cjx/5-fold/train_1.csv
val_csv             : /home/caojiaxiang/brain age/cjx/5-fold/val_1.csv
batch_size          : 32
num_workers         : 0
channel             : 16
embed_dim           : 128
num_heads           : 8
num_layers          : 6
hidden_dim          : 512
dropout             : 0.1
lambda_consistency  : 0.02
lambda_grad         : 0.1
noise_sigma         : 0.1
num_regions         : 117
lambda_rba          : 0.001
epochs              : 400
learning_rate       : 0.0001
weight_decay        : 0.01
scheduler_T0        : 200
scheduler_eta_min   : 1e-05
log_dir             : ./training_logs
experiment_name     : T1wRBA_Enhanced
augmentation        : True
reshape             : (91, 109, 91)
resume_from_checkpoint: None
2025-11-27 20:48:30,708 INFO 
Hyperparameters:
train_csv           : /home/caojiaxiang/brain age/cjx/5-fold/train_1.csv
val_csv             : /home/caojiaxiang/brain age/cjx/5-fold/val_1.csv
batch_size          : 32
num_workers         : 0
channel             : 16
embed_dim           : 128
num_heads           : 8
num_layers          : 6
hidden_dim          : 512
dropout             : 0.1
lambda_consistency  : 0.02
lambda_grad         : 0.1
noise_sigma         : 0.1
num_regions         : 117
lambda_rba          : 0.001
epochs              : 400
learning_rate       : 0.0001
weight_decay        : 0.01
scheduler_T0        : 200
scheduler_eta_min   : 1e-05
log_dir             : ./training_logs
experiment_name     : T1wRBA_Enhanced
augmentation        : True
reshape             : (91, 109, 91)
resume_from_checkpoint: None
2025-11-27 20:48:30,734 INFO 
Hyperparameters:
train_csv           : /home/caojiaxiang/brain age/cjx/5-fold/train_1.csv
val_csv             : /home/caojiaxiang/brain age/cjx/5-fold/val_1.csv
batch_size          : 32
num_workers         : 0
channel             : 16
embed_dim           : 128
num_heads           : 8
num_layers          : 6
hidden_dim          : 512
dropout             : 0.1
lambda_consistency  : 0.02
lambda_grad         : 0.1
noise_sigma         : 0.1
num_regions         : 117
lambda_rba          : 0.001
epochs              : 400
learning_rate       : 0.0001
weight_decay        : 0.01
scheduler_T0        : 200
scheduler_eta_min   : 1e-05
log_dir             : ./training_logs
experiment_name     : T1wRBA_Enhanced
augmentation        : True
reshape             : (91, 109, 91)
resume_from_checkpoint: None
2025-11-27 20:48:30,773 INFO 
Hyperparameters:
train_csv           : /home/caojiaxiang/brain age/cjx/5-fold/train_1.csv
val_csv             : /home/caojiaxiang/brain age/cjx/5-fold/val_1.csv
batch_size          : 32
num_workers         : 0
channel             : 16
embed_dim           : 128
num_heads           : 8
num_layers          : 6
hidden_dim          : 512
dropout             : 0.1
lambda_consistency  : 0.02
lambda_grad         : 0.1
noise_sigma         : 0.1
num_regions         : 117
lambda_rba          : 0.001
epochs              : 400
learning_rate       : 0.0001
weight_decay        : 0.01
scheduler_T0        : 200
scheduler_eta_min   : 1e-05
log_dir             : ./training_logs
experiment_name     : T1wRBA_Enhanced
augmentation        : True
reshape             : (91, 109, 91)
resume_from_checkpoint: None
2025-11-27 20:48:30,786 INFO 
Hyperparameters:
train_csv           : /home/caojiaxiang/brain age/cjx/5-fold/train_1.csv
val_csv             : /home/caojiaxiang/brain age/cjx/5-fold/val_1.csv
batch_size          : 32
num_workers         : 0
channel             : 16
embed_dim           : 128
num_heads           : 8
num_layers          : 6
hidden_dim          : 512
dropout             : 0.1
lambda_consistency  : 0.02
lambda_grad         : 0.1
noise_sigma         : 0.1
num_regions         : 117
lambda_rba          : 0.001
epochs              : 400
learning_rate       : 0.0001
weight_decay        : 0.01
scheduler_T0        : 200
scheduler_eta_min   : 1e-05
log_dir             : ./training_logs
experiment_name     : T1wRBA_Enhanced
augmentation        : True
reshape             : (91, 109, 91)
resume_from_checkpoint: None
2025-11-27 20:48:30,799 INFO 
Hyperparameters:
train_csv           : /home/caojiaxiang/brain age/cjx/5-fold/train_1.csv
val_csv             : /home/caojiaxiang/brain age/cjx/5-fold/val_1.csv
batch_size          : 32
num_workers         : 0
channel             : 16
embed_dim           : 128
num_heads           : 8
num_layers          : 6
hidden_dim          : 512
dropout             : 0.1
lambda_consistency  : 0.02
lambda_grad         : 0.1
noise_sigma         : 0.1
num_regions         : 117
lambda_rba          : 0.001
epochs              : 400
learning_rate       : 0.0001
weight_decay        : 0.01
scheduler_T0        : 200
scheduler_eta_min   : 1e-05
log_dir             : ./training_logs
experiment_name     : T1wRBA_Enhanced
augmentation        : True
reshape             : (91, 109, 91)
resume_from_checkpoint: None
2025-11-27 20:49:52,812 INFO 
Hyperparameters:
train_csv           : /home/caojiaxiang/brain age/cjx/5-fold/train_1.csv
val_csv             : /home/caojiaxiang/brain age/cjx/5-fold/val_1.csv
batch_size          : 32
num_workers         : 0
channel             : 16
embed_dim           : 128
num_heads           : 8
num_layers          : 6
hidden_dim          : 512
dropout             : 0.1
lambda_consistency  : 0.02
lambda_grad         : 0.1
noise_sigma         : 0.1
num_regions         : 117
lambda_rba          : 0.001
epochs              : 400
learning_rate       : 0.0001
weight_decay        : 0.01
scheduler_T0        : 200
scheduler_eta_min   : 1e-05
log_dir             : ./training_logs
experiment_name     : T1wRBA_Enhanced
augmentation        : True
reshape             : (91, 109, 91)
resume_from_checkpoint: None
2025-11-27 20:49:52,884 INFO 
Hyperparameters:
train_csv           : /home/caojiaxiang/brain age/cjx/5-fold/train_1.csv
val_csv             : /home/caojiaxiang/brain age/cjx/5-fold/val_1.csv
batch_size          : 32
num_workers         : 0
channel             : 16
embed_dim           : 128
num_heads           : 8
num_layers          : 6
hidden_dim          : 512
dropout             : 0.1
lambda_consistency  : 0.02
lambda_grad         : 0.1
noise_sigma         : 0.1
num_regions         : 117
lambda_rba          : 0.001
epochs              : 400
learning_rate       : 0.0001
weight_decay        : 0.01
scheduler_T0        : 200
scheduler_eta_min   : 1e-05
log_dir             : ./training_logs
experiment_name     : T1wRBA_Enhanced
augmentation        : True
reshape             : (91, 109, 91)
resume_from_checkpoint: None
2025-11-27 20:49:52,926 INFO 
Hyperparameters:
train_csv           : /home/caojiaxiang/brain age/cjx/5-fold/train_1.csv
val_csv             : /home/caojiaxiang/brain age/cjx/5-fold/val_1.csv
batch_size          : 32
num_workers         : 0
channel             : 16
embed_dim           : 128
num_heads           : 8
num_layers          : 6
hidden_dim          : 512
dropout             : 0.1
lambda_consistency  : 0.02
lambda_grad         : 0.1
noise_sigma         : 0.1
num_regions         : 117
lambda_rba          : 0.001
epochs              : 400
learning_rate       : 0.0001
weight_decay        : 0.01
scheduler_T0        : 200
scheduler_eta_min   : 1e-05
log_dir             : ./training_logs
experiment_name     : T1wRBA_Enhanced
augmentation        : True
reshape             : (91, 109, 91)
resume_from_checkpoint: None
2025-11-27 20:49:52,940 INFO 
Hyperparameters:
train_csv           : /home/caojiaxiang/brain age/cjx/5-fold/train_1.csv
val_csv             : /home/caojiaxiang/brain age/cjx/5-fold/val_1.csv
batch_size          : 32
num_workers         : 0
channel             : 16
embed_dim           : 128
num_heads           : 8
num_layers          : 6
hidden_dim          : 512
dropout             : 0.1
lambda_consistency  : 0.02
lambda_grad         : 0.1
noise_sigma         : 0.1
num_regions         : 117
lambda_rba          : 0.001
epochs              : 400
learning_rate       : 0.0001
weight_decay        : 0.01
scheduler_T0        : 200
scheduler_eta_min   : 1e-05
log_dir             : ./training_logs
experiment_name     : T1wRBA_Enhanced
augmentation        : True
reshape             : (91, 109, 91)
resume_from_checkpoint: None
2025-11-27 20:49:53,005 INFO 
Hyperparameters:
train_csv           : /home/caojiaxiang/brain age/cjx/5-fold/train_1.csv
val_csv             : /home/caojiaxiang/brain age/cjx/5-fold/val_1.csv
batch_size          : 32
num_workers         : 0
channel             : 16
embed_dim           : 128
num_heads           : 8
num_layers          : 6
hidden_dim          : 512
dropout             : 0.1
lambda_consistency  : 0.02
lambda_grad         : 0.1
noise_sigma         : 0.1
num_regions         : 117
lambda_rba          : 0.001
epochs              : 400
learning_rate       : 0.0001
weight_decay        : 0.01
scheduler_T0        : 200
scheduler_eta_min   : 1e-05
log_dir             : ./training_logs
experiment_name     : T1wRBA_Enhanced
augmentation        : True
reshape             : (91, 109, 91)
resume_from_checkpoint: None
2025-11-27 20:49:53,026 INFO 
Hyperparameters:
train_csv           : /home/caojiaxiang/brain age/cjx/5-fold/train_1.csv
val_csv             : /home/caojiaxiang/brain age/cjx/5-fold/val_1.csv
batch_size          : 32
num_workers         : 0
channel             : 16
embed_dim           : 128
num_heads           : 8
num_layers          : 6
hidden_dim          : 512
dropout             : 0.1
lambda_consistency  : 0.02
lambda_grad         : 0.1
noise_sigma         : 0.1
num_regions         : 117
lambda_rba          : 0.001
epochs              : 400
learning_rate       : 0.0001
weight_decay        : 0.01
scheduler_T0        : 200
scheduler_eta_min   : 1e-05
log_dir             : ./training_logs
experiment_name     : T1wRBA_Enhanced
augmentation        : True
reshape             : (91, 109, 91)
resume_from_checkpoint: None
2025-11-27 20:49:53,030 INFO 
Hyperparameters:
train_csv           : /home/caojiaxiang/brain age/cjx/5-fold/train_1.csv
val_csv             : /home/caojiaxiang/brain age/cjx/5-fold/val_1.csv
batch_size          : 32
num_workers         : 0
channel             : 16
embed_dim           : 128
num_heads           : 8
num_layers          : 6
hidden_dim          : 512
dropout             : 0.1
lambda_consistency  : 0.02
lambda_grad         : 0.1
noise_sigma         : 0.1
num_regions         : 117
lambda_rba          : 0.001
epochs              : 400
learning_rate       : 0.0001
weight_decay        : 0.01
scheduler_T0        : 200
scheduler_eta_min   : 1e-05
log_dir             : ./training_logs
experiment_name     : T1wRBA_Enhanced
augmentation        : True
reshape             : (91, 109, 91)
resume_from_checkpoint: None
2025-11-27 20:49:53,052 INFO 
Hyperparameters:
train_csv           : /home/caojiaxiang/brain age/cjx/5-fold/train_1.csv
val_csv             : /home/caojiaxiang/brain age/cjx/5-fold/val_1.csv
batch_size          : 32
num_workers         : 0
channel             : 16
embed_dim           : 128
num_heads           : 8
num_layers          : 6
hidden_dim          : 512
dropout             : 0.1
lambda_consistency  : 0.02
lambda_grad         : 0.1
noise_sigma         : 0.1
num_regions         : 117
lambda_rba          : 0.001
epochs              : 400
learning_rate       : 0.0001
weight_decay        : 0.01
scheduler_T0        : 200
scheduler_eta_min   : 1e-05
log_dir             : ./training_logs
experiment_name     : T1wRBA_Enhanced
augmentation        : True
reshape             : (91, 109, 91)
resume_from_checkpoint: None
2025-11-27 20:52:54,239 INFO 
Hyperparameters:
train_csv           : /home/caojiaxiang/brain age/cjx/5-fold/train_1.csv
val_csv             : /home/caojiaxiang/brain age/cjx/5-fold/val_1.csv
batch_size          : 32
num_workers         : 0
channel             : 16
embed_dim           : 128
num_heads           : 8
num_layers          : 6
hidden_dim          : 512
dropout             : 0.1
lambda_consistency  : 0.02
lambda_grad         : 0.1
noise_sigma         : 0.1
num_regions         : 117
lambda_rba          : 0.001
epochs              : 400
learning_rate       : 0.0001
weight_decay        : 0.01
scheduler_T0        : 200
scheduler_eta_min   : 1e-05
log_dir             : ./training_logs
experiment_name     : T1wRBA_Enhanced
augmentation        : True
reshape             : (91, 109, 91)
resume_from_checkpoint: None
2025-11-27 20:52:54,807 INFO 
Hyperparameters:
train_csv           : /home/caojiaxiang/brain age/cjx/5-fold/train_1.csv
val_csv             : /home/caojiaxiang/brain age/cjx/5-fold/val_1.csv
batch_size          : 32
num_workers         : 0
channel             : 16
embed_dim           : 128
num_heads           : 8
num_layers          : 6
hidden_dim          : 512
dropout             : 0.1
lambda_consistency  : 0.02
lambda_grad         : 0.1
noise_sigma         : 0.1
num_regions         : 117
lambda_rba          : 0.001
epochs              : 400
learning_rate       : 0.0001
weight_decay        : 0.01
scheduler_T0        : 200
scheduler_eta_min   : 1e-05
log_dir             : ./training_logs
experiment_name     : T1wRBA_Enhanced
augmentation        : True
reshape             : (91, 109, 91)
resume_from_checkpoint: None
2025-11-27 20:52:54,988 INFO 
Hyperparameters:
train_csv           : /home/caojiaxiang/brain age/cjx/5-fold/train_1.csv
val_csv             : /home/caojiaxiang/brain age/cjx/5-fold/val_1.csv
batch_size          : 32
num_workers         : 0
channel             : 16
embed_dim           : 128
num_heads           : 8
num_layers          : 6
hidden_dim          : 512
dropout             : 0.1
lambda_consistency  : 0.02
lambda_grad         : 0.1
noise_sigma         : 0.1
num_regions         : 117
lambda_rba          : 0.001
epochs              : 400
learning_rate       : 0.0001
weight_decay        : 0.01
scheduler_T0        : 200
scheduler_eta_min   : 1e-05
log_dir             : ./training_logs
experiment_name     : T1wRBA_Enhanced
augmentation        : True
reshape             : (91, 109, 91)
resume_from_checkpoint: None
2025-11-27 20:52:55,009 INFO 
Hyperparameters:
train_csv           : /home/caojiaxiang/brain age/cjx/5-fold/train_1.csv
val_csv             : /home/caojiaxiang/brain age/cjx/5-fold/val_1.csv
batch_size          : 32
num_workers         : 0
channel             : 16
embed_dim           : 128
num_heads           : 8
num_layers          : 6
hidden_dim          : 512
dropout             : 0.1
lambda_consistency  : 0.02
lambda_grad         : 0.1
noise_sigma         : 0.1
num_regions         : 117
lambda_rba          : 0.001
epochs              : 400
learning_rate       : 0.0001
weight_decay        : 0.01
scheduler_T0        : 200
scheduler_eta_min   : 1e-05
log_dir             : ./training_logs
experiment_name     : T1wRBA_Enhanced
augmentation        : True
reshape             : (91, 109, 91)
resume_from_checkpoint: None
2025-11-27 20:52:55,064 INFO 
Hyperparameters:
train_csv           : /home/caojiaxiang/brain age/cjx/5-fold/train_1.csv
val_csv             : /home/caojiaxiang/brain age/cjx/5-fold/val_1.csv
batch_size          : 32
num_workers         : 0
channel             : 16
embed_dim           : 128
num_heads           : 8
num_layers          : 6
hidden_dim          : 512
dropout             : 0.1
lambda_consistency  : 0.02
lambda_grad         : 0.1
noise_sigma         : 0.1
num_regions         : 117
lambda_rba          : 0.001
epochs              : 400
learning_rate       : 0.0001
weight_decay        : 0.01
scheduler_T0        : 200
scheduler_eta_min   : 1e-05
log_dir             : ./training_logs
experiment_name     : T1wRBA_Enhanced
augmentation        : True
reshape             : (91, 109, 91)
resume_from_checkpoint: None
2025-11-27 20:52:55,079 INFO 
Hyperparameters:
train_csv           : /home/caojiaxiang/brain age/cjx/5-fold/train_1.csv
val_csv             : /home/caojiaxiang/brain age/cjx/5-fold/val_1.csv
batch_size          : 32
num_workers         : 0
channel             : 16
embed_dim           : 128
num_heads           : 8
num_layers          : 6
hidden_dim          : 512
dropout             : 0.1
lambda_consistency  : 0.02
lambda_grad         : 0.1
noise_sigma         : 0.1
num_regions         : 117
lambda_rba          : 0.001
epochs              : 400
learning_rate       : 0.0001
weight_decay        : 0.01
scheduler_T0        : 200
scheduler_eta_min   : 1e-05
log_dir             : ./training_logs
experiment_name     : T1wRBA_Enhanced
augmentation        : True
reshape             : (91, 109, 91)
resume_from_checkpoint: None
2025-11-27 20:52:55,449 INFO 
Hyperparameters:
train_csv           : /home/caojiaxiang/brain age/cjx/5-fold/train_1.csv
val_csv             : /home/caojiaxiang/brain age/cjx/5-fold/val_1.csv
batch_size          : 32
num_workers         : 0
channel             : 16
embed_dim           : 128
num_heads           : 8
num_layers          : 6
hidden_dim          : 512
dropout             : 0.1
lambda_consistency  : 0.02
lambda_grad         : 0.1
noise_sigma         : 0.1
num_regions         : 117
lambda_rba          : 0.001
epochs              : 400
learning_rate       : 0.0001
weight_decay        : 0.01
scheduler_T0        : 200
scheduler_eta_min   : 1e-05
log_dir             : ./training_logs
experiment_name     : T1wRBA_Enhanced
augmentation        : True
reshape             : (91, 109, 91)
resume_from_checkpoint: None
2025-11-27 20:52:55,489 INFO 
Hyperparameters:
train_csv           : /home/caojiaxiang/brain age/cjx/5-fold/train_1.csv
val_csv             : /home/caojiaxiang/brain age/cjx/5-fold/val_1.csv
batch_size          : 32
num_workers         : 0
channel             : 16
embed_dim           : 128
num_heads           : 8
num_layers          : 6
hidden_dim          : 512
dropout             : 0.1
lambda_consistency  : 0.02
lambda_grad         : 0.1
noise_sigma         : 0.1
num_regions         : 117
lambda_rba          : 0.001
epochs              : 400
learning_rate       : 0.0001
weight_decay        : 0.01
scheduler_T0        : 200
scheduler_eta_min   : 1e-05
log_dir             : ./training_logs
experiment_name     : T1wRBA_Enhanced
augmentation        : True
reshape             : (91, 109, 91)
resume_from_checkpoint: None
2025-11-27 20:58:00,807 INFO 
Hyperparameters:
train_csv           : /home/caojiaxiang/brain age/cjx/5-fold/train_1.csv
val_csv             : /home/caojiaxiang/brain age/cjx/5-fold/val_1.csv
batch_size          : 32
num_workers         : 0
channel             : 16
embed_dim           : 128
num_heads           : 8
num_layers          : 6
hidden_dim          : 512
dropout             : 0.1
lambda_consistency  : 0.02
lambda_grad         : 0.1
noise_sigma         : 0.1
num_regions         : 117
lambda_rba          : 0.001
epochs              : 400
learning_rate       : 0.0001
weight_decay        : 0.01
scheduler_T0        : 200
scheduler_eta_min   : 1e-05
log_dir             : ./training_logs
experiment_name     : T1wRBA_Enhanced
augmentation        : True
reshape             : (91, 109, 91)
resume_from_checkpoint: None
2025-11-27 20:58:00,979 INFO 
Hyperparameters:
train_csv           : /home/caojiaxiang/brain age/cjx/5-fold/train_1.csv
val_csv             : /home/caojiaxiang/brain age/cjx/5-fold/val_1.csv
batch_size          : 32
num_workers         : 0
channel             : 16
embed_dim           : 128
num_heads           : 8
num_layers          : 6
hidden_dim          : 512
dropout             : 0.1
lambda_consistency  : 0.02
lambda_grad         : 0.1
noise_sigma         : 0.1
num_regions         : 117
lambda_rba          : 0.001
epochs              : 400
learning_rate       : 0.0001
weight_decay        : 0.01
scheduler_T0        : 200
scheduler_eta_min   : 1e-05
log_dir             : ./training_logs
experiment_name     : T1wRBA_Enhanced
augmentation        : True
reshape             : (91, 109, 91)
resume_from_checkpoint: None
2025-11-27 20:58:00,985 INFO 
Hyperparameters:
train_csv           : /home/caojiaxiang/brain age/cjx/5-fold/train_1.csv
val_csv             : /home/caojiaxiang/brain age/cjx/5-fold/val_1.csv
batch_size          : 32
num_workers         : 0
channel             : 16
embed_dim           : 128
num_heads           : 8
num_layers          : 6
hidden_dim          : 512
dropout             : 0.1
lambda_consistency  : 0.02
lambda_grad         : 0.1
noise_sigma         : 0.1
num_regions         : 117
lambda_rba          : 0.001
epochs              : 400
learning_rate       : 0.0001
weight_decay        : 0.01
scheduler_T0        : 200
scheduler_eta_min   : 1e-05
log_dir             : ./training_logs
experiment_name     : T1wRBA_Enhanced
augmentation        : True
reshape             : (91, 109, 91)
resume_from_checkpoint: None
2025-11-27 20:58:00,997 INFO 
Hyperparameters:
train_csv           : /home/caojiaxiang/brain age/cjx/5-fold/train_1.csv
val_csv             : /home/caojiaxiang/brain age/cjx/5-fold/val_1.csv
batch_size          : 32
num_workers         : 0
channel             : 16
embed_dim           : 128
num_heads           : 8
num_layers          : 6
hidden_dim          : 512
dropout             : 0.1
lambda_consistency  : 0.02
lambda_grad         : 0.1
noise_sigma         : 0.1
num_regions         : 117
lambda_rba          : 0.001
epochs              : 400
learning_rate       : 0.0001
weight_decay        : 0.01
scheduler_T0        : 200
scheduler_eta_min   : 1e-05
log_dir             : ./training_logs
experiment_name     : T1wRBA_Enhanced
augmentation        : True
reshape             : (91, 109, 91)
resume_from_checkpoint: None
2025-11-27 20:58:01,000 INFO 
Hyperparameters:
train_csv           : /home/caojiaxiang/brain age/cjx/5-fold/train_1.csv
val_csv             : /home/caojiaxiang/brain age/cjx/5-fold/val_1.csv
batch_size          : 32
num_workers         : 0
channel             : 16
embed_dim           : 128
num_heads           : 8
num_layers          : 6
hidden_dim          : 512
dropout             : 0.1
lambda_consistency  : 0.02
lambda_grad         : 0.1
noise_sigma         : 0.1
num_regions         : 117
lambda_rba          : 0.001
epochs              : 400
learning_rate       : 0.0001
weight_decay        : 0.01
scheduler_T0        : 200
scheduler_eta_min   : 1e-05
log_dir             : ./training_logs
experiment_name     : T1wRBA_Enhanced
augmentation        : True
reshape             : (91, 109, 91)
resume_from_checkpoint: None
2025-11-27 20:58:01,053 INFO 
Hyperparameters:
train_csv           : /home/caojiaxiang/brain age/cjx/5-fold/train_1.csv
val_csv             : /home/caojiaxiang/brain age/cjx/5-fold/val_1.csv
batch_size          : 32
num_workers         : 0
channel             : 16
embed_dim           : 128
num_heads           : 8
num_layers          : 6
hidden_dim          : 512
dropout             : 0.1
lambda_consistency  : 0.02
lambda_grad         : 0.1
noise_sigma         : 0.1
num_regions         : 117
lambda_rba          : 0.001
epochs              : 400
learning_rate       : 0.0001
weight_decay        : 0.01
scheduler_T0        : 200
scheduler_eta_min   : 1e-05
log_dir             : ./training_logs
experiment_name     : T1wRBA_Enhanced
augmentation        : True
reshape             : (91, 109, 91)
resume_from_checkpoint: None
2025-11-27 20:58:01,079 INFO 
Hyperparameters:
train_csv           : /home/caojiaxiang/brain age/cjx/5-fold/train_1.csv
val_csv             : /home/caojiaxiang/brain age/cjx/5-fold/val_1.csv
batch_size          : 32
num_workers         : 0
channel             : 16
embed_dim           : 128
num_heads           : 8
num_layers          : 6
hidden_dim          : 512
dropout             : 0.1
lambda_consistency  : 0.02
lambda_grad         : 0.1
noise_sigma         : 0.1
num_regions         : 117
lambda_rba          : 0.001
epochs              : 400
learning_rate       : 0.0001
weight_decay        : 0.01
scheduler_T0        : 200
scheduler_eta_min   : 1e-05
log_dir             : ./training_logs
experiment_name     : T1wRBA_Enhanced
augmentation        : True
reshape             : (91, 109, 91)
resume_from_checkpoint: None
2025-11-27 20:58:01,089 INFO 
Hyperparameters:
train_csv           : /home/caojiaxiang/brain age/cjx/5-fold/train_1.csv
val_csv             : /home/caojiaxiang/brain age/cjx/5-fold/val_1.csv
batch_size          : 32
num_workers         : 0
channel             : 16
embed_dim           : 128
num_heads           : 8
num_layers          : 6
hidden_dim          : 512
dropout             : 0.1
lambda_consistency  : 0.02
lambda_grad         : 0.1
noise_sigma         : 0.1
num_regions         : 117
lambda_rba          : 0.001
epochs              : 400
learning_rate       : 0.0001
weight_decay        : 0.01
scheduler_T0        : 200
scheduler_eta_min   : 1e-05
log_dir             : ./training_logs
experiment_name     : T1wRBA_Enhanced
augmentation        : True
reshape             : (91, 109, 91)
resume_from_checkpoint: None
2025-11-27 20:58:28,977 INFO 
Hyperparameters:
train_csv           : /home/caojiaxiang/brain age/cjx/5-fold/train_1.csv
val_csv             : /home/caojiaxiang/brain age/cjx/5-fold/val_1.csv
batch_size          : 32
num_workers         : 0
channel             : 16
embed_dim           : 128
num_heads           : 8
num_layers          : 6
hidden_dim          : 512
dropout             : 0.1
lambda_consistency  : 0.02
lambda_grad         : 0.1
noise_sigma         : 0.1
num_regions         : 117
lambda_rba          : 0.001
epochs              : 400
learning_rate       : 0.0001
weight_decay        : 0.01
scheduler_T0        : 200
scheduler_eta_min   : 1e-05
log_dir             : ./training_logs
experiment_name     : T1wRBA_Enhanced
augmentation        : True
reshape             : (91, 109, 91)
resume_from_checkpoint: None
2025-11-27 20:58:29,288 INFO 
Hyperparameters:
train_csv           : /home/caojiaxiang/brain age/cjx/5-fold/train_1.csv
val_csv             : /home/caojiaxiang/brain age/cjx/5-fold/val_1.csv
batch_size          : 32
num_workers         : 0
channel             : 16
embed_dim           : 128
num_heads           : 8
num_layers          : 6
hidden_dim          : 512
dropout             : 0.1
lambda_consistency  : 0.02
lambda_grad         : 0.1
noise_sigma         : 0.1
num_regions         : 117
lambda_rba          : 0.001
epochs              : 400
learning_rate       : 0.0001
weight_decay        : 0.01
scheduler_T0        : 200
scheduler_eta_min   : 1e-05
log_dir             : ./training_logs
experiment_name     : T1wRBA_Enhanced
augmentation        : True
reshape             : (91, 109, 91)
resume_from_checkpoint: None
2025-11-27 20:58:29,356 INFO 
Hyperparameters:
train_csv           : /home/caojiaxiang/brain age/cjx/5-fold/train_1.csv
val_csv             : /home/caojiaxiang/brain age/cjx/5-fold/val_1.csv
batch_size          : 32
num_workers         : 0
channel             : 16
embed_dim           : 128
num_heads           : 8
num_layers          : 6
hidden_dim          : 512
dropout             : 0.1
lambda_consistency  : 0.02
lambda_grad         : 0.1
noise_sigma         : 0.1
num_regions         : 117
lambda_rba          : 0.001
epochs              : 400
learning_rate       : 0.0001
weight_decay        : 0.01
scheduler_T0        : 200
scheduler_eta_min   : 1e-05
log_dir             : ./training_logs
experiment_name     : T1wRBA_Enhanced
augmentation        : True
reshape             : (91, 109, 91)
resume_from_checkpoint: None
2025-11-27 20:58:29,369 INFO 
Hyperparameters:
train_csv           : /home/caojiaxiang/brain age/cjx/5-fold/train_1.csv
val_csv             : /home/caojiaxiang/brain age/cjx/5-fold/val_1.csv
batch_size          : 32
num_workers         : 0
channel             : 16
embed_dim           : 128
num_heads           : 8
num_layers          : 6
hidden_dim          : 512
dropout             : 0.1
lambda_consistency  : 0.02
lambda_grad         : 0.1
noise_sigma         : 0.1
num_regions         : 117
lambda_rba          : 0.001
epochs              : 400
learning_rate       : 0.0001
weight_decay        : 0.01
scheduler_T0        : 200
scheduler_eta_min   : 1e-05
log_dir             : ./training_logs
experiment_name     : T1wRBA_Enhanced
augmentation        : True
reshape             : (91, 109, 91)
resume_from_checkpoint: None
2025-11-27 20:58:29,375 INFO 
Hyperparameters:
train_csv           : /home/caojiaxiang/brain age/cjx/5-fold/train_1.csv
val_csv             : /home/caojiaxiang/brain age/cjx/5-fold/val_1.csv
batch_size          : 32
num_workers         : 0
channel             : 16
embed_dim           : 128
num_heads           : 8
num_layers          : 6
hidden_dim          : 512
dropout             : 0.1
lambda_consistency  : 0.02
lambda_grad         : 0.1
noise_sigma         : 0.1
num_regions         : 117
lambda_rba          : 0.001
epochs              : 400
learning_rate       : 0.0001
weight_decay        : 0.01
scheduler_T0        : 200
scheduler_eta_min   : 1e-05
log_dir             : ./training_logs
experiment_name     : T1wRBA_Enhanced
augmentation        : True
reshape             : (91, 109, 91)
resume_from_checkpoint: None
2025-11-27 20:58:29,470 INFO 
Hyperparameters:
train_csv           : /home/caojiaxiang/brain age/cjx/5-fold/train_1.csv
val_csv             : /home/caojiaxiang/brain age/cjx/5-fold/val_1.csv
batch_size          : 32
num_workers         : 0
channel             : 16
embed_dim           : 128
num_heads           : 8
num_layers          : 6
hidden_dim          : 512
dropout             : 0.1
lambda_consistency  : 0.02
lambda_grad         : 0.1
noise_sigma         : 0.1
num_regions         : 117
lambda_rba          : 0.001
epochs              : 400
learning_rate       : 0.0001
weight_decay        : 0.01
scheduler_T0        : 200
scheduler_eta_min   : 1e-05
log_dir             : ./training_logs
experiment_name     : T1wRBA_Enhanced
augmentation        : True
reshape             : (91, 109, 91)
resume_from_checkpoint: None
2025-11-27 20:58:29,475 INFO 
Hyperparameters:
train_csv           : /home/caojiaxiang/brain age/cjx/5-fold/train_1.csv
val_csv             : /home/caojiaxiang/brain age/cjx/5-fold/val_1.csv
batch_size          : 32
num_workers         : 0
channel             : 16
embed_dim           : 128
num_heads           : 8
num_layers          : 6
hidden_dim          : 512
dropout             : 0.1
lambda_consistency  : 0.02
lambda_grad         : 0.1
noise_sigma         : 0.1
num_regions         : 117
lambda_rba          : 0.001
epochs              : 400
learning_rate       : 0.0001
weight_decay        : 0.01
scheduler_T0        : 200
scheduler_eta_min   : 1e-05
log_dir             : ./training_logs
experiment_name     : T1wRBA_Enhanced
augmentation        : True
reshape             : (91, 109, 91)
resume_from_checkpoint: None
2025-11-27 20:58:29,626 INFO 
Hyperparameters:
train_csv           : /home/caojiaxiang/brain age/cjx/5-fold/train_1.csv
val_csv             : /home/caojiaxiang/brain age/cjx/5-fold/val_1.csv
batch_size          : 32
num_workers         : 0
channel             : 16
embed_dim           : 128
num_heads           : 8
num_layers          : 6
hidden_dim          : 512
dropout             : 0.1
lambda_consistency  : 0.02
lambda_grad         : 0.1
noise_sigma         : 0.1
num_regions         : 117
lambda_rba          : 0.001
epochs              : 400
learning_rate       : 0.0001
weight_decay        : 0.01
scheduler_T0        : 200
scheduler_eta_min   : 1e-05
log_dir             : ./training_logs
experiment_name     : T1wRBA_Enhanced
augmentation        : True
reshape             : (91, 109, 91)
resume_from_checkpoint: None
2025-11-27 21:00:33,546 INFO 
Hyperparameters:
train_csv           : /home/caojiaxiang/brain age/cjx/5-fold/train_1.csv
val_csv             : /home/caojiaxiang/brain age/cjx/5-fold/val_1.csv
batch_size          : 32
num_workers         : 0
channel             : 16
embed_dim           : 128
num_heads           : 8
num_layers          : 6
hidden_dim          : 512
dropout             : 0.1
lambda_consistency  : 0.02
lambda_grad         : 0.1
noise_sigma         : 0.1
num_regions         : 117
lambda_rba          : 0.001
epochs              : 400
learning_rate       : 0.0001
weight_decay        : 0.01
scheduler_T0        : 200
scheduler_eta_min   : 1e-05
log_dir             : ./training_logs
experiment_name     : T1wRBA_Enhanced
augmentation        : True
reshape             : (91, 109, 91)
resume_from_checkpoint: None
2025-11-27 21:00:33,916 INFO 
Hyperparameters:
train_csv           : /home/caojiaxiang/brain age/cjx/5-fold/train_1.csv
val_csv             : /home/caojiaxiang/brain age/cjx/5-fold/val_1.csv
batch_size          : 32
num_workers         : 0
channel             : 16
embed_dim           : 128
num_heads           : 8
num_layers          : 6
hidden_dim          : 512
dropout             : 0.1
lambda_consistency  : 0.02
lambda_grad         : 0.1
noise_sigma         : 0.1
num_regions         : 117
lambda_rba          : 0.001
epochs              : 400
learning_rate       : 0.0001
weight_decay        : 0.01
scheduler_T0        : 200
scheduler_eta_min   : 1e-05
log_dir             : ./training_logs
experiment_name     : T1wRBA_Enhanced
augmentation        : True
reshape             : (91, 109, 91)
resume_from_checkpoint: None
2025-11-27 21:00:33,972 INFO 
Hyperparameters:
train_csv           : /home/caojiaxiang/brain age/cjx/5-fold/train_1.csv
val_csv             : /home/caojiaxiang/brain age/cjx/5-fold/val_1.csv
batch_size          : 32
num_workers         : 0
channel             : 16
embed_dim           : 128
num_heads           : 8
num_layers          : 6
hidden_dim          : 512
dropout             : 0.1
lambda_consistency  : 0.02
lambda_grad         : 0.1
noise_sigma         : 0.1
num_regions         : 117
lambda_rba          : 0.001
epochs              : 400
learning_rate       : 0.0001
weight_decay        : 0.01
scheduler_T0        : 200
scheduler_eta_min   : 1e-05
log_dir             : ./training_logs
experiment_name     : T1wRBA_Enhanced
augmentation        : True
reshape             : (91, 109, 91)
resume_from_checkpoint: None
2025-11-27 21:00:33,988 INFO 
Hyperparameters:
train_csv           : /home/caojiaxiang/brain age/cjx/5-fold/train_1.csv
val_csv             : /home/caojiaxiang/brain age/cjx/5-fold/val_1.csv
batch_size          : 32
num_workers         : 0
channel             : 16
embed_dim           : 128
num_heads           : 8
num_layers          : 6
hidden_dim          : 512
dropout             : 0.1
lambda_consistency  : 0.02
lambda_grad         : 0.1
noise_sigma         : 0.1
num_regions         : 117
lambda_rba          : 0.001
epochs              : 400
learning_rate       : 0.0001
weight_decay        : 0.01
scheduler_T0        : 200
scheduler_eta_min   : 1e-05
log_dir             : ./training_logs
experiment_name     : T1wRBA_Enhanced
augmentation        : True
reshape             : (91, 109, 91)
resume_from_checkpoint: None
2025-11-27 21:00:33,993 INFO 
Hyperparameters:
train_csv           : /home/caojiaxiang/brain age/cjx/5-fold/train_1.csv
val_csv             : /home/caojiaxiang/brain age/cjx/5-fold/val_1.csv
batch_size          : 32
num_workers         : 0
channel             : 16
embed_dim           : 128
num_heads           : 8
num_layers          : 6
hidden_dim          : 512
dropout             : 0.1
lambda_consistency  : 0.02
lambda_grad         : 0.1
noise_sigma         : 0.1
num_regions         : 117
lambda_rba          : 0.001
epochs              : 400
learning_rate       : 0.0001
weight_decay        : 0.01
scheduler_T0        : 200
scheduler_eta_min   : 1e-05
log_dir             : ./training_logs
experiment_name     : T1wRBA_Enhanced
augmentation        : True
reshape             : (91, 109, 91)
resume_from_checkpoint: None
2025-11-27 21:00:33,994 INFO 
Hyperparameters:
train_csv           : /home/caojiaxiang/brain age/cjx/5-fold/train_1.csv
val_csv             : /home/caojiaxiang/brain age/cjx/5-fold/val_1.csv
batch_size          : 32
num_workers         : 0
channel             : 16
embed_dim           : 128
num_heads           : 8
num_layers          : 6
hidden_dim          : 512
dropout             : 0.1
lambda_consistency  : 0.02
lambda_grad         : 0.1
noise_sigma         : 0.1
num_regions         : 117
lambda_rba          : 0.001
epochs              : 400
learning_rate       : 0.0001
weight_decay        : 0.01
scheduler_T0        : 200
scheduler_eta_min   : 1e-05
log_dir             : ./training_logs
experiment_name     : T1wRBA_Enhanced
augmentation        : True
reshape             : (91, 109, 91)
resume_from_checkpoint: None
2025-11-27 21:00:34,008 INFO 
Hyperparameters:
train_csv           : /home/caojiaxiang/brain age/cjx/5-fold/train_1.csv
val_csv             : /home/caojiaxiang/brain age/cjx/5-fold/val_1.csv
batch_size          : 32
num_workers         : 0
channel             : 16
embed_dim           : 128
num_heads           : 8
num_layers          : 6
hidden_dim          : 512
dropout             : 0.1
lambda_consistency  : 0.02
lambda_grad         : 0.1
noise_sigma         : 0.1
num_regions         : 117
lambda_rba          : 0.001
epochs              : 400
learning_rate       : 0.0001
weight_decay        : 0.01
scheduler_T0        : 200
scheduler_eta_min   : 1e-05
log_dir             : ./training_logs
experiment_name     : T1wRBA_Enhanced
augmentation        : True
reshape             : (91, 109, 91)
resume_from_checkpoint: None
2025-11-27 21:00:34,069 INFO 
Hyperparameters:
train_csv           : /home/caojiaxiang/brain age/cjx/5-fold/train_1.csv
val_csv             : /home/caojiaxiang/brain age/cjx/5-fold/val_1.csv
batch_size          : 32
num_workers         : 0
channel             : 16
embed_dim           : 128
num_heads           : 8
num_layers          : 6
hidden_dim          : 512
dropout             : 0.1
lambda_consistency  : 0.02
lambda_grad         : 0.1
noise_sigma         : 0.1
num_regions         : 117
lambda_rba          : 0.001
epochs              : 400
learning_rate       : 0.0001
weight_decay        : 0.01
scheduler_T0        : 200
scheduler_eta_min   : 1e-05
log_dir             : ./training_logs
experiment_name     : T1wRBA_Enhanced
augmentation        : True
reshape             : (91, 109, 91)
resume_from_checkpoint: None
2025-11-27 21:01:19,320 INFO 
Hyperparameters:
train_csv           : /home/caojiaxiang/brain age/cjx/5-fold/train_1.csv
val_csv             : /home/caojiaxiang/brain age/cjx/5-fold/val_1.csv
batch_size          : 16
num_workers         : 0
channel             : 16
embed_dim           : 128
num_heads           : 8
num_layers          : 6
hidden_dim          : 512
dropout             : 0.1
lambda_consistency  : 0.02
lambda_grad         : 0.1
noise_sigma         : 0.1
num_regions         : 117
lambda_rba          : 0.001
epochs              : 400
learning_rate       : 0.0001
weight_decay        : 0.01
scheduler_T0        : 200
scheduler_eta_min   : 1e-05
log_dir             : ./training_logs
experiment_name     : T1wRBA_Enhanced
augmentation        : True
reshape             : (91, 109, 91)
resume_from_checkpoint: None
2025-11-27 21:01:19,327 INFO 
Hyperparameters:
train_csv           : /home/caojiaxiang/brain age/cjx/5-fold/train_1.csv
val_csv             : /home/caojiaxiang/brain age/cjx/5-fold/val_1.csv
batch_size          : 16
num_workers         : 0
channel             : 16
embed_dim           : 128
num_heads           : 8
num_layers          : 6
hidden_dim          : 512
dropout             : 0.1
lambda_consistency  : 0.02
lambda_grad         : 0.1
noise_sigma         : 0.1
num_regions         : 117
lambda_rba          : 0.001
epochs              : 400
learning_rate       : 0.0001
weight_decay        : 0.01
scheduler_T0        : 200
scheduler_eta_min   : 1e-05
log_dir             : ./training_logs
experiment_name     : T1wRBA_Enhanced
augmentation        : True
reshape             : (91, 109, 91)
resume_from_checkpoint: None
2025-11-27 21:01:19,362 INFO 
Hyperparameters:
train_csv           : /home/caojiaxiang/brain age/cjx/5-fold/train_1.csv
val_csv             : /home/caojiaxiang/brain age/cjx/5-fold/val_1.csv
batch_size          : 16
num_workers         : 0
channel             : 16
embed_dim           : 128
num_heads           : 8
num_layers          : 6
hidden_dim          : 512
dropout             : 0.1
lambda_consistency  : 0.02
lambda_grad         : 0.1
noise_sigma         : 0.1
num_regions         : 117
lambda_rba          : 0.001
epochs              : 400
learning_rate       : 0.0001
weight_decay        : 0.01
scheduler_T0        : 200
scheduler_eta_min   : 1e-05
log_dir             : ./training_logs
experiment_name     : T1wRBA_Enhanced
augmentation        : True
reshape             : (91, 109, 91)
resume_from_checkpoint: None
2025-11-27 21:01:19,366 INFO 
Hyperparameters:
train_csv           : /home/caojiaxiang/brain age/cjx/5-fold/train_1.csv
val_csv             : /home/caojiaxiang/brain age/cjx/5-fold/val_1.csv
batch_size          : 16
num_workers         : 0
channel             : 16
embed_dim           : 128
num_heads           : 8
num_layers          : 6
hidden_dim          : 512
dropout             : 0.1
lambda_consistency  : 0.02
lambda_grad         : 0.1
noise_sigma         : 0.1
num_regions         : 117
lambda_rba          : 0.001
epochs              : 400
learning_rate       : 0.0001
weight_decay        : 0.01
scheduler_T0        : 200
scheduler_eta_min   : 1e-05
log_dir             : ./training_logs
experiment_name     : T1wRBA_Enhanced
augmentation        : True
reshape             : (91, 109, 91)
resume_from_checkpoint: None
2025-11-27 21:01:19,383 INFO 
Hyperparameters:
train_csv           : /home/caojiaxiang/brain age/cjx/5-fold/train_1.csv
val_csv             : /home/caojiaxiang/brain age/cjx/5-fold/val_1.csv
batch_size          : 16
num_workers         : 0
channel             : 16
embed_dim           : 128
num_heads           : 8
num_layers          : 6
hidden_dim          : 512
dropout             : 0.1
lambda_consistency  : 0.02
lambda_grad         : 0.1
noise_sigma         : 0.1
num_regions         : 117
lambda_rba          : 0.001
epochs              : 400
learning_rate       : 0.0001
weight_decay        : 0.01
scheduler_T0        : 200
scheduler_eta_min   : 1e-05
log_dir             : ./training_logs
experiment_name     : T1wRBA_Enhanced
augmentation        : True
reshape             : (91, 109, 91)
resume_from_checkpoint: None
2025-11-27 21:01:19,420 INFO 
Hyperparameters:
train_csv           : /home/caojiaxiang/brain age/cjx/5-fold/train_1.csv
val_csv             : /home/caojiaxiang/brain age/cjx/5-fold/val_1.csv
batch_size          : 16
num_workers         : 0
channel             : 16
embed_dim           : 128
num_heads           : 8
num_layers          : 6
hidden_dim          : 512
dropout             : 0.1
lambda_consistency  : 0.02
lambda_grad         : 0.1
noise_sigma         : 0.1
num_regions         : 117
lambda_rba          : 0.001
epochs              : 400
learning_rate       : 0.0001
weight_decay        : 0.01
scheduler_T0        : 200
scheduler_eta_min   : 1e-05
log_dir             : ./training_logs
experiment_name     : T1wRBA_Enhanced
augmentation        : True
reshape             : (91, 109, 91)
resume_from_checkpoint: None
2025-11-27 21:01:19,421 INFO 
Hyperparameters:
train_csv           : /home/caojiaxiang/brain age/cjx/5-fold/train_1.csv
val_csv             : /home/caojiaxiang/brain age/cjx/5-fold/val_1.csv
batch_size          : 16
num_workers         : 0
channel             : 16
embed_dim           : 128
num_heads           : 8
num_layers          : 6
hidden_dim          : 512
dropout             : 0.1
lambda_consistency  : 0.02
lambda_grad         : 0.1
noise_sigma         : 0.1
num_regions         : 117
lambda_rba          : 0.001
epochs              : 400
learning_rate       : 0.0001
weight_decay        : 0.01
scheduler_T0        : 200
scheduler_eta_min   : 1e-05
log_dir             : ./training_logs
experiment_name     : T1wRBA_Enhanced
augmentation        : True
reshape             : (91, 109, 91)
resume_from_checkpoint: None
2025-11-27 21:01:19,456 INFO 
Hyperparameters:
train_csv           : /home/caojiaxiang/brain age/cjx/5-fold/train_1.csv
val_csv             : /home/caojiaxiang/brain age/cjx/5-fold/val_1.csv
batch_size          : 16
num_workers         : 0
channel             : 16
embed_dim           : 128
num_heads           : 8
num_layers          : 6
hidden_dim          : 512
dropout             : 0.1
lambda_consistency  : 0.02
lambda_grad         : 0.1
noise_sigma         : 0.1
num_regions         : 117
lambda_rba          : 0.001
epochs              : 400
learning_rate       : 0.0001
weight_decay        : 0.01
scheduler_T0        : 200
scheduler_eta_min   : 1e-05
log_dir             : ./training_logs
experiment_name     : T1wRBA_Enhanced
augmentation        : True
reshape             : (91, 109, 91)
resume_from_checkpoint: None
2025-11-27 21:05:33,664 INFO 
Hyperparameters:
train_csv           : /home/caojiaxiang/brain age/cjx/5-fold/train_1.csv
val_csv             : /home/caojiaxiang/brain age/cjx/5-fold/val_1.csv
batch_size          : 16
num_workers         : 2
channel             : 16
embed_dim           : 128
num_heads           : 8
num_layers          : 6
hidden_dim          : 512
dropout             : 0.1
lambda_consistency  : 0.02
lambda_grad         : 0.1
noise_sigma         : 0.1
num_regions         : 117
lambda_rba          : 0.001
epochs              : 400
learning_rate       : 0.0001
weight_decay        : 0.01
scheduler_T0        : 200
scheduler_eta_min   : 1e-05
log_dir             : ./training_logs
experiment_name     : T1wRBA_Enhanced
augmentation        : True
reshape             : (91, 109, 91)
resume_from_checkpoint: None
2025-11-27 21:05:33,668 INFO 
Hyperparameters:
train_csv           : /home/caojiaxiang/brain age/cjx/5-fold/train_1.csv
val_csv             : /home/caojiaxiang/brain age/cjx/5-fold/val_1.csv
batch_size          : 16
num_workers         : 2
channel             : 16
embed_dim           : 128
num_heads           : 8
num_layers          : 6
hidden_dim          : 512
dropout             : 0.1
lambda_consistency  : 0.02
lambda_grad         : 0.1
noise_sigma         : 0.1
num_regions         : 117
lambda_rba          : 0.001
epochs              : 400
learning_rate       : 0.0001
weight_decay        : 0.01
scheduler_T0        : 200
scheduler_eta_min   : 1e-05
log_dir             : ./training_logs
experiment_name     : T1wRBA_Enhanced
augmentation        : True
reshape             : (91, 109, 91)
resume_from_checkpoint: None
2025-11-27 21:05:33,698 INFO 
Hyperparameters:
train_csv           : /home/caojiaxiang/brain age/cjx/5-fold/train_1.csv
val_csv             : /home/caojiaxiang/brain age/cjx/5-fold/val_1.csv
batch_size          : 16
num_workers         : 2
channel             : 16
embed_dim           : 128
num_heads           : 8
num_layers          : 6
hidden_dim          : 512
dropout             : 0.1
lambda_consistency  : 0.02
lambda_grad         : 0.1
noise_sigma         : 0.1
num_regions         : 117
lambda_rba          : 0.001
epochs              : 400
learning_rate       : 0.0001
weight_decay        : 0.01
scheduler_T0        : 200
scheduler_eta_min   : 1e-05
log_dir             : ./training_logs
experiment_name     : T1wRBA_Enhanced
augmentation        : True
reshape             : (91, 109, 91)
resume_from_checkpoint: None
2025-11-27 21:05:33,714 INFO 
Hyperparameters:
train_csv           : /home/caojiaxiang/brain age/cjx/5-fold/train_1.csv
val_csv             : /home/caojiaxiang/brain age/cjx/5-fold/val_1.csv
batch_size          : 16
num_workers         : 2
channel             : 16
embed_dim           : 128
num_heads           : 8
num_layers          : 6
hidden_dim          : 512
dropout             : 0.1
lambda_consistency  : 0.02
lambda_grad         : 0.1
noise_sigma         : 0.1
num_regions         : 117
lambda_rba          : 0.001
epochs              : 400
learning_rate       : 0.0001
weight_decay        : 0.01
scheduler_T0        : 200
scheduler_eta_min   : 1e-05
log_dir             : ./training_logs
experiment_name     : T1wRBA_Enhanced
augmentation        : True
reshape             : (91, 109, 91)
resume_from_checkpoint: None
2025-11-27 21:05:33,733 INFO 
Hyperparameters:
train_csv           : /home/caojiaxiang/brain age/cjx/5-fold/train_1.csv
val_csv             : /home/caojiaxiang/brain age/cjx/5-fold/val_1.csv
batch_size          : 16
num_workers         : 2
channel             : 16
embed_dim           : 128
num_heads           : 8
num_layers          : 6
hidden_dim          : 512
dropout             : 0.1
lambda_consistency  : 0.02
lambda_grad         : 0.1
noise_sigma         : 0.1
num_regions         : 117
lambda_rba          : 0.001
epochs              : 400
learning_rate       : 0.0001
weight_decay        : 0.01
scheduler_T0        : 200
scheduler_eta_min   : 1e-05
log_dir             : ./training_logs
experiment_name     : T1wRBA_Enhanced
augmentation        : True
reshape             : (91, 109, 91)
resume_from_checkpoint: None
2025-11-27 21:05:33,768 INFO 
Hyperparameters:
train_csv           : /home/caojiaxiang/brain age/cjx/5-fold/train_1.csv
val_csv             : /home/caojiaxiang/brain age/cjx/5-fold/val_1.csv
batch_size          : 16
num_workers         : 2
channel             : 16
embed_dim           : 128
num_heads           : 8
num_layers          : 6
hidden_dim          : 512
dropout             : 0.1
lambda_consistency  : 0.02
lambda_grad         : 0.1
noise_sigma         : 0.1
num_regions         : 117
lambda_rba          : 0.001
epochs              : 400
learning_rate       : 0.0001
weight_decay        : 0.01
scheduler_T0        : 200
scheduler_eta_min   : 1e-05
log_dir             : ./training_logs
experiment_name     : T1wRBA_Enhanced
augmentation        : True
reshape             : (91, 109, 91)
resume_from_checkpoint: None
2025-11-27 21:05:33,779 INFO 
Hyperparameters:
train_csv           : /home/caojiaxiang/brain age/cjx/5-fold/train_1.csv
val_csv             : /home/caojiaxiang/brain age/cjx/5-fold/val_1.csv
batch_size          : 16
num_workers         : 2
channel             : 16
embed_dim           : 128
num_heads           : 8
num_layers          : 6
hidden_dim          : 512
dropout             : 0.1
lambda_consistency  : 0.02
lambda_grad         : 0.1
noise_sigma         : 0.1
num_regions         : 117
lambda_rba          : 0.001
epochs              : 400
learning_rate       : 0.0001
weight_decay        : 0.01
scheduler_T0        : 200
scheduler_eta_min   : 1e-05
log_dir             : ./training_logs
experiment_name     : T1wRBA_Enhanced
augmentation        : True
reshape             : (91, 109, 91)
resume_from_checkpoint: None
2025-11-27 21:05:33,809 INFO 
Hyperparameters:
train_csv           : /home/caojiaxiang/brain age/cjx/5-fold/train_1.csv
val_csv             : /home/caojiaxiang/brain age/cjx/5-fold/val_1.csv
batch_size          : 16
num_workers         : 2
channel             : 16
embed_dim           : 128
num_heads           : 8
num_layers          : 6
hidden_dim          : 512
dropout             : 0.1
lambda_consistency  : 0.02
lambda_grad         : 0.1
noise_sigma         : 0.1
num_regions         : 117
lambda_rba          : 0.001
epochs              : 400
learning_rate       : 0.0001
weight_decay        : 0.01
scheduler_T0        : 200
scheduler_eta_min   : 1e-05
log_dir             : ./training_logs
experiment_name     : T1wRBA_Enhanced
augmentation        : True
reshape             : (91, 109, 91)
resume_from_checkpoint: None
2025-11-27 21:08:48,060 INFO The used dataset had no length, returning gathered tensors. You should drop the remainder yourself.
2025-11-27 21:08:48,188 INFO The used dataset had no length, returning gathered tensors. You should drop the remainder yourself.
2025-11-27 21:12:22,148 INFO 
Hyperparameters:
train_csv           : /home/caojiaxiang/brain age/cjx/5-fold/train_1.csv
val_csv             : /home/caojiaxiang/brain age/cjx/5-fold/val_1.csv
batch_size          : 16
num_workers         : 2
channel             : 16
embed_dim           : 128
num_heads           : 8
num_layers          : 6
hidden_dim          : 512
dropout             : 0.1
lambda_consistency  : 0.02
lambda_grad         : 0.1
noise_sigma         : 0.1
num_regions         : 117
lambda_rba          : 0.001
epochs              : 400
learning_rate       : 0.0001
weight_decay        : 0.01
scheduler_T0        : 200
scheduler_eta_min   : 1e-05
log_dir             : ./training_logs
experiment_name     : T1wRBA_Enhanced
augmentation        : True
reshape             : (91, 109, 91)
resume_from_checkpoint: None
2025-11-27 21:12:22,558 INFO 
Hyperparameters:
train_csv           : /home/caojiaxiang/brain age/cjx/5-fold/train_1.csv
val_csv             : /home/caojiaxiang/brain age/cjx/5-fold/val_1.csv
batch_size          : 16
num_workers         : 2
channel             : 16
embed_dim           : 128
num_heads           : 8
num_layers          : 6
hidden_dim          : 512
dropout             : 0.1
lambda_consistency  : 0.02
lambda_grad         : 0.1
noise_sigma         : 0.1
num_regions         : 117
lambda_rba          : 0.001
epochs              : 400
learning_rate       : 0.0001
weight_decay        : 0.01
scheduler_T0        : 200
scheduler_eta_min   : 1e-05
log_dir             : ./training_logs
experiment_name     : T1wRBA_Enhanced
augmentation        : True
reshape             : (91, 109, 91)
resume_from_checkpoint: None
2025-11-27 21:12:22,569 INFO 
Hyperparameters:
train_csv           : /home/caojiaxiang/brain age/cjx/5-fold/train_1.csv
val_csv             : /home/caojiaxiang/brain age/cjx/5-fold/val_1.csv
batch_size          : 16
num_workers         : 2
channel             : 16
embed_dim           : 128
num_heads           : 8
num_layers          : 6
hidden_dim          : 512
dropout             : 0.1
lambda_consistency  : 0.02
lambda_grad         : 0.1
noise_sigma         : 0.1
num_regions         : 117
lambda_rba          : 0.001
epochs              : 400
learning_rate       : 0.0001
weight_decay        : 0.01
scheduler_T0        : 200
scheduler_eta_min   : 1e-05
log_dir             : ./training_logs
experiment_name     : T1wRBA_Enhanced
augmentation        : True
reshape             : (91, 109, 91)
resume_from_checkpoint: None
2025-11-27 21:12:22,576 INFO 
Hyperparameters:
train_csv           : /home/caojiaxiang/brain age/cjx/5-fold/train_1.csv
val_csv             : /home/caojiaxiang/brain age/cjx/5-fold/val_1.csv
batch_size          : 16
num_workers         : 2
channel             : 16
embed_dim           : 128
num_heads           : 8
num_layers          : 6
hidden_dim          : 512
dropout             : 0.1
lambda_consistency  : 0.02
lambda_grad         : 0.1
noise_sigma         : 0.1
num_regions         : 117
lambda_rba          : 0.001
epochs              : 400
learning_rate       : 0.0001
weight_decay        : 0.01
scheduler_T0        : 200
scheduler_eta_min   : 1e-05
log_dir             : ./training_logs
experiment_name     : T1wRBA_Enhanced
augmentation        : True
reshape             : (91, 109, 91)
resume_from_checkpoint: None
2025-11-27 21:12:22,603 INFO 
Hyperparameters:
train_csv           : /home/caojiaxiang/brain age/cjx/5-fold/train_1.csv
val_csv             : /home/caojiaxiang/brain age/cjx/5-fold/val_1.csv
batch_size          : 16
num_workers         : 2
channel             : 16
embed_dim           : 128
num_heads           : 8
num_layers          : 6
hidden_dim          : 512
dropout             : 0.1
lambda_consistency  : 0.02
lambda_grad         : 0.1
noise_sigma         : 0.1
num_regions         : 117
lambda_rba          : 0.001
epochs              : 400
learning_rate       : 0.0001
weight_decay        : 0.01
scheduler_T0        : 200
scheduler_eta_min   : 1e-05
log_dir             : ./training_logs
experiment_name     : T1wRBA_Enhanced
augmentation        : True
reshape             : (91, 109, 91)
resume_from_checkpoint: None
2025-11-27 21:12:22,613 INFO 
Hyperparameters:
train_csv           : /home/caojiaxiang/brain age/cjx/5-fold/train_1.csv
val_csv             : /home/caojiaxiang/brain age/cjx/5-fold/val_1.csv
batch_size          : 16
num_workers         : 2
channel             : 16
embed_dim           : 128
num_heads           : 8
num_layers          : 6
hidden_dim          : 512
dropout             : 0.1
lambda_consistency  : 0.02
lambda_grad         : 0.1
noise_sigma         : 0.1
num_regions         : 117
lambda_rba          : 0.001
epochs              : 400
learning_rate       : 0.0001
weight_decay        : 0.01
scheduler_T0        : 200
scheduler_eta_min   : 1e-05
log_dir             : ./training_logs
experiment_name     : T1wRBA_Enhanced
augmentation        : True
reshape             : (91, 109, 91)
resume_from_checkpoint: None
2025-11-27 21:12:22,658 INFO 
Hyperparameters:
train_csv           : /home/caojiaxiang/brain age/cjx/5-fold/train_1.csv
val_csv             : /home/caojiaxiang/brain age/cjx/5-fold/val_1.csv
batch_size          : 16
num_workers         : 2
channel             : 16
embed_dim           : 128
num_heads           : 8
num_layers          : 6
hidden_dim          : 512
dropout             : 0.1
lambda_consistency  : 0.02
lambda_grad         : 0.1
noise_sigma         : 0.1
num_regions         : 117
lambda_rba          : 0.001
epochs              : 400
learning_rate       : 0.0001
weight_decay        : 0.01
scheduler_T0        : 200
scheduler_eta_min   : 1e-05
log_dir             : ./training_logs
experiment_name     : T1wRBA_Enhanced
augmentation        : True
reshape             : (91, 109, 91)
resume_from_checkpoint: None
2025-11-27 21:12:22,661 INFO 
Hyperparameters:
train_csv           : /home/caojiaxiang/brain age/cjx/5-fold/train_1.csv
val_csv             : /home/caojiaxiang/brain age/cjx/5-fold/val_1.csv
batch_size          : 16
num_workers         : 2
channel             : 16
embed_dim           : 128
num_heads           : 8
num_layers          : 6
hidden_dim          : 512
dropout             : 0.1
lambda_consistency  : 0.02
lambda_grad         : 0.1
noise_sigma         : 0.1
num_regions         : 117
lambda_rba          : 0.001
epochs              : 400
learning_rate       : 0.0001
weight_decay        : 0.01
scheduler_T0        : 200
scheduler_eta_min   : 1e-05
log_dir             : ./training_logs
experiment_name     : T1wRBA_Enhanced
augmentation        : True
reshape             : (91, 109, 91)
resume_from_checkpoint: None
2025-11-27 21:12:53,883 INFO 
Hyperparameters:
train_csv           : /home/caojiaxiang/brain age/cjx/5-fold/train_1.csv
val_csv             : /home/caojiaxiang/brain age/cjx/5-fold/val_1.csv
batch_size          : 16
num_workers         : 2
channel             : 16
embed_dim           : 128
num_heads           : 8
num_layers          : 6
hidden_dim          : 512
dropout             : 0.1
lambda_consistency  : 0.02
lambda_grad         : 0.1
noise_sigma         : 0.1
num_regions         : 117
lambda_rba          : 0.001
epochs              : 400
learning_rate       : 0.0001
weight_decay        : 0.01
scheduler_T0        : 200
scheduler_eta_min   : 1e-05
log_dir             : ./training_logs
experiment_name     : T1wRBA_Enhanced
augmentation        : True
reshape             : (91, 109, 91)
resume_from_checkpoint: None
2025-11-27 21:12:53,951 INFO 
Hyperparameters:
train_csv           : /home/caojiaxiang/brain age/cjx/5-fold/train_1.csv
val_csv             : /home/caojiaxiang/brain age/cjx/5-fold/val_1.csv
batch_size          : 16
num_workers         : 2
channel             : 16
embed_dim           : 128
num_heads           : 8
num_layers          : 6
hidden_dim          : 512
dropout             : 0.1
lambda_consistency  : 0.02
lambda_grad         : 0.1
noise_sigma         : 0.1
num_regions         : 117
lambda_rba          : 0.001
epochs              : 400
learning_rate       : 0.0001
weight_decay        : 0.01
scheduler_T0        : 200
scheduler_eta_min   : 1e-05
log_dir             : ./training_logs
experiment_name     : T1wRBA_Enhanced
augmentation        : True
reshape             : (91, 109, 91)
resume_from_checkpoint: None
2025-11-27 21:12:53,973 INFO 
Hyperparameters:
train_csv           : /home/caojiaxiang/brain age/cjx/5-fold/train_1.csv
val_csv             : /home/caojiaxiang/brain age/cjx/5-fold/val_1.csv
batch_size          : 16
num_workers         : 2
channel             : 16
embed_dim           : 128
num_heads           : 8
num_layers          : 6
hidden_dim          : 512
dropout             : 0.1
lambda_consistency  : 0.02
lambda_grad         : 0.1
noise_sigma         : 0.1
num_regions         : 117
lambda_rba          : 0.001
epochs              : 400
learning_rate       : 0.0001
weight_decay        : 0.01
scheduler_T0        : 200
scheduler_eta_min   : 1e-05
log_dir             : ./training_logs
experiment_name     : T1wRBA_Enhanced
augmentation        : True
reshape             : (91, 109, 91)
resume_from_checkpoint: None
2025-11-27 21:12:53,980 INFO 
Hyperparameters:
train_csv           : /home/caojiaxiang/brain age/cjx/5-fold/train_1.csv
val_csv             : /home/caojiaxiang/brain age/cjx/5-fold/val_1.csv
batch_size          : 16
num_workers         : 2
channel             : 16
embed_dim           : 128
num_heads           : 8
num_layers          : 6
hidden_dim          : 512
dropout             : 0.1
lambda_consistency  : 0.02
lambda_grad         : 0.1
noise_sigma         : 0.1
num_regions         : 117
lambda_rba          : 0.001
epochs              : 400
learning_rate       : 0.0001
weight_decay        : 0.01
scheduler_T0        : 200
scheduler_eta_min   : 1e-05
log_dir             : ./training_logs
experiment_name     : T1wRBA_Enhanced
augmentation        : True
reshape             : (91, 109, 91)
resume_from_checkpoint: None
2025-11-27 21:12:54,015 INFO 
Hyperparameters:
train_csv           : /home/caojiaxiang/brain age/cjx/5-fold/train_1.csv
val_csv             : /home/caojiaxiang/brain age/cjx/5-fold/val_1.csv
batch_size          : 16
num_workers         : 2
channel             : 16
embed_dim           : 128
num_heads           : 8
num_layers          : 6
hidden_dim          : 512
dropout             : 0.1
lambda_consistency  : 0.02
lambda_grad         : 0.1
noise_sigma         : 0.1
num_regions         : 117
lambda_rba          : 0.001
epochs              : 400
learning_rate       : 0.0001
weight_decay        : 0.01
scheduler_T0        : 200
scheduler_eta_min   : 1e-05
log_dir             : ./training_logs
experiment_name     : T1wRBA_Enhanced
augmentation        : True
reshape             : (91, 109, 91)
resume_from_checkpoint: None
2025-11-27 21:12:54,025 INFO 
Hyperparameters:
train_csv           : /home/caojiaxiang/brain age/cjx/5-fold/train_1.csv
val_csv             : /home/caojiaxiang/brain age/cjx/5-fold/val_1.csv
batch_size          : 16
num_workers         : 2
channel             : 16
embed_dim           : 128
num_heads           : 8
num_layers          : 6
hidden_dim          : 512
dropout             : 0.1
lambda_consistency  : 0.02
lambda_grad         : 0.1
noise_sigma         : 0.1
num_regions         : 117
lambda_rba          : 0.001
epochs              : 400
learning_rate       : 0.0001
weight_decay        : 0.01
scheduler_T0        : 200
scheduler_eta_min   : 1e-05
log_dir             : ./training_logs
experiment_name     : T1wRBA_Enhanced
augmentation        : True
reshape             : (91, 109, 91)
resume_from_checkpoint: None
2025-11-27 21:12:54,039 INFO 
Hyperparameters:
train_csv           : /home/caojiaxiang/brain age/cjx/5-fold/train_1.csv
val_csv             : /home/caojiaxiang/brain age/cjx/5-fold/val_1.csv
batch_size          : 16
num_workers         : 2
channel             : 16
embed_dim           : 128
num_heads           : 8
num_layers          : 6
hidden_dim          : 512
dropout             : 0.1
lambda_consistency  : 0.02
lambda_grad         : 0.1
noise_sigma         : 0.1
num_regions         : 117
lambda_rba          : 0.001
epochs              : 400
learning_rate       : 0.0001
weight_decay        : 0.01
scheduler_T0        : 200
scheduler_eta_min   : 1e-05
log_dir             : ./training_logs
experiment_name     : T1wRBA_Enhanced
augmentation        : True
reshape             : (91, 109, 91)
resume_from_checkpoint: None
2025-11-27 21:12:54,047 INFO 
Hyperparameters:
train_csv           : /home/caojiaxiang/brain age/cjx/5-fold/train_1.csv
val_csv             : /home/caojiaxiang/brain age/cjx/5-fold/val_1.csv
batch_size          : 16
num_workers         : 2
channel             : 16
embed_dim           : 128
num_heads           : 8
num_layers          : 6
hidden_dim          : 512
dropout             : 0.1
lambda_consistency  : 0.02
lambda_grad         : 0.1
noise_sigma         : 0.1
num_regions         : 117
lambda_rba          : 0.001
epochs              : 400
learning_rate       : 0.0001
weight_decay        : 0.01
scheduler_T0        : 200
scheduler_eta_min   : 1e-05
log_dir             : ./training_logs
experiment_name     : T1wRBA_Enhanced
augmentation        : True
reshape             : (91, 109, 91)
resume_from_checkpoint: None
2025-11-27 21:18:12,828 INFO 
Hyperparameters:
train_csv           : /home/caojiaxiang/brain age/cjx/5-fold/train_1.csv
val_csv             : /home/caojiaxiang/brain age/cjx/5-fold/val_1.csv
batch_size          : 16
num_workers         : 2
channel             : 16
embed_dim           : 128
num_heads           : 8
num_layers          : 6
hidden_dim          : 512
dropout             : 0.1
lambda_consistency  : 0.02
lambda_grad         : 0.1
noise_sigma         : 0.1
num_regions         : 117
lambda_rba          : 0.001
epochs              : 400
learning_rate       : 0.0001
weight_decay        : 0.01
scheduler_T0        : 200
scheduler_eta_min   : 1e-05
log_dir             : ./training_logs
experiment_name     : T1wRBA_Enhanced
augmentation        : True
reshape             : (91, 109, 91)
resume_from_checkpoint: None
2025-11-27 21:18:13,112 INFO 
Hyperparameters:
train_csv           : /home/caojiaxiang/brain age/cjx/5-fold/train_1.csv
val_csv             : /home/caojiaxiang/brain age/cjx/5-fold/val_1.csv
batch_size          : 16
num_workers         : 2
channel             : 16
embed_dim           : 128
num_heads           : 8
num_layers          : 6
hidden_dim          : 512
dropout             : 0.1
lambda_consistency  : 0.02
lambda_grad         : 0.1
noise_sigma         : 0.1
num_regions         : 117
lambda_rba          : 0.001
epochs              : 400
learning_rate       : 0.0001
weight_decay        : 0.01
scheduler_T0        : 200
scheduler_eta_min   : 1e-05
log_dir             : ./training_logs
experiment_name     : T1wRBA_Enhanced
augmentation        : True
reshape             : (91, 109, 91)
resume_from_checkpoint: None
2025-11-27 21:18:13,162 INFO 
Hyperparameters:
train_csv           : /home/caojiaxiang/brain age/cjx/5-fold/train_1.csv
val_csv             : /home/caojiaxiang/brain age/cjx/5-fold/val_1.csv
batch_size          : 16
num_workers         : 2
channel             : 16
embed_dim           : 128
num_heads           : 8
num_layers          : 6
hidden_dim          : 512
dropout             : 0.1
lambda_consistency  : 0.02
lambda_grad         : 0.1
noise_sigma         : 0.1
num_regions         : 117
lambda_rba          : 0.001
epochs              : 400
learning_rate       : 0.0001
weight_decay        : 0.01
scheduler_T0        : 200
scheduler_eta_min   : 1e-05
log_dir             : ./training_logs
experiment_name     : T1wRBA_Enhanced
augmentation        : True
reshape             : (91, 109, 91)
resume_from_checkpoint: None
2025-11-27 21:18:13,212 INFO 
Hyperparameters:
train_csv           : /home/caojiaxiang/brain age/cjx/5-fold/train_1.csv
val_csv             : /home/caojiaxiang/brain age/cjx/5-fold/val_1.csv
batch_size          : 16
num_workers         : 2
channel             : 16
embed_dim           : 128
num_heads           : 8
num_layers          : 6
hidden_dim          : 512
dropout             : 0.1
lambda_consistency  : 0.02
lambda_grad         : 0.1
noise_sigma         : 0.1
num_regions         : 117
lambda_rba          : 0.001
epochs              : 400
learning_rate       : 0.0001
weight_decay        : 0.01
scheduler_T0        : 200
scheduler_eta_min   : 1e-05
log_dir             : ./training_logs
experiment_name     : T1wRBA_Enhanced
augmentation        : True
reshape             : (91, 109, 91)
resume_from_checkpoint: None
2025-11-27 21:18:13,213 INFO 
Hyperparameters:
train_csv           : /home/caojiaxiang/brain age/cjx/5-fold/train_1.csv
val_csv             : /home/caojiaxiang/brain age/cjx/5-fold/val_1.csv
batch_size          : 16
num_workers         : 2
channel             : 16
embed_dim           : 128
num_heads           : 8
num_layers          : 6
hidden_dim          : 512
dropout             : 0.1
lambda_consistency  : 0.02
lambda_grad         : 0.1
noise_sigma         : 0.1
num_regions         : 117
lambda_rba          : 0.001
epochs              : 400
learning_rate       : 0.0001
weight_decay        : 0.01
scheduler_T0        : 200
scheduler_eta_min   : 1e-05
log_dir             : ./training_logs
experiment_name     : T1wRBA_Enhanced
augmentation        : True
reshape             : (91, 109, 91)
resume_from_checkpoint: None
2025-11-27 21:18:13,233 INFO 
Hyperparameters:
train_csv           : /home/caojiaxiang/brain age/cjx/5-fold/train_1.csv
val_csv             : /home/caojiaxiang/brain age/cjx/5-fold/val_1.csv
batch_size          : 16
num_workers         : 2
channel             : 16
embed_dim           : 128
num_heads           : 8
num_layers          : 6
hidden_dim          : 512
dropout             : 0.1
lambda_consistency  : 0.02
lambda_grad         : 0.1
noise_sigma         : 0.1
num_regions         : 117
lambda_rba          : 0.001
epochs              : 400
learning_rate       : 0.0001
weight_decay        : 0.01
scheduler_T0        : 200
scheduler_eta_min   : 1e-05
log_dir             : ./training_logs
experiment_name     : T1wRBA_Enhanced
augmentation        : True
reshape             : (91, 109, 91)
resume_from_checkpoint: None
2025-11-27 21:18:13,238 INFO 
Hyperparameters:
train_csv           : /home/caojiaxiang/brain age/cjx/5-fold/train_1.csv
val_csv             : /home/caojiaxiang/brain age/cjx/5-fold/val_1.csv
batch_size          : 16
num_workers         : 2
channel             : 16
embed_dim           : 128
num_heads           : 8
num_layers          : 6
hidden_dim          : 512
dropout             : 0.1
lambda_consistency  : 0.02
lambda_grad         : 0.1
noise_sigma         : 0.1
num_regions         : 117
lambda_rba          : 0.001
epochs              : 400
learning_rate       : 0.0001
weight_decay        : 0.01
scheduler_T0        : 200
scheduler_eta_min   : 1e-05
log_dir             : ./training_logs
experiment_name     : T1wRBA_Enhanced
augmentation        : True
reshape             : (91, 109, 91)
resume_from_checkpoint: None
2025-11-27 21:18:13,338 INFO 
Hyperparameters:
train_csv           : /home/caojiaxiang/brain age/cjx/5-fold/train_1.csv
val_csv             : /home/caojiaxiang/brain age/cjx/5-fold/val_1.csv
batch_size          : 16
num_workers         : 2
channel             : 16
embed_dim           : 128
num_heads           : 8
num_layers          : 6
hidden_dim          : 512
dropout             : 0.1
lambda_consistency  : 0.02
lambda_grad         : 0.1
noise_sigma         : 0.1
num_regions         : 117
lambda_rba          : 0.001
epochs              : 400
learning_rate       : 0.0001
weight_decay        : 0.01
scheduler_T0        : 200
scheduler_eta_min   : 1e-05
log_dir             : ./training_logs
experiment_name     : T1wRBA_Enhanced
augmentation        : True
reshape             : (91, 109, 91)
resume_from_checkpoint: None
2025-11-27 21:20:27,576 INFO 
Hyperparameters:
train_csv           : /home/caojiaxiang/brain age/cjx/5-fold/train_1.csv
val_csv             : /home/caojiaxiang/brain age/cjx/5-fold/val_1.csv
batch_size          : 16
num_workers         : 2
channel             : 16
embed_dim           : 128
num_heads           : 8
num_layers          : 6
hidden_dim          : 512
dropout             : 0.1
lambda_consistency  : 0.02
lambda_grad         : 0.1
noise_sigma         : 0.1
num_regions         : 117
lambda_rba          : 0.001
epochs              : 400
learning_rate       : 0.0001
weight_decay        : 0.01
scheduler_T0        : 200
scheduler_eta_min   : 1e-05
log_dir             : ./training_logs
experiment_name     : T1wRBA_Enhanced
augmentation        : True
reshape             : (91, 109, 91)
resume_from_checkpoint: None
2025-11-27 21:20:27,684 INFO 
Hyperparameters:
train_csv           : /home/caojiaxiang/brain age/cjx/5-fold/train_1.csv
val_csv             : /home/caojiaxiang/brain age/cjx/5-fold/val_1.csv
batch_size          : 16
num_workers         : 2
channel             : 16
embed_dim           : 128
num_heads           : 8
num_layers          : 6
hidden_dim          : 512
dropout             : 0.1
lambda_consistency  : 0.02
lambda_grad         : 0.1
noise_sigma         : 0.1
num_regions         : 117
lambda_rba          : 0.001
epochs              : 400
learning_rate       : 0.0001
weight_decay        : 0.01
scheduler_T0        : 200
scheduler_eta_min   : 1e-05
log_dir             : ./training_logs
experiment_name     : T1wRBA_Enhanced
augmentation        : True
reshape             : (91, 109, 91)
resume_from_checkpoint: None
2025-11-27 21:20:27,687 INFO 
Hyperparameters:
train_csv           : /home/caojiaxiang/brain age/cjx/5-fold/train_1.csv
val_csv             : /home/caojiaxiang/brain age/cjx/5-fold/val_1.csv
batch_size          : 16
num_workers         : 2
channel             : 16
embed_dim           : 128
num_heads           : 8
num_layers          : 6
hidden_dim          : 512
dropout             : 0.1
lambda_consistency  : 0.02
lambda_grad         : 0.1
noise_sigma         : 0.1
num_regions         : 117
lambda_rba          : 0.001
epochs              : 400
learning_rate       : 0.0001
weight_decay        : 0.01
scheduler_T0        : 200
scheduler_eta_min   : 1e-05
log_dir             : ./training_logs
experiment_name     : T1wRBA_Enhanced
augmentation        : True
reshape             : (91, 109, 91)
resume_from_checkpoint: None
2025-11-27 21:20:27,708 INFO 
Hyperparameters:
train_csv           : /home/caojiaxiang/brain age/cjx/5-fold/train_1.csv
val_csv             : /home/caojiaxiang/brain age/cjx/5-fold/val_1.csv
batch_size          : 16
num_workers         : 2
channel             : 16
embed_dim           : 128
num_heads           : 8
num_layers          : 6
hidden_dim          : 512
dropout             : 0.1
lambda_consistency  : 0.02
lambda_grad         : 0.1
noise_sigma         : 0.1
num_regions         : 117
lambda_rba          : 0.001
epochs              : 400
learning_rate       : 0.0001
weight_decay        : 0.01
scheduler_T0        : 200
scheduler_eta_min   : 1e-05
log_dir             : ./training_logs
experiment_name     : T1wRBA_Enhanced
augmentation        : True
reshape             : (91, 109, 91)
resume_from_checkpoint: None
2025-11-27 21:20:27,737 INFO 
Hyperparameters:
train_csv           : /home/caojiaxiang/brain age/cjx/5-fold/train_1.csv
val_csv             : /home/caojiaxiang/brain age/cjx/5-fold/val_1.csv
batch_size          : 16
num_workers         : 2
channel             : 16
embed_dim           : 128
num_heads           : 8
num_layers          : 6
hidden_dim          : 512
dropout             : 0.1
lambda_consistency  : 0.02
lambda_grad         : 0.1
noise_sigma         : 0.1
num_regions         : 117
lambda_rba          : 0.001
epochs              : 400
learning_rate       : 0.0001
weight_decay        : 0.01
scheduler_T0        : 200
scheduler_eta_min   : 1e-05
log_dir             : ./training_logs
experiment_name     : T1wRBA_Enhanced
augmentation        : True
reshape             : (91, 109, 91)
resume_from_checkpoint: None
2025-11-27 21:20:27,833 INFO 
Hyperparameters:
train_csv           : /home/caojiaxiang/brain age/cjx/5-fold/train_1.csv
val_csv             : /home/caojiaxiang/brain age/cjx/5-fold/val_1.csv
batch_size          : 16
num_workers         : 2
channel             : 16
embed_dim           : 128
num_heads           : 8
num_layers          : 6
hidden_dim          : 512
dropout             : 0.1
lambda_consistency  : 0.02
lambda_grad         : 0.1
noise_sigma         : 0.1
num_regions         : 117
lambda_rba          : 0.001
epochs              : 400
learning_rate       : 0.0001
weight_decay        : 0.01
scheduler_T0        : 200
scheduler_eta_min   : 1e-05
log_dir             : ./training_logs
experiment_name     : T1wRBA_Enhanced
augmentation        : True
reshape             : (91, 109, 91)
resume_from_checkpoint: None
2025-11-27 21:20:27,846 INFO 
Hyperparameters:
train_csv           : /home/caojiaxiang/brain age/cjx/5-fold/train_1.csv
val_csv             : /home/caojiaxiang/brain age/cjx/5-fold/val_1.csv
batch_size          : 16
num_workers         : 2
channel             : 16
embed_dim           : 128
num_heads           : 8
num_layers          : 6
hidden_dim          : 512
dropout             : 0.1
lambda_consistency  : 0.02
lambda_grad         : 0.1
noise_sigma         : 0.1
num_regions         : 117
lambda_rba          : 0.001
epochs              : 400
learning_rate       : 0.0001
weight_decay        : 0.01
scheduler_T0        : 200
scheduler_eta_min   : 1e-05
log_dir             : ./training_logs
experiment_name     : T1wRBA_Enhanced
augmentation        : True
reshape             : (91, 109, 91)
resume_from_checkpoint: None
2025-11-27 21:20:27,848 INFO 
Hyperparameters:
train_csv           : /home/caojiaxiang/brain age/cjx/5-fold/train_1.csv
val_csv             : /home/caojiaxiang/brain age/cjx/5-fold/val_1.csv
batch_size          : 16
num_workers         : 2
channel             : 16
embed_dim           : 128
num_heads           : 8
num_layers          : 6
hidden_dim          : 512
dropout             : 0.1
lambda_consistency  : 0.02
lambda_grad         : 0.1
noise_sigma         : 0.1
num_regions         : 117
lambda_rba          : 0.001
epochs              : 400
learning_rate       : 0.0001
weight_decay        : 0.01
scheduler_T0        : 200
scheduler_eta_min   : 1e-05
log_dir             : ./training_logs
experiment_name     : T1wRBA_Enhanced
augmentation        : True
reshape             : (91, 109, 91)
resume_from_checkpoint: None
2025-11-27 21:22:23,401 INFO 
Hyperparameters:
train_csv           : /home/caojiaxiang/brain age/cjx/5-fold/train_1.csv
val_csv             : /home/caojiaxiang/brain age/cjx/5-fold/val_1.csv
batch_size          : 16
num_workers         : 2
channel             : 16
embed_dim           : 128
num_heads           : 8
num_layers          : 6
hidden_dim          : 512
dropout             : 0.1
lambda_consistency  : 0.02
lambda_grad         : 0.1
noise_sigma         : 0.1
num_regions         : 117
lambda_rba          : 0.001
epochs              : 400
learning_rate       : 1e-08
weight_decay        : 0.01
scheduler_T0        : 200
scheduler_eta_min   : 1e-05
log_dir             : ./training_logs
experiment_name     : T1wRBA_Enhanced
augmentation        : True
reshape             : (91, 109, 91)
resume_from_checkpoint: None
2025-11-27 21:22:23,520 INFO 
Hyperparameters:
train_csv           : /home/caojiaxiang/brain age/cjx/5-fold/train_1.csv
val_csv             : /home/caojiaxiang/brain age/cjx/5-fold/val_1.csv
batch_size          : 16
num_workers         : 2
channel             : 16
embed_dim           : 128
num_heads           : 8
num_layers          : 6
hidden_dim          : 512
dropout             : 0.1
lambda_consistency  : 0.02
lambda_grad         : 0.1
noise_sigma         : 0.1
num_regions         : 117
lambda_rba          : 0.001
epochs              : 400
learning_rate       : 1e-08
weight_decay        : 0.01
scheduler_T0        : 200
scheduler_eta_min   : 1e-05
log_dir             : ./training_logs
experiment_name     : T1wRBA_Enhanced
augmentation        : True
reshape             : (91, 109, 91)
resume_from_checkpoint: None
2025-11-27 21:22:23,660 INFO 
Hyperparameters:
train_csv           : /home/caojiaxiang/brain age/cjx/5-fold/train_1.csv
val_csv             : /home/caojiaxiang/brain age/cjx/5-fold/val_1.csv
batch_size          : 16
num_workers         : 2
channel             : 16
embed_dim           : 128
num_heads           : 8
num_layers          : 6
hidden_dim          : 512
dropout             : 0.1
lambda_consistency  : 0.02
lambda_grad         : 0.1
noise_sigma         : 0.1
num_regions         : 117
lambda_rba          : 0.001
epochs              : 400
learning_rate       : 1e-08
weight_decay        : 0.01
scheduler_T0        : 200
scheduler_eta_min   : 1e-05
log_dir             : ./training_logs
experiment_name     : T1wRBA_Enhanced
augmentation        : True
reshape             : (91, 109, 91)
resume_from_checkpoint: None
2025-11-27 21:22:23,700 INFO 
Hyperparameters:
train_csv           : /home/caojiaxiang/brain age/cjx/5-fold/train_1.csv
val_csv             : /home/caojiaxiang/brain age/cjx/5-fold/val_1.csv
batch_size          : 16
num_workers         : 2
channel             : 16
embed_dim           : 128
num_heads           : 8
num_layers          : 6
hidden_dim          : 512
dropout             : 0.1
lambda_consistency  : 0.02
lambda_grad         : 0.1
noise_sigma         : 0.1
num_regions         : 117
lambda_rba          : 0.001
epochs              : 400
learning_rate       : 1e-08
weight_decay        : 0.01
scheduler_T0        : 200
scheduler_eta_min   : 1e-05
log_dir             : ./training_logs
experiment_name     : T1wRBA_Enhanced
augmentation        : True
reshape             : (91, 109, 91)
resume_from_checkpoint: None
2025-11-27 21:22:23,702 INFO 
Hyperparameters:
train_csv           : /home/caojiaxiang/brain age/cjx/5-fold/train_1.csv
val_csv             : /home/caojiaxiang/brain age/cjx/5-fold/val_1.csv
batch_size          : 16
num_workers         : 2
channel             : 16
embed_dim           : 128
num_heads           : 8
num_layers          : 6
hidden_dim          : 512
dropout             : 0.1
lambda_consistency  : 0.02
lambda_grad         : 0.1
noise_sigma         : 0.1
num_regions         : 117
lambda_rba          : 0.001
epochs              : 400
learning_rate       : 1e-08
weight_decay        : 0.01
scheduler_T0        : 200
scheduler_eta_min   : 1e-05
log_dir             : ./training_logs
experiment_name     : T1wRBA_Enhanced
augmentation        : True
reshape             : (91, 109, 91)
resume_from_checkpoint: None
2025-11-27 21:22:23,727 INFO 
Hyperparameters:
train_csv           : /home/caojiaxiang/brain age/cjx/5-fold/train_1.csv
val_csv             : /home/caojiaxiang/brain age/cjx/5-fold/val_1.csv
batch_size          : 16
num_workers         : 2
channel             : 16
embed_dim           : 128
num_heads           : 8
num_layers          : 6
hidden_dim          : 512
dropout             : 0.1
lambda_consistency  : 0.02
lambda_grad         : 0.1
noise_sigma         : 0.1
num_regions         : 117
lambda_rba          : 0.001
epochs              : 400
learning_rate       : 1e-08
weight_decay        : 0.01
scheduler_T0        : 200
scheduler_eta_min   : 1e-05
log_dir             : ./training_logs
experiment_name     : T1wRBA_Enhanced
augmentation        : True
reshape             : (91, 109, 91)
resume_from_checkpoint: None
2025-11-27 21:22:23,740 INFO 
Hyperparameters:
train_csv           : /home/caojiaxiang/brain age/cjx/5-fold/train_1.csv
val_csv             : /home/caojiaxiang/brain age/cjx/5-fold/val_1.csv
batch_size          : 16
num_workers         : 2
channel             : 16
embed_dim           : 128
num_heads           : 8
num_layers          : 6
hidden_dim          : 512
dropout             : 0.1
lambda_consistency  : 0.02
lambda_grad         : 0.1
noise_sigma         : 0.1
num_regions         : 117
lambda_rba          : 0.001
epochs              : 400
learning_rate       : 1e-08
weight_decay        : 0.01
scheduler_T0        : 200
scheduler_eta_min   : 1e-05
log_dir             : ./training_logs
experiment_name     : T1wRBA_Enhanced
augmentation        : True
reshape             : (91, 109, 91)
resume_from_checkpoint: None
2025-11-27 21:22:23,748 INFO 
Hyperparameters:
train_csv           : /home/caojiaxiang/brain age/cjx/5-fold/train_1.csv
val_csv             : /home/caojiaxiang/brain age/cjx/5-fold/val_1.csv
batch_size          : 16
num_workers         : 2
channel             : 16
embed_dim           : 128
num_heads           : 8
num_layers          : 6
hidden_dim          : 512
dropout             : 0.1
lambda_consistency  : 0.02
lambda_grad         : 0.1
noise_sigma         : 0.1
num_regions         : 117
lambda_rba          : 0.001
epochs              : 400
learning_rate       : 1e-08
weight_decay        : 0.01
scheduler_T0        : 200
scheduler_eta_min   : 1e-05
log_dir             : ./training_logs
experiment_name     : T1wRBA_Enhanced
augmentation        : True
reshape             : (91, 109, 91)
resume_from_checkpoint: None
2025-11-27 21:24:24,954 INFO 
Hyperparameters:
train_csv           : /home/caojiaxiang/brain age/cjx/5-fold/train_1.csv
val_csv             : /home/caojiaxiang/brain age/cjx/5-fold/val_1.csv
batch_size          : 16
num_workers         : 2
channel             : 16
embed_dim           : 128
num_heads           : 8
num_layers          : 6
hidden_dim          : 512
dropout             : 0.1
lambda_consistency  : 0.02
lambda_grad         : 0.1
noise_sigma         : 0.1
num_regions         : 117
lambda_rba          : 0.001
epochs              : 400
learning_rate       : 0.0001
weight_decay        : 0.01
scheduler_T0        : 200
scheduler_eta_min   : 1e-05
log_dir             : ./training_logs
experiment_name     : T1wRBA_Enhanced
augmentation        : True
reshape             : (91, 109, 91)
resume_from_checkpoint: None
2025-11-27 21:24:25,277 INFO 
Hyperparameters:
train_csv           : /home/caojiaxiang/brain age/cjx/5-fold/train_1.csv
val_csv             : /home/caojiaxiang/brain age/cjx/5-fold/val_1.csv
batch_size          : 16
num_workers         : 2
channel             : 16
embed_dim           : 128
num_heads           : 8
num_layers          : 6
hidden_dim          : 512
dropout             : 0.1
lambda_consistency  : 0.02
lambda_grad         : 0.1
noise_sigma         : 0.1
num_regions         : 117
lambda_rba          : 0.001
epochs              : 400
learning_rate       : 0.0001
weight_decay        : 0.01
scheduler_T0        : 200
scheduler_eta_min   : 1e-05
log_dir             : ./training_logs
experiment_name     : T1wRBA_Enhanced
augmentation        : True
reshape             : (91, 109, 91)
resume_from_checkpoint: None
2025-11-27 21:24:25,335 INFO 
Hyperparameters:
train_csv           : /home/caojiaxiang/brain age/cjx/5-fold/train_1.csv
val_csv             : /home/caojiaxiang/brain age/cjx/5-fold/val_1.csv
batch_size          : 16
num_workers         : 2
channel             : 16
embed_dim           : 128
num_heads           : 8
num_layers          : 6
hidden_dim          : 512
dropout             : 0.1
lambda_consistency  : 0.02
lambda_grad         : 0.1
noise_sigma         : 0.1
num_regions         : 117
lambda_rba          : 0.001
epochs              : 400
learning_rate       : 0.0001
weight_decay        : 0.01
scheduler_T0        : 200
scheduler_eta_min   : 1e-05
log_dir             : ./training_logs
experiment_name     : T1wRBA_Enhanced
augmentation        : True
reshape             : (91, 109, 91)
resume_from_checkpoint: None
2025-11-27 21:24:25,337 INFO 
Hyperparameters:
train_csv           : /home/caojiaxiang/brain age/cjx/5-fold/train_1.csv
val_csv             : /home/caojiaxiang/brain age/cjx/5-fold/val_1.csv
batch_size          : 16
num_workers         : 2
channel             : 16
embed_dim           : 128
num_heads           : 8
num_layers          : 6
hidden_dim          : 512
dropout             : 0.1
lambda_consistency  : 0.02
lambda_grad         : 0.1
noise_sigma         : 0.1
num_regions         : 117
lambda_rba          : 0.001
epochs              : 400
learning_rate       : 0.0001
weight_decay        : 0.01
scheduler_T0        : 200
scheduler_eta_min   : 1e-05
log_dir             : ./training_logs
experiment_name     : T1wRBA_Enhanced
augmentation        : True
reshape             : (91, 109, 91)
resume_from_checkpoint: None
2025-11-27 21:24:25,365 INFO 
Hyperparameters:
train_csv           : /home/caojiaxiang/brain age/cjx/5-fold/train_1.csv
val_csv             : /home/caojiaxiang/brain age/cjx/5-fold/val_1.csv
batch_size          : 16
num_workers         : 2
channel             : 16
embed_dim           : 128
num_heads           : 8
num_layers          : 6
hidden_dim          : 512
dropout             : 0.1
lambda_consistency  : 0.02
lambda_grad         : 0.1
noise_sigma         : 0.1
num_regions         : 117
lambda_rba          : 0.001
epochs              : 400
learning_rate       : 0.0001
weight_decay        : 0.01
scheduler_T0        : 200
scheduler_eta_min   : 1e-05
log_dir             : ./training_logs
experiment_name     : T1wRBA_Enhanced
augmentation        : True
reshape             : (91, 109, 91)
resume_from_checkpoint: None
2025-11-27 21:24:25,389 INFO 
Hyperparameters:
train_csv           : /home/caojiaxiang/brain age/cjx/5-fold/train_1.csv
val_csv             : /home/caojiaxiang/brain age/cjx/5-fold/val_1.csv
batch_size          : 16
num_workers         : 2
channel             : 16
embed_dim           : 128
num_heads           : 8
num_layers          : 6
hidden_dim          : 512
dropout             : 0.1
lambda_consistency  : 0.02
lambda_grad         : 0.1
noise_sigma         : 0.1
num_regions         : 117
lambda_rba          : 0.001
epochs              : 400
learning_rate       : 0.0001
weight_decay        : 0.01
scheduler_T0        : 200
scheduler_eta_min   : 1e-05
log_dir             : ./training_logs
experiment_name     : T1wRBA_Enhanced
augmentation        : True
reshape             : (91, 109, 91)
resume_from_checkpoint: None
2025-11-27 21:24:25,462 INFO 
Hyperparameters:
train_csv           : /home/caojiaxiang/brain age/cjx/5-fold/train_1.csv
val_csv             : /home/caojiaxiang/brain age/cjx/5-fold/val_1.csv
batch_size          : 16
num_workers         : 2
channel             : 16
embed_dim           : 128
num_heads           : 8
num_layers          : 6
hidden_dim          : 512
dropout             : 0.1
lambda_consistency  : 0.02
lambda_grad         : 0.1
noise_sigma         : 0.1
num_regions         : 117
lambda_rba          : 0.001
epochs              : 400
learning_rate       : 0.0001
weight_decay        : 0.01
scheduler_T0        : 200
scheduler_eta_min   : 1e-05
log_dir             : ./training_logs
experiment_name     : T1wRBA_Enhanced
augmentation        : True
reshape             : (91, 109, 91)
resume_from_checkpoint: None
2025-11-27 21:24:25,483 INFO 
Hyperparameters:
train_csv           : /home/caojiaxiang/brain age/cjx/5-fold/train_1.csv
val_csv             : /home/caojiaxiang/brain age/cjx/5-fold/val_1.csv
batch_size          : 16
num_workers         : 2
channel             : 16
embed_dim           : 128
num_heads           : 8
num_layers          : 6
hidden_dim          : 512
dropout             : 0.1
lambda_consistency  : 0.02
lambda_grad         : 0.1
noise_sigma         : 0.1
num_regions         : 117
lambda_rba          : 0.001
epochs              : 400
learning_rate       : 0.0001
weight_decay        : 0.01
scheduler_T0        : 200
scheduler_eta_min   : 1e-05
log_dir             : ./training_logs
experiment_name     : T1wRBA_Enhanced
augmentation        : True
reshape             : (91, 109, 91)
resume_from_checkpoint: None
2025-11-27 21:26:42,875 INFO 
Hyperparameters:
train_csv           : /home/caojiaxiang/brain age/cjx/5-fold/train_1.csv
val_csv             : /home/caojiaxiang/brain age/cjx/5-fold/val_1.csv
batch_size          : 16
num_workers         : 2
channel             : 16
embed_dim           : 128
num_heads           : 8
num_layers          : 6
hidden_dim          : 512
dropout             : 0.1
lambda_consistency  : 0.02
lambda_grad         : 0.1
noise_sigma         : 0.1
num_regions         : 117
lambda_rba          : 0.001
epochs              : 400
learning_rate       : 0.0001
weight_decay        : 0.01
scheduler_T0        : 200
scheduler_eta_min   : 1e-05
log_dir             : ./training_logs
experiment_name     : T1wRBA_Enhanced
augmentation        : True
reshape             : (91, 109, 91)
resume_from_checkpoint: None
2025-11-27 21:26:43,032 INFO 
Hyperparameters:
train_csv           : /home/caojiaxiang/brain age/cjx/5-fold/train_1.csv
val_csv             : /home/caojiaxiang/brain age/cjx/5-fold/val_1.csv
batch_size          : 16
num_workers         : 2
channel             : 16
embed_dim           : 128
num_heads           : 8
num_layers          : 6
hidden_dim          : 512
dropout             : 0.1
lambda_consistency  : 0.02
lambda_grad         : 0.1
noise_sigma         : 0.1
num_regions         : 117
lambda_rba          : 0.001
epochs              : 400
learning_rate       : 0.0001
weight_decay        : 0.01
scheduler_T0        : 200
scheduler_eta_min   : 1e-05
log_dir             : ./training_logs
experiment_name     : T1wRBA_Enhanced
augmentation        : True
reshape             : (91, 109, 91)
resume_from_checkpoint: None
2025-11-27 21:26:43,034 INFO 
Hyperparameters:
train_csv           : /home/caojiaxiang/brain age/cjx/5-fold/train_1.csv
val_csv             : /home/caojiaxiang/brain age/cjx/5-fold/val_1.csv
batch_size          : 16
num_workers         : 2
channel             : 16
embed_dim           : 128
num_heads           : 8
num_layers          : 6
hidden_dim          : 512
dropout             : 0.1
lambda_consistency  : 0.02
lambda_grad         : 0.1
noise_sigma         : 0.1
num_regions         : 117
lambda_rba          : 0.001
epochs              : 400
learning_rate       : 0.0001
weight_decay        : 0.01
scheduler_T0        : 200
scheduler_eta_min   : 1e-05
log_dir             : ./training_logs
experiment_name     : T1wRBA_Enhanced
augmentation        : True
reshape             : (91, 109, 91)
resume_from_checkpoint: None
2025-11-27 21:26:43,035 INFO 
Hyperparameters:
train_csv           : /home/caojiaxiang/brain age/cjx/5-fold/train_1.csv
val_csv             : /home/caojiaxiang/brain age/cjx/5-fold/val_1.csv
batch_size          : 16
num_workers         : 2
channel             : 16
embed_dim           : 128
num_heads           : 8
num_layers          : 6
hidden_dim          : 512
dropout             : 0.1
lambda_consistency  : 0.02
lambda_grad         : 0.1
noise_sigma         : 0.1
num_regions         : 117
lambda_rba          : 0.001
epochs              : 400
learning_rate       : 0.0001
weight_decay        : 0.01
scheduler_T0        : 200
scheduler_eta_min   : 1e-05
log_dir             : ./training_logs
experiment_name     : T1wRBA_Enhanced
augmentation        : True
reshape             : (91, 109, 91)
resume_from_checkpoint: None
2025-11-27 21:26:43,040 INFO 
Hyperparameters:
train_csv           : /home/caojiaxiang/brain age/cjx/5-fold/train_1.csv
val_csv             : /home/caojiaxiang/brain age/cjx/5-fold/val_1.csv
batch_size          : 16
num_workers         : 2
channel             : 16
embed_dim           : 128
num_heads           : 8
num_layers          : 6
hidden_dim          : 512
dropout             : 0.1
lambda_consistency  : 0.02
lambda_grad         : 0.1
noise_sigma         : 0.1
num_regions         : 117
lambda_rba          : 0.001
epochs              : 400
learning_rate       : 0.0001
weight_decay        : 0.01
scheduler_T0        : 200
scheduler_eta_min   : 1e-05
log_dir             : ./training_logs
experiment_name     : T1wRBA_Enhanced
augmentation        : True
reshape             : (91, 109, 91)
resume_from_checkpoint: None
2025-11-27 21:26:43,115 INFO 
Hyperparameters:
train_csv           : /home/caojiaxiang/brain age/cjx/5-fold/train_1.csv
val_csv             : /home/caojiaxiang/brain age/cjx/5-fold/val_1.csv
batch_size          : 16
num_workers         : 2
channel             : 16
embed_dim           : 128
num_heads           : 8
num_layers          : 6
hidden_dim          : 512
dropout             : 0.1
lambda_consistency  : 0.02
lambda_grad         : 0.1
noise_sigma         : 0.1
num_regions         : 117
lambda_rba          : 0.001
epochs              : 400
learning_rate       : 0.0001
weight_decay        : 0.01
scheduler_T0        : 200
scheduler_eta_min   : 1e-05
log_dir             : ./training_logs
experiment_name     : T1wRBA_Enhanced
augmentation        : True
reshape             : (91, 109, 91)
resume_from_checkpoint: None
2025-11-27 21:26:43,139 INFO 
Hyperparameters:
train_csv           : /home/caojiaxiang/brain age/cjx/5-fold/train_1.csv
val_csv             : /home/caojiaxiang/brain age/cjx/5-fold/val_1.csv
batch_size          : 16
num_workers         : 2
channel             : 16
embed_dim           : 128
num_heads           : 8
num_layers          : 6
hidden_dim          : 512
dropout             : 0.1
lambda_consistency  : 0.02
lambda_grad         : 0.1
noise_sigma         : 0.1
num_regions         : 117
lambda_rba          : 0.001
epochs              : 400
learning_rate       : 0.0001
weight_decay        : 0.01
scheduler_T0        : 200
scheduler_eta_min   : 1e-05
log_dir             : ./training_logs
experiment_name     : T1wRBA_Enhanced
augmentation        : True
reshape             : (91, 109, 91)
resume_from_checkpoint: None
2025-11-27 21:26:43,168 INFO 
Hyperparameters:
train_csv           : /home/caojiaxiang/brain age/cjx/5-fold/train_1.csv
val_csv             : /home/caojiaxiang/brain age/cjx/5-fold/val_1.csv
batch_size          : 16
num_workers         : 2
channel             : 16
embed_dim           : 128
num_heads           : 8
num_layers          : 6
hidden_dim          : 512
dropout             : 0.1
lambda_consistency  : 0.02
lambda_grad         : 0.1
noise_sigma         : 0.1
num_regions         : 117
lambda_rba          : 0.001
epochs              : 400
learning_rate       : 0.0001
weight_decay        : 0.01
scheduler_T0        : 200
scheduler_eta_min   : 1e-05
log_dir             : ./training_logs
experiment_name     : T1wRBA_Enhanced
augmentation        : True
reshape             : (91, 109, 91)
resume_from_checkpoint: None
2025-11-27 21:31:44,295 INFO 
Hyperparameters:
train_csv           : /home/caojiaxiang/brain age/cjx/5-fold/train_1.csv
val_csv             : /home/caojiaxiang/brain age/cjx/5-fold/val_1.csv
batch_size          : 16
num_workers         : 2
channel             : 16
embed_dim           : 128
num_heads           : 8
num_layers          : 6
hidden_dim          : 512
dropout             : 0.1
lambda_consistency  : 0.02
lambda_grad         : 0.1
noise_sigma         : 0.1
num_regions         : 117
lambda_rba          : 0.001
epochs              : 400
learning_rate       : 0.0001
weight_decay        : 0.01
scheduler_T0        : 200
scheduler_eta_min   : 1e-05
log_dir             : ./training_logs
experiment_name     : T1wRBA_Enhanced
augmentation        : True
reshape             : (91, 109, 91)
resume_from_checkpoint: None
2025-11-27 21:31:44,677 INFO 
Hyperparameters:
train_csv           : /home/caojiaxiang/brain age/cjx/5-fold/train_1.csv
val_csv             : /home/caojiaxiang/brain age/cjx/5-fold/val_1.csv
batch_size          : 16
num_workers         : 2
channel             : 16
embed_dim           : 128
num_heads           : 8
num_layers          : 6
hidden_dim          : 512
dropout             : 0.1
lambda_consistency  : 0.02
lambda_grad         : 0.1
noise_sigma         : 0.1
num_regions         : 117
lambda_rba          : 0.001
epochs              : 400
learning_rate       : 0.0001
weight_decay        : 0.01
scheduler_T0        : 200
scheduler_eta_min   : 1e-05
log_dir             : ./training_logs
experiment_name     : T1wRBA_Enhanced
augmentation        : True
reshape             : (91, 109, 91)
resume_from_checkpoint: None
2025-11-27 21:31:44,701 INFO 
Hyperparameters:
train_csv           : /home/caojiaxiang/brain age/cjx/5-fold/train_1.csv
val_csv             : /home/caojiaxiang/brain age/cjx/5-fold/val_1.csv
batch_size          : 16
num_workers         : 2
channel             : 16
embed_dim           : 128
num_heads           : 8
num_layers          : 6
hidden_dim          : 512
dropout             : 0.1
lambda_consistency  : 0.02
lambda_grad         : 0.1
noise_sigma         : 0.1
num_regions         : 117
lambda_rba          : 0.001
epochs              : 400
learning_rate       : 0.0001
weight_decay        : 0.01
scheduler_T0        : 200
scheduler_eta_min   : 1e-05
log_dir             : ./training_logs
experiment_name     : T1wRBA_Enhanced
augmentation        : True
reshape             : (91, 109, 91)
resume_from_checkpoint: None
2025-11-27 21:31:44,706 INFO 
Hyperparameters:
train_csv           : /home/caojiaxiang/brain age/cjx/5-fold/train_1.csv
val_csv             : /home/caojiaxiang/brain age/cjx/5-fold/val_1.csv
batch_size          : 16
num_workers         : 2
channel             : 16
embed_dim           : 128
num_heads           : 8
num_layers          : 6
hidden_dim          : 512
dropout             : 0.1
lambda_consistency  : 0.02
lambda_grad         : 0.1
noise_sigma         : 0.1
num_regions         : 117
lambda_rba          : 0.001
epochs              : 400
learning_rate       : 0.0001
weight_decay        : 0.01
scheduler_T0        : 200
scheduler_eta_min   : 1e-05
log_dir             : ./training_logs
experiment_name     : T1wRBA_Enhanced
augmentation        : True
reshape             : (91, 109, 91)
resume_from_checkpoint: None
2025-11-27 21:31:44,706 INFO 
Hyperparameters:
train_csv           : /home/caojiaxiang/brain age/cjx/5-fold/train_1.csv
val_csv             : /home/caojiaxiang/brain age/cjx/5-fold/val_1.csv
batch_size          : 16
num_workers         : 2
channel             : 16
embed_dim           : 128
num_heads           : 8
num_layers          : 6
hidden_dim          : 512
dropout             : 0.1
lambda_consistency  : 0.02
lambda_grad         : 0.1
noise_sigma         : 0.1
num_regions         : 117
lambda_rba          : 0.001
epochs              : 400
learning_rate       : 0.0001
weight_decay        : 0.01
scheduler_T0        : 200
scheduler_eta_min   : 1e-05
log_dir             : ./training_logs
experiment_name     : T1wRBA_Enhanced
augmentation        : True
reshape             : (91, 109, 91)
resume_from_checkpoint: None
2025-11-27 21:31:44,753 INFO 
Hyperparameters:
train_csv           : /home/caojiaxiang/brain age/cjx/5-fold/train_1.csv
val_csv             : /home/caojiaxiang/brain age/cjx/5-fold/val_1.csv
batch_size          : 16
num_workers         : 2
channel             : 16
embed_dim           : 128
num_heads           : 8
num_layers          : 6
hidden_dim          : 512
dropout             : 0.1
lambda_consistency  : 0.02
lambda_grad         : 0.1
noise_sigma         : 0.1
num_regions         : 117
lambda_rba          : 0.001
epochs              : 400
learning_rate       : 0.0001
weight_decay        : 0.01
scheduler_T0        : 200
scheduler_eta_min   : 1e-05
log_dir             : ./training_logs
experiment_name     : T1wRBA_Enhanced
augmentation        : True
reshape             : (91, 109, 91)
resume_from_checkpoint: None
2025-11-27 21:31:44,773 INFO 
Hyperparameters:
train_csv           : /home/caojiaxiang/brain age/cjx/5-fold/train_1.csv
val_csv             : /home/caojiaxiang/brain age/cjx/5-fold/val_1.csv
batch_size          : 16
num_workers         : 2
channel             : 16
embed_dim           : 128
num_heads           : 8
num_layers          : 6
hidden_dim          : 512
dropout             : 0.1
lambda_consistency  : 0.02
lambda_grad         : 0.1
noise_sigma         : 0.1
num_regions         : 117
lambda_rba          : 0.001
epochs              : 400
learning_rate       : 0.0001
weight_decay        : 0.01
scheduler_T0        : 200
scheduler_eta_min   : 1e-05
log_dir             : ./training_logs
experiment_name     : T1wRBA_Enhanced
augmentation        : True
reshape             : (91, 109, 91)
resume_from_checkpoint: None
2025-11-27 21:31:44,776 INFO 
Hyperparameters:
train_csv           : /home/caojiaxiang/brain age/cjx/5-fold/train_1.csv
val_csv             : /home/caojiaxiang/brain age/cjx/5-fold/val_1.csv
batch_size          : 16
num_workers         : 2
channel             : 16
embed_dim           : 128
num_heads           : 8
num_layers          : 6
hidden_dim          : 512
dropout             : 0.1
lambda_consistency  : 0.02
lambda_grad         : 0.1
noise_sigma         : 0.1
num_regions         : 117
lambda_rba          : 0.001
epochs              : 400
learning_rate       : 0.0001
weight_decay        : 0.01
scheduler_T0        : 200
scheduler_eta_min   : 1e-05
log_dir             : ./training_logs
experiment_name     : T1wRBA_Enhanced
augmentation        : True
reshape             : (91, 109, 91)
resume_from_checkpoint: None
2025-11-28 14:52:34,541 INFO 
Hyperparameters:
train_csv           : /home/caojiaxiang/brain age/cjx/5-fold/train_1.csv
val_csv             : /home/caojiaxiang/brain age/cjx/5-fold/val_1.csv
batch_size          : 16
num_workers         : 2
channel             : 16
embed_dim           : 128
num_heads           : 8
num_layers          : 6
hidden_dim          : 512
dropout             : 0.1
lambda_consistency  : 0.02
lambda_grad         : 0.1
noise_sigma         : 0.1
num_regions         : 117
lambda_rba          : 0.001
epochs              : 400
learning_rate       : 0.0001
weight_decay        : 0.01
scheduler_T0        : 200
scheduler_eta_min   : 1e-05
log_dir             : ./training_logs
experiment_name     : T1wRBA_Enhanced
augmentation        : True
reshape             : (91, 109, 91)
resume_from_checkpoint: None
2025-11-28 14:52:34,544 INFO 
Hyperparameters:
train_csv           : /home/caojiaxiang/brain age/cjx/5-fold/train_1.csv
val_csv             : /home/caojiaxiang/brain age/cjx/5-fold/val_1.csv
batch_size          : 16
num_workers         : 2
channel             : 16
embed_dim           : 128
num_heads           : 8
num_layers          : 6
hidden_dim          : 512
dropout             : 0.1
lambda_consistency  : 0.02
lambda_grad         : 0.1
noise_sigma         : 0.1
num_regions         : 117
lambda_rba          : 0.001
epochs              : 400
learning_rate       : 0.0001
weight_decay        : 0.01
scheduler_T0        : 200
scheduler_eta_min   : 1e-05
log_dir             : ./training_logs
experiment_name     : T1wRBA_Enhanced
augmentation        : True
reshape             : (91, 109, 91)
resume_from_checkpoint: None
2025-11-28 14:52:34,548 INFO 
Hyperparameters:
train_csv           : /home/caojiaxiang/brain age/cjx/5-fold/train_1.csv
val_csv             : /home/caojiaxiang/brain age/cjx/5-fold/val_1.csv
batch_size          : 16
num_workers         : 2
channel             : 16
embed_dim           : 128
num_heads           : 8
num_layers          : 6
hidden_dim          : 512
dropout             : 0.1
lambda_consistency  : 0.02
lambda_grad         : 0.1
noise_sigma         : 0.1
num_regions         : 117
lambda_rba          : 0.001
epochs              : 400
learning_rate       : 0.0001
weight_decay        : 0.01
scheduler_T0        : 200
scheduler_eta_min   : 1e-05
log_dir             : ./training_logs
experiment_name     : T1wRBA_Enhanced
augmentation        : True
reshape             : (91, 109, 91)
resume_from_checkpoint: None
2025-11-28 14:52:34,564 INFO 
Hyperparameters:
train_csv           : /home/caojiaxiang/brain age/cjx/5-fold/train_1.csv
val_csv             : /home/caojiaxiang/brain age/cjx/5-fold/val_1.csv
batch_size          : 16
num_workers         : 2
channel             : 16
embed_dim           : 128
num_heads           : 8
num_layers          : 6
hidden_dim          : 512
dropout             : 0.1
lambda_consistency  : 0.02
lambda_grad         : 0.1
noise_sigma         : 0.1
num_regions         : 117
lambda_rba          : 0.001
epochs              : 400
learning_rate       : 0.0001
weight_decay        : 0.01
scheduler_T0        : 200
scheduler_eta_min   : 1e-05
log_dir             : ./training_logs
experiment_name     : T1wRBA_Enhanced
augmentation        : True
reshape             : (91, 109, 91)
resume_from_checkpoint: None
2025-11-28 14:52:34,584 INFO 
Hyperparameters:
train_csv           : /home/caojiaxiang/brain age/cjx/5-fold/train_1.csv
val_csv             : /home/caojiaxiang/brain age/cjx/5-fold/val_1.csv
batch_size          : 16
num_workers         : 2
channel             : 16
embed_dim           : 128
num_heads           : 8
num_layers          : 6
hidden_dim          : 512
dropout             : 0.1
lambda_consistency  : 0.02
lambda_grad         : 0.1
noise_sigma         : 0.1
num_regions         : 117
lambda_rba          : 0.001
epochs              : 400
learning_rate       : 0.0001
weight_decay        : 0.01
scheduler_T0        : 200
scheduler_eta_min   : 1e-05
log_dir             : ./training_logs
experiment_name     : T1wRBA_Enhanced
augmentation        : True
reshape             : (91, 109, 91)
resume_from_checkpoint: None
2025-11-28 14:52:34,586 INFO 
Hyperparameters:
train_csv           : /home/caojiaxiang/brain age/cjx/5-fold/train_1.csv
val_csv             : /home/caojiaxiang/brain age/cjx/5-fold/val_1.csv
batch_size          : 16
num_workers         : 2
channel             : 16
embed_dim           : 128
num_heads           : 8
num_layers          : 6
hidden_dim          : 512
dropout             : 0.1
lambda_consistency  : 0.02
lambda_grad         : 0.1
noise_sigma         : 0.1
num_regions         : 117
lambda_rba          : 0.001
epochs              : 400
learning_rate       : 0.0001
weight_decay        : 0.01
scheduler_T0        : 200
scheduler_eta_min   : 1e-05
log_dir             : ./training_logs
experiment_name     : T1wRBA_Enhanced
augmentation        : True
reshape             : (91, 109, 91)
resume_from_checkpoint: None
2025-11-28 14:52:34,594 INFO 
Hyperparameters:
train_csv           : /home/caojiaxiang/brain age/cjx/5-fold/train_1.csv
val_csv             : /home/caojiaxiang/brain age/cjx/5-fold/val_1.csv
batch_size          : 16
num_workers         : 2
channel             : 16
embed_dim           : 128
num_heads           : 8
num_layers          : 6
hidden_dim          : 512
dropout             : 0.1
lambda_consistency  : 0.02
lambda_grad         : 0.1
noise_sigma         : 0.1
num_regions         : 117
lambda_rba          : 0.001
epochs              : 400
learning_rate       : 0.0001
weight_decay        : 0.01
scheduler_T0        : 200
scheduler_eta_min   : 1e-05
log_dir             : ./training_logs
experiment_name     : T1wRBA_Enhanced
augmentation        : True
reshape             : (91, 109, 91)
resume_from_checkpoint: None
2025-11-28 14:52:34,624 INFO 
Hyperparameters:
train_csv           : /home/caojiaxiang/brain age/cjx/5-fold/train_1.csv
val_csv             : /home/caojiaxiang/brain age/cjx/5-fold/val_1.csv
batch_size          : 16
num_workers         : 2
channel             : 16
embed_dim           : 128
num_heads           : 8
num_layers          : 6
hidden_dim          : 512
dropout             : 0.1
lambda_consistency  : 0.02
lambda_grad         : 0.1
noise_sigma         : 0.1
num_regions         : 117
lambda_rba          : 0.001
epochs              : 400
learning_rate       : 0.0001
weight_decay        : 0.01
scheduler_T0        : 200
scheduler_eta_min   : 1e-05
log_dir             : ./training_logs
experiment_name     : T1wRBA_Enhanced
augmentation        : True
reshape             : (91, 109, 91)
resume_from_checkpoint: None
2025-11-28 14:54:25,077 INFO 
Hyperparameters:
train_csv           : /home/caojiaxiang/brain age/cjx/5-fold/train_1.csv
val_csv             : /home/caojiaxiang/brain age/cjx/5-fold/val_1.csv
batch_size          : 8
num_workers         : 2
channel             : 16
embed_dim           : 128
num_heads           : 8
num_layers          : 6
hidden_dim          : 512
dropout             : 0.1
lambda_consistency  : 0.02
lambda_grad         : 0.1
noise_sigma         : 0.1
num_regions         : 117
lambda_rba          : 0.001
epochs              : 400
learning_rate       : 0.0001
weight_decay        : 0.01
scheduler_T0        : 200
scheduler_eta_min   : 1e-05
log_dir             : ./training_logs
experiment_name     : T1wRBA_Enhanced
augmentation        : True
reshape             : (91, 109, 91)
resume_from_checkpoint: None
2025-11-28 14:54:25,121 INFO 
Hyperparameters:
train_csv           : /home/caojiaxiang/brain age/cjx/5-fold/train_1.csv
val_csv             : /home/caojiaxiang/brain age/cjx/5-fold/val_1.csv
batch_size          : 8
num_workers         : 2
channel             : 16
embed_dim           : 128
num_heads           : 8
num_layers          : 6
hidden_dim          : 512
dropout             : 0.1
lambda_consistency  : 0.02
lambda_grad         : 0.1
noise_sigma         : 0.1
num_regions         : 117
lambda_rba          : 0.001
epochs              : 400
learning_rate       : 0.0001
weight_decay        : 0.01
scheduler_T0        : 200
scheduler_eta_min   : 1e-05
log_dir             : ./training_logs
experiment_name     : T1wRBA_Enhanced
augmentation        : True
reshape             : (91, 109, 91)
resume_from_checkpoint: None
2025-11-28 14:54:25,129 INFO 
Hyperparameters:
train_csv           : /home/caojiaxiang/brain age/cjx/5-fold/train_1.csv
val_csv             : /home/caojiaxiang/brain age/cjx/5-fold/val_1.csv
batch_size          : 8
num_workers         : 2
channel             : 16
embed_dim           : 128
num_heads           : 8
num_layers          : 6
hidden_dim          : 512
dropout             : 0.1
lambda_consistency  : 0.02
lambda_grad         : 0.1
noise_sigma         : 0.1
num_regions         : 117
lambda_rba          : 0.001
epochs              : 400
learning_rate       : 0.0001
weight_decay        : 0.01
scheduler_T0        : 200
scheduler_eta_min   : 1e-05
log_dir             : ./training_logs
experiment_name     : T1wRBA_Enhanced
augmentation        : True
reshape             : (91, 109, 91)
resume_from_checkpoint: None
2025-11-28 14:54:25,143 INFO 
Hyperparameters:
train_csv           : /home/caojiaxiang/brain age/cjx/5-fold/train_1.csv
val_csv             : /home/caojiaxiang/brain age/cjx/5-fold/val_1.csv
batch_size          : 8
num_workers         : 2
channel             : 16
embed_dim           : 128
num_heads           : 8
num_layers          : 6
hidden_dim          : 512
dropout             : 0.1
lambda_consistency  : 0.02
lambda_grad         : 0.1
noise_sigma         : 0.1
num_regions         : 117
lambda_rba          : 0.001
epochs              : 400
learning_rate       : 0.0001
weight_decay        : 0.01
scheduler_T0        : 200
scheduler_eta_min   : 1e-05
log_dir             : ./training_logs
experiment_name     : T1wRBA_Enhanced
augmentation        : True
reshape             : (91, 109, 91)
resume_from_checkpoint: None
2025-11-28 14:54:25,149 INFO 
Hyperparameters:
train_csv           : /home/caojiaxiang/brain age/cjx/5-fold/train_1.csv
val_csv             : /home/caojiaxiang/brain age/cjx/5-fold/val_1.csv
batch_size          : 8
num_workers         : 2
channel             : 16
embed_dim           : 128
num_heads           : 8
num_layers          : 6
hidden_dim          : 512
dropout             : 0.1
lambda_consistency  : 0.02
lambda_grad         : 0.1
noise_sigma         : 0.1
num_regions         : 117
lambda_rba          : 0.001
epochs              : 400
learning_rate       : 0.0001
weight_decay        : 0.01
scheduler_T0        : 200
scheduler_eta_min   : 1e-05
log_dir             : ./training_logs
experiment_name     : T1wRBA_Enhanced
augmentation        : True
reshape             : (91, 109, 91)
resume_from_checkpoint: None
2025-11-28 14:54:25,155 INFO 
Hyperparameters:
train_csv           : /home/caojiaxiang/brain age/cjx/5-fold/train_1.csv
val_csv             : /home/caojiaxiang/brain age/cjx/5-fold/val_1.csv
batch_size          : 8
num_workers         : 2
channel             : 16
embed_dim           : 128
num_heads           : 8
num_layers          : 6
hidden_dim          : 512
dropout             : 0.1
lambda_consistency  : 0.02
lambda_grad         : 0.1
noise_sigma         : 0.1
num_regions         : 117
lambda_rba          : 0.001
epochs              : 400
learning_rate       : 0.0001
weight_decay        : 0.01
scheduler_T0        : 200
scheduler_eta_min   : 1e-05
log_dir             : ./training_logs
experiment_name     : T1wRBA_Enhanced
augmentation        : True
reshape             : (91, 109, 91)
resume_from_checkpoint: None
2025-11-28 14:54:25,178 INFO 
Hyperparameters:
train_csv           : /home/caojiaxiang/brain age/cjx/5-fold/train_1.csv
val_csv             : /home/caojiaxiang/brain age/cjx/5-fold/val_1.csv
batch_size          : 8
num_workers         : 2
channel             : 16
embed_dim           : 128
num_heads           : 8
num_layers          : 6
hidden_dim          : 512
dropout             : 0.1
lambda_consistency  : 0.02
lambda_grad         : 0.1
noise_sigma         : 0.1
num_regions         : 117
lambda_rba          : 0.001
epochs              : 400
learning_rate       : 0.0001
weight_decay        : 0.01
scheduler_T0        : 200
scheduler_eta_min   : 1e-05
log_dir             : ./training_logs
experiment_name     : T1wRBA_Enhanced
augmentation        : True
reshape             : (91, 109, 91)
resume_from_checkpoint: None
2025-11-28 14:54:25,201 INFO 
Hyperparameters:
train_csv           : /home/caojiaxiang/brain age/cjx/5-fold/train_1.csv
val_csv             : /home/caojiaxiang/brain age/cjx/5-fold/val_1.csv
batch_size          : 8
num_workers         : 2
channel             : 16
embed_dim           : 128
num_heads           : 8
num_layers          : 6
hidden_dim          : 512
dropout             : 0.1
lambda_consistency  : 0.02
lambda_grad         : 0.1
noise_sigma         : 0.1
num_regions         : 117
lambda_rba          : 0.001
epochs              : 400
learning_rate       : 0.0001
weight_decay        : 0.01
scheduler_T0        : 200
scheduler_eta_min   : 1e-05
log_dir             : ./training_logs
experiment_name     : T1wRBA_Enhanced
augmentation        : True
reshape             : (91, 109, 91)
resume_from_checkpoint: None
2025-11-28 14:55:45,736 INFO 
Hyperparameters:
train_csv           : /home/caojiaxiang/brain age/cjx/5-fold/train_1.csv
val_csv             : /home/caojiaxiang/brain age/cjx/5-fold/val_1.csv
batch_size          : 8
num_workers         : 2
channel             : 16
embed_dim           : 128
num_heads           : 8
num_layers          : 6
hidden_dim          : 512
dropout             : 0.1
lambda_consistency  : 0.02
lambda_grad         : 0.1
noise_sigma         : 0.1
num_regions         : 117
lambda_rba          : 0.001
epochs              : 400
learning_rate       : 0.0001
weight_decay        : 0.01
scheduler_T0        : 200
scheduler_eta_min   : 1e-05
log_dir             : ./training_logs
experiment_name     : T1wRBA_Enhanced
augmentation        : True
reshape             : (91, 109, 91)
resume_from_checkpoint: None
2025-11-28 14:55:45,776 INFO 
Hyperparameters:
train_csv           : /home/caojiaxiang/brain age/cjx/5-fold/train_1.csv
val_csv             : /home/caojiaxiang/brain age/cjx/5-fold/val_1.csv
batch_size          : 8
num_workers         : 2
channel             : 16
embed_dim           : 128
num_heads           : 8
num_layers          : 6
hidden_dim          : 512
dropout             : 0.1
lambda_consistency  : 0.02
lambda_grad         : 0.1
noise_sigma         : 0.1
num_regions         : 117
lambda_rba          : 0.001
epochs              : 400
learning_rate       : 0.0001
weight_decay        : 0.01
scheduler_T0        : 200
scheduler_eta_min   : 1e-05
log_dir             : ./training_logs
experiment_name     : T1wRBA_Enhanced
augmentation        : True
reshape             : (91, 109, 91)
resume_from_checkpoint: None
2025-11-28 14:55:46,338 INFO 
Hyperparameters:
train_csv           : /home/caojiaxiang/brain age/cjx/5-fold/train_1.csv
val_csv             : /home/caojiaxiang/brain age/cjx/5-fold/val_1.csv
batch_size          : 8
num_workers         : 2
channel             : 16
embed_dim           : 128
num_heads           : 8
num_layers          : 6
hidden_dim          : 512
dropout             : 0.1
lambda_consistency  : 0.02
lambda_grad         : 0.1
noise_sigma         : 0.1
num_regions         : 117
lambda_rba          : 0.001
epochs              : 400
learning_rate       : 0.0001
weight_decay        : 0.01
scheduler_T0        : 200
scheduler_eta_min   : 1e-05
log_dir             : ./training_logs
experiment_name     : T1wRBA_Enhanced
augmentation        : True
reshape             : (91, 109, 91)
resume_from_checkpoint: None
2025-11-28 14:55:46,428 INFO 
Hyperparameters:
train_csv           : /home/caojiaxiang/brain age/cjx/5-fold/train_1.csv
val_csv             : /home/caojiaxiang/brain age/cjx/5-fold/val_1.csv
batch_size          : 8
num_workers         : 2
channel             : 16
embed_dim           : 128
num_heads           : 8
num_layers          : 6
hidden_dim          : 512
dropout             : 0.1
lambda_consistency  : 0.02
lambda_grad         : 0.1
noise_sigma         : 0.1
num_regions         : 117
lambda_rba          : 0.001
epochs              : 400
learning_rate       : 0.0001
weight_decay        : 0.01
scheduler_T0        : 200
scheduler_eta_min   : 1e-05
log_dir             : ./training_logs
experiment_name     : T1wRBA_Enhanced
augmentation        : True
reshape             : (91, 109, 91)
resume_from_checkpoint: None
2025-11-28 14:55:46,450 INFO 
Hyperparameters:
train_csv           : /home/caojiaxiang/brain age/cjx/5-fold/train_1.csv
val_csv             : /home/caojiaxiang/brain age/cjx/5-fold/val_1.csv
batch_size          : 8
num_workers         : 2
channel             : 16
embed_dim           : 128
num_heads           : 8
num_layers          : 6
hidden_dim          : 512
dropout             : 0.1
lambda_consistency  : 0.02
lambda_grad         : 0.1
noise_sigma         : 0.1
num_regions         : 117
lambda_rba          : 0.001
epochs              : 400
learning_rate       : 0.0001
weight_decay        : 0.01
scheduler_T0        : 200
scheduler_eta_min   : 1e-05
log_dir             : ./training_logs
experiment_name     : T1wRBA_Enhanced
augmentation        : True
reshape             : (91, 109, 91)
resume_from_checkpoint: None
2025-11-28 14:55:46,455 INFO 
Hyperparameters:
train_csv           : /home/caojiaxiang/brain age/cjx/5-fold/train_1.csv
val_csv             : /home/caojiaxiang/brain age/cjx/5-fold/val_1.csv
batch_size          : 8
num_workers         : 2
channel             : 16
embed_dim           : 128
num_heads           : 8
num_layers          : 6
hidden_dim          : 512
dropout             : 0.1
lambda_consistency  : 0.02
lambda_grad         : 0.1
noise_sigma         : 0.1
num_regions         : 117
lambda_rba          : 0.001
epochs              : 400
learning_rate       : 0.0001
weight_decay        : 0.01
scheduler_T0        : 200
scheduler_eta_min   : 1e-05
log_dir             : ./training_logs
experiment_name     : T1wRBA_Enhanced
augmentation        : True
reshape             : (91, 109, 91)
resume_from_checkpoint: None
2025-11-28 14:55:46,459 INFO 
Hyperparameters:
train_csv           : /home/caojiaxiang/brain age/cjx/5-fold/train_1.csv
val_csv             : /home/caojiaxiang/brain age/cjx/5-fold/val_1.csv
batch_size          : 8
num_workers         : 2
channel             : 16
embed_dim           : 128
num_heads           : 8
num_layers          : 6
hidden_dim          : 512
dropout             : 0.1
lambda_consistency  : 0.02
lambda_grad         : 0.1
noise_sigma         : 0.1
num_regions         : 117
lambda_rba          : 0.001
epochs              : 400
learning_rate       : 0.0001
weight_decay        : 0.01
scheduler_T0        : 200
scheduler_eta_min   : 1e-05
log_dir             : ./training_logs
experiment_name     : T1wRBA_Enhanced
augmentation        : True
reshape             : (91, 109, 91)
resume_from_checkpoint: None
2025-11-28 14:55:46,489 INFO 
Hyperparameters:
train_csv           : /home/caojiaxiang/brain age/cjx/5-fold/train_1.csv
val_csv             : /home/caojiaxiang/brain age/cjx/5-fold/val_1.csv
batch_size          : 8
num_workers         : 2
channel             : 16
embed_dim           : 128
num_heads           : 8
num_layers          : 6
hidden_dim          : 512
dropout             : 0.1
lambda_consistency  : 0.02
lambda_grad         : 0.1
noise_sigma         : 0.1
num_regions         : 117
lambda_rba          : 0.001
epochs              : 400
learning_rate       : 0.0001
weight_decay        : 0.01
scheduler_T0        : 200
scheduler_eta_min   : 1e-05
log_dir             : ./training_logs
experiment_name     : T1wRBA_Enhanced
augmentation        : True
reshape             : (91, 109, 91)
resume_from_checkpoint: None
