2025-11-25 18:08:51,531 INFO 
Hyperparameters:
train_csv           : /home/caojiaxiang/brain age/cjx/5-fold/train_1.csv
val_csv             : /home/caojiaxiang/brain age/cjx/5-fold/val_1.csv
batch_size          : 32
num_workers         : 0
channel             : 16
embed_dim           : 128
num_heads           : 8
num_layers          : 6
hidden_dim          : 512
dropout             : 0.1
lambda_consistency  : 0.02
lambda_grad         : 0.1
noise_sigma         : 0.1
num_regions         : 117
lambda_rba          : 0.001
epochs              : 400
learning_rate       : 0.0002
weight_decay        : 0.01
scheduler_T0        : 200
scheduler_eta_min   : 1e-05
log_dir             : ./training_logs
experiment_name     : T1wRBA
augmentation        : False
reshape             : (91, 109, 91)
resume_from_checkpoint: None
2025-11-25 18:08:51,774 INFO 
Hyperparameters:
train_csv           : /home/caojiaxiang/brain age/cjx/5-fold/train_1.csv
val_csv             : /home/caojiaxiang/brain age/cjx/5-fold/val_1.csv
batch_size          : 32
num_workers         : 0
channel             : 16
embed_dim           : 128
num_heads           : 8
num_layers          : 6
hidden_dim          : 512
dropout             : 0.1
lambda_consistency  : 0.02
lambda_grad         : 0.1
noise_sigma         : 0.1
num_regions         : 117
lambda_rba          : 0.001
epochs              : 400
learning_rate       : 0.0002
weight_decay        : 0.01
scheduler_T0        : 200
scheduler_eta_min   : 1e-05
log_dir             : ./training_logs
experiment_name     : T1wRBA
augmentation        : False
reshape             : (91, 109, 91)
resume_from_checkpoint: None
2025-11-25 18:08:51,796 INFO 
Hyperparameters:
train_csv           : /home/caojiaxiang/brain age/cjx/5-fold/train_1.csv
val_csv             : /home/caojiaxiang/brain age/cjx/5-fold/val_1.csv
batch_size          : 32
num_workers         : 0
channel             : 16
embed_dim           : 128
num_heads           : 8
num_layers          : 6
hidden_dim          : 512
dropout             : 0.1
lambda_consistency  : 0.02
lambda_grad         : 0.1
noise_sigma         : 0.1
num_regions         : 117
lambda_rba          : 0.001
epochs              : 400
learning_rate       : 0.0002
weight_decay        : 0.01
scheduler_T0        : 200
scheduler_eta_min   : 1e-05
log_dir             : ./training_logs
experiment_name     : T1wRBA
augmentation        : False
reshape             : (91, 109, 91)
resume_from_checkpoint: None
2025-11-25 18:08:51,807 INFO 
Hyperparameters:
train_csv           : /home/caojiaxiang/brain age/cjx/5-fold/train_1.csv
val_csv             : /home/caojiaxiang/brain age/cjx/5-fold/val_1.csv
batch_size          : 32
num_workers         : 0
channel             : 16
embed_dim           : 128
num_heads           : 8
num_layers          : 6
hidden_dim          : 512
dropout             : 0.1
lambda_consistency  : 0.02
lambda_grad         : 0.1
noise_sigma         : 0.1
num_regions         : 117
lambda_rba          : 0.001
epochs              : 400
learning_rate       : 0.0002
weight_decay        : 0.01
scheduler_T0        : 200
scheduler_eta_min   : 1e-05
log_dir             : ./training_logs
experiment_name     : T1wRBA
augmentation        : False
reshape             : (91, 109, 91)
resume_from_checkpoint: None
2025-11-25 18:08:51,824 INFO 
Hyperparameters:
train_csv           : /home/caojiaxiang/brain age/cjx/5-fold/train_1.csv
val_csv             : /home/caojiaxiang/brain age/cjx/5-fold/val_1.csv
batch_size          : 32
num_workers         : 0
channel             : 16
embed_dim           : 128
num_heads           : 8
num_layers          : 6
hidden_dim          : 512
dropout             : 0.1
lambda_consistency  : 0.02
lambda_grad         : 0.1
noise_sigma         : 0.1
num_regions         : 117
lambda_rba          : 0.001
epochs              : 400
learning_rate       : 0.0002
weight_decay        : 0.01
scheduler_T0        : 200
scheduler_eta_min   : 1e-05
log_dir             : ./training_logs
experiment_name     : T1wRBA
augmentation        : False
reshape             : (91, 109, 91)
resume_from_checkpoint: None
2025-11-25 18:08:51,833 INFO 
Hyperparameters:
train_csv           : /home/caojiaxiang/brain age/cjx/5-fold/train_1.csv
val_csv             : /home/caojiaxiang/brain age/cjx/5-fold/val_1.csv
batch_size          : 32
num_workers         : 0
channel             : 16
embed_dim           : 128
num_heads           : 8
num_layers          : 6
hidden_dim          : 512
dropout             : 0.1
lambda_consistency  : 0.02
lambda_grad         : 0.1
noise_sigma         : 0.1
num_regions         : 117
lambda_rba          : 0.001
epochs              : 400
learning_rate       : 0.0002
weight_decay        : 0.01
scheduler_T0        : 200
scheduler_eta_min   : 1e-05
log_dir             : ./training_logs
experiment_name     : T1wRBA
augmentation        : False
reshape             : (91, 109, 91)
resume_from_checkpoint: None
2025-11-25 18:08:51,884 INFO 
Hyperparameters:
train_csv           : /home/caojiaxiang/brain age/cjx/5-fold/train_1.csv
val_csv             : /home/caojiaxiang/brain age/cjx/5-fold/val_1.csv
batch_size          : 32
num_workers         : 0
channel             : 16
embed_dim           : 128
num_heads           : 8
num_layers          : 6
hidden_dim          : 512
dropout             : 0.1
lambda_consistency  : 0.02
lambda_grad         : 0.1
noise_sigma         : 0.1
num_regions         : 117
lambda_rba          : 0.001
epochs              : 400
learning_rate       : 0.0002
weight_decay        : 0.01
scheduler_T0        : 200
scheduler_eta_min   : 1e-05
log_dir             : ./training_logs
experiment_name     : T1wRBA
augmentation        : False
reshape             : (91, 109, 91)
resume_from_checkpoint: None
2025-11-25 18:08:51,904 INFO 
Hyperparameters:
train_csv           : /home/caojiaxiang/brain age/cjx/5-fold/train_1.csv
val_csv             : /home/caojiaxiang/brain age/cjx/5-fold/val_1.csv
batch_size          : 32
num_workers         : 0
channel             : 16
embed_dim           : 128
num_heads           : 8
num_layers          : 6
hidden_dim          : 512
dropout             : 0.1
lambda_consistency  : 0.02
lambda_grad         : 0.1
noise_sigma         : 0.1
num_regions         : 117
lambda_rba          : 0.001
epochs              : 400
learning_rate       : 0.0002
weight_decay        : 0.01
scheduler_T0        : 200
scheduler_eta_min   : 1e-05
log_dir             : ./training_logs
experiment_name     : T1wRBA
augmentation        : False
reshape             : (91, 109, 91)
resume_from_checkpoint: None
2025-11-25 18:12:54,160 INFO 
Hyperparameters:
train_csv           : /home/caojiaxiang/brain age/cjx/5-fold/train_1.csv
val_csv             : /home/caojiaxiang/brain age/cjx/5-fold/val_1.csv
batch_size          : 32
num_workers         : 0
channel             : 16
embed_dim           : 128
num_heads           : 8
num_layers          : 6
hidden_dim          : 512
dropout             : 0.1
lambda_consistency  : 0.02
lambda_grad         : 0.1
noise_sigma         : 0.1
num_regions         : 117
lambda_rba          : 0.001
epochs              : 400
learning_rate       : 0.0002
weight_decay        : 0.01
scheduler_T0        : 200
scheduler_eta_min   : 1e-05
log_dir             : ./training_logs
experiment_name     : T1wRBA
augmentation        : False
reshape             : (91, 109, 91)
resume_from_checkpoint: None
2025-11-25 18:12:54,327 INFO 
Hyperparameters:
train_csv           : /home/caojiaxiang/brain age/cjx/5-fold/train_1.csv
val_csv             : /home/caojiaxiang/brain age/cjx/5-fold/val_1.csv
batch_size          : 32
num_workers         : 0
channel             : 16
embed_dim           : 128
num_heads           : 8
num_layers          : 6
hidden_dim          : 512
dropout             : 0.1
lambda_consistency  : 0.02
lambda_grad         : 0.1
noise_sigma         : 0.1
num_regions         : 117
lambda_rba          : 0.001
epochs              : 400
learning_rate       : 0.0002
weight_decay        : 0.01
scheduler_T0        : 200
scheduler_eta_min   : 1e-05
log_dir             : ./training_logs
experiment_name     : T1wRBA
augmentation        : False
reshape             : (91, 109, 91)
resume_from_checkpoint: None
2025-11-25 18:12:54,338 INFO 
Hyperparameters:
train_csv           : /home/caojiaxiang/brain age/cjx/5-fold/train_1.csv
val_csv             : /home/caojiaxiang/brain age/cjx/5-fold/val_1.csv
batch_size          : 32
num_workers         : 0
channel             : 16
embed_dim           : 128
num_heads           : 8
num_layers          : 6
hidden_dim          : 512
dropout             : 0.1
lambda_consistency  : 0.02
lambda_grad         : 0.1
noise_sigma         : 0.1
num_regions         : 117
lambda_rba          : 0.001
epochs              : 400
learning_rate       : 0.0002
weight_decay        : 0.01
scheduler_T0        : 200
scheduler_eta_min   : 1e-05
log_dir             : ./training_logs
experiment_name     : T1wRBA
augmentation        : False
reshape             : (91, 109, 91)
resume_from_checkpoint: None
2025-11-25 18:12:54,343 INFO 
Hyperparameters:
train_csv           : /home/caojiaxiang/brain age/cjx/5-fold/train_1.csv
val_csv             : /home/caojiaxiang/brain age/cjx/5-fold/val_1.csv
batch_size          : 32
num_workers         : 0
channel             : 16
embed_dim           : 128
num_heads           : 8
num_layers          : 6
hidden_dim          : 512
dropout             : 0.1
lambda_consistency  : 0.02
lambda_grad         : 0.1
noise_sigma         : 0.1
num_regions         : 117
lambda_rba          : 0.001
epochs              : 400
learning_rate       : 0.0002
weight_decay        : 0.01
scheduler_T0        : 200
scheduler_eta_min   : 1e-05
log_dir             : ./training_logs
experiment_name     : T1wRBA
augmentation        : False
reshape             : (91, 109, 91)
resume_from_checkpoint: None
2025-11-25 18:12:54,374 INFO 
Hyperparameters:
train_csv           : /home/caojiaxiang/brain age/cjx/5-fold/train_1.csv
val_csv             : /home/caojiaxiang/brain age/cjx/5-fold/val_1.csv
batch_size          : 32
num_workers         : 0
channel             : 16
embed_dim           : 128
num_heads           : 8
num_layers          : 6
hidden_dim          : 512
dropout             : 0.1
lambda_consistency  : 0.02
lambda_grad         : 0.1
noise_sigma         : 0.1
num_regions         : 117
lambda_rba          : 0.001
epochs              : 400
learning_rate       : 0.0002
weight_decay        : 0.01
scheduler_T0        : 200
scheduler_eta_min   : 1e-05
log_dir             : ./training_logs
experiment_name     : T1wRBA
augmentation        : False
reshape             : (91, 109, 91)
resume_from_checkpoint: None
2025-11-25 18:12:54,395 INFO 
Hyperparameters:
train_csv           : /home/caojiaxiang/brain age/cjx/5-fold/train_1.csv
val_csv             : /home/caojiaxiang/brain age/cjx/5-fold/val_1.csv
batch_size          : 32
num_workers         : 0
channel             : 16
embed_dim           : 128
num_heads           : 8
num_layers          : 6
hidden_dim          : 512
dropout             : 0.1
lambda_consistency  : 0.02
lambda_grad         : 0.1
noise_sigma         : 0.1
num_regions         : 117
lambda_rba          : 0.001
epochs              : 400
learning_rate       : 0.0002
weight_decay        : 0.01
scheduler_T0        : 200
scheduler_eta_min   : 1e-05
log_dir             : ./training_logs
experiment_name     : T1wRBA
augmentation        : False
reshape             : (91, 109, 91)
resume_from_checkpoint: None
2025-11-25 18:12:54,439 INFO 
Hyperparameters:
train_csv           : /home/caojiaxiang/brain age/cjx/5-fold/train_1.csv
val_csv             : /home/caojiaxiang/brain age/cjx/5-fold/val_1.csv
batch_size          : 32
num_workers         : 0
channel             : 16
embed_dim           : 128
num_heads           : 8
num_layers          : 6
hidden_dim          : 512
dropout             : 0.1
lambda_consistency  : 0.02
lambda_grad         : 0.1
noise_sigma         : 0.1
num_regions         : 117
lambda_rba          : 0.001
epochs              : 400
learning_rate       : 0.0002
weight_decay        : 0.01
scheduler_T0        : 200
scheduler_eta_min   : 1e-05
log_dir             : ./training_logs
experiment_name     : T1wRBA
augmentation        : False
reshape             : (91, 109, 91)
resume_from_checkpoint: None
2025-11-25 18:12:54,528 INFO 
Hyperparameters:
train_csv           : /home/caojiaxiang/brain age/cjx/5-fold/train_1.csv
val_csv             : /home/caojiaxiang/brain age/cjx/5-fold/val_1.csv
batch_size          : 32
num_workers         : 0
channel             : 16
embed_dim           : 128
num_heads           : 8
num_layers          : 6
hidden_dim          : 512
dropout             : 0.1
lambda_consistency  : 0.02
lambda_grad         : 0.1
noise_sigma         : 0.1
num_regions         : 117
lambda_rba          : 0.001
epochs              : 400
learning_rate       : 0.0002
weight_decay        : 0.01
scheduler_T0        : 200
scheduler_eta_min   : 1e-05
log_dir             : ./training_logs
experiment_name     : T1wRBA
augmentation        : False
reshape             : (91, 109, 91)
resume_from_checkpoint: None
2025-11-25 18:13:52,760 INFO 
Hyperparameters:
train_csv           : /home/caojiaxiang/brain age/cjx/5-fold/train_1.csv
val_csv             : /home/caojiaxiang/brain age/cjx/5-fold/val_1.csv
batch_size          : 32
num_workers         : 0
channel             : 16
embed_dim           : 128
num_heads           : 8
num_layers          : 6
hidden_dim          : 512
dropout             : 0.1
lambda_consistency  : 0.02
lambda_grad         : 0.1
noise_sigma         : 0.1
num_regions         : 117
lambda_rba          : 0.001
epochs              : 400
learning_rate       : 0.0001
weight_decay        : 0.01
scheduler_T0        : 200
scheduler_eta_min   : 1e-05
log_dir             : ./training_logs
experiment_name     : T1wRBA
augmentation        : False
reshape             : (91, 109, 91)
resume_from_checkpoint: None
2025-11-25 18:13:53,103 INFO 
Hyperparameters:
train_csv           : /home/caojiaxiang/brain age/cjx/5-fold/train_1.csv
val_csv             : /home/caojiaxiang/brain age/cjx/5-fold/val_1.csv
batch_size          : 32
num_workers         : 0
channel             : 16
embed_dim           : 128
num_heads           : 8
num_layers          : 6
hidden_dim          : 512
dropout             : 0.1
lambda_consistency  : 0.02
lambda_grad         : 0.1
noise_sigma         : 0.1
num_regions         : 117
lambda_rba          : 0.001
epochs              : 400
learning_rate       : 0.0001
weight_decay        : 0.01
scheduler_T0        : 200
scheduler_eta_min   : 1e-05
log_dir             : ./training_logs
experiment_name     : T1wRBA
augmentation        : False
reshape             : (91, 109, 91)
resume_from_checkpoint: None
2025-11-25 18:13:53,224 INFO 
Hyperparameters:
train_csv           : /home/caojiaxiang/brain age/cjx/5-fold/train_1.csv
val_csv             : /home/caojiaxiang/brain age/cjx/5-fold/val_1.csv
batch_size          : 32
num_workers         : 0
channel             : 16
embed_dim           : 128
num_heads           : 8
num_layers          : 6
hidden_dim          : 512
dropout             : 0.1
lambda_consistency  : 0.02
lambda_grad         : 0.1
noise_sigma         : 0.1
num_regions         : 117
lambda_rba          : 0.001
epochs              : 400
learning_rate       : 0.0001
weight_decay        : 0.01
scheduler_T0        : 200
scheduler_eta_min   : 1e-05
log_dir             : ./training_logs
experiment_name     : T1wRBA
augmentation        : False
reshape             : (91, 109, 91)
resume_from_checkpoint: None
2025-11-25 18:13:53,237 INFO 
Hyperparameters:
train_csv           : /home/caojiaxiang/brain age/cjx/5-fold/train_1.csv
val_csv             : /home/caojiaxiang/brain age/cjx/5-fold/val_1.csv
batch_size          : 32
num_workers         : 0
channel             : 16
embed_dim           : 128
num_heads           : 8
num_layers          : 6
hidden_dim          : 512
dropout             : 0.1
lambda_consistency  : 0.02
lambda_grad         : 0.1
noise_sigma         : 0.1
num_regions         : 117
lambda_rba          : 0.001
epochs              : 400
learning_rate       : 0.0001
weight_decay        : 0.01
scheduler_T0        : 200
scheduler_eta_min   : 1e-05
log_dir             : ./training_logs
experiment_name     : T1wRBA
augmentation        : False
reshape             : (91, 109, 91)
resume_from_checkpoint: None
2025-11-25 18:13:53,241 INFO 
Hyperparameters:
train_csv           : /home/caojiaxiang/brain age/cjx/5-fold/train_1.csv
val_csv             : /home/caojiaxiang/brain age/cjx/5-fold/val_1.csv
batch_size          : 32
num_workers         : 0
channel             : 16
embed_dim           : 128
num_heads           : 8
num_layers          : 6
hidden_dim          : 512
dropout             : 0.1
lambda_consistency  : 0.02
lambda_grad         : 0.1
noise_sigma         : 0.1
num_regions         : 117
lambda_rba          : 0.001
epochs              : 400
learning_rate       : 0.0001
weight_decay        : 0.01
scheduler_T0        : 200
scheduler_eta_min   : 1e-05
log_dir             : ./training_logs
experiment_name     : T1wRBA
augmentation        : False
reshape             : (91, 109, 91)
resume_from_checkpoint: None
2025-11-25 18:13:53,253 INFO 
Hyperparameters:
train_csv           : /home/caojiaxiang/brain age/cjx/5-fold/train_1.csv
val_csv             : /home/caojiaxiang/brain age/cjx/5-fold/val_1.csv
batch_size          : 32
num_workers         : 0
channel             : 16
embed_dim           : 128
num_heads           : 8
num_layers          : 6
hidden_dim          : 512
dropout             : 0.1
lambda_consistency  : 0.02
lambda_grad         : 0.1
noise_sigma         : 0.1
num_regions         : 117
lambda_rba          : 0.001
epochs              : 400
learning_rate       : 0.0001
weight_decay        : 0.01
scheduler_T0        : 200
scheduler_eta_min   : 1e-05
log_dir             : ./training_logs
experiment_name     : T1wRBA
augmentation        : False
reshape             : (91, 109, 91)
resume_from_checkpoint: None
2025-11-25 18:13:53,261 INFO 
Hyperparameters:
train_csv           : /home/caojiaxiang/brain age/cjx/5-fold/train_1.csv
val_csv             : /home/caojiaxiang/brain age/cjx/5-fold/val_1.csv
batch_size          : 32
num_workers         : 0
channel             : 16
embed_dim           : 128
num_heads           : 8
num_layers          : 6
hidden_dim          : 512
dropout             : 0.1
lambda_consistency  : 0.02
lambda_grad         : 0.1
noise_sigma         : 0.1
num_regions         : 117
lambda_rba          : 0.001
epochs              : 400
learning_rate       : 0.0001
weight_decay        : 0.01
scheduler_T0        : 200
scheduler_eta_min   : 1e-05
log_dir             : ./training_logs
experiment_name     : T1wRBA
augmentation        : False
reshape             : (91, 109, 91)
resume_from_checkpoint: None
2025-11-25 18:13:53,266 INFO 
Hyperparameters:
train_csv           : /home/caojiaxiang/brain age/cjx/5-fold/train_1.csv
val_csv             : /home/caojiaxiang/brain age/cjx/5-fold/val_1.csv
batch_size          : 32
num_workers         : 0
channel             : 16
embed_dim           : 128
num_heads           : 8
num_layers          : 6
hidden_dim          : 512
dropout             : 0.1
lambda_consistency  : 0.02
lambda_grad         : 0.1
noise_sigma         : 0.1
num_regions         : 117
lambda_rba          : 0.001
epochs              : 400
learning_rate       : 0.0001
weight_decay        : 0.01
scheduler_T0        : 200
scheduler_eta_min   : 1e-05
log_dir             : ./training_logs
experiment_name     : T1wRBA
augmentation        : False
reshape             : (91, 109, 91)
resume_from_checkpoint: None
2025-11-25 18:28:00,304 INFO The used dataset had no length, returning gathered tensors. You should drop the remainder yourself.
2025-11-25 18:28:00,347 INFO The used dataset had no length, returning gathered tensors. You should drop the remainder yourself.
2025-11-25 18:28:00,352 INFO Epoch 1/400 | LR: 6.67e-06 | Train Loss: 6606.1176 (Main: 1703.3470, Cons: 0.0657, Grad: 0.007802538337, RBA: 4902.6970) | Val Loss: 1670.6871 | MAE: 32.76 | Val_RBA: 34.47 | R²: -1.8680 ｜ R: 0.2096
2025-11-25 18:28:00,428 INFO Checkpoint saved at epoch 0
2025-11-25 18:34:12,837 INFO The used dataset had no length, returning gathered tensors. You should drop the remainder yourself.
2025-11-25 18:34:12,877 INFO The used dataset had no length, returning gathered tensors. You should drop the remainder yourself.
2025-11-25 18:34:12,883 INFO Epoch 2/400 | LR: 1.33e-05 | Train Loss: 6481.6355 (Main: 1625.7631, Cons: 0.3363, Grad: 0.008610352929, RBA: 4855.5273) | Val Loss: 1543.6583 | MAE: 30.85 | Val_RBA: 33.90 | R²: -1.6473 ｜ R: 0.7553
2025-11-25 18:34:12,973 INFO Checkpoint saved at epoch 1
2025-11-25 18:40:27,254 INFO The used dataset had no length, returning gathered tensors. You should drop the remainder yourself.
2025-11-25 18:40:27,295 INFO The used dataset had no length, returning gathered tensors. You should drop the remainder yourself.
2025-11-25 18:40:27,298 INFO Epoch 3/400 | LR: 2.00e-05 | Train Loss: 5836.1697 (Main: 1618.7462, Cons: 9.2375, Grad: 0.009471105985, RBA: 4208.1765) | Val Loss: 1505.8034 | MAE: 30.16 | Val_RBA: 30.49 | R²: -1.5811 ｜ R: 0.6621
2025-11-25 18:40:27,388 INFO Checkpoint saved at epoch 2
2025-11-25 18:46:42,037 INFO The used dataset had no length, returning gathered tensors. You should drop the remainder yourself.
2025-11-25 18:46:42,077 INFO The used dataset had no length, returning gathered tensors. You should drop the remainder yourself.
2025-11-25 18:46:42,080 INFO Epoch 4/400 | LR: 2.67e-05 | Train Loss: 4033.9586 (Main: 1575.8476, Cons: 57.5769, Grad: 0.010746786036, RBA: 2400.5234) | Val Loss: 1468.0478 | MAE: 29.51 | Val_RBA: 22.22 | R²: -1.5155 ｜ R: 0.7355
2025-11-25 18:46:42,165 INFO Checkpoint saved at epoch 3
2025-11-25 18:52:57,159 INFO The used dataset had no length, returning gathered tensors. You should drop the remainder yourself.
2025-11-25 18:52:57,193 INFO The used dataset had no length, returning gathered tensors. You should drop the remainder yourself.
2025-11-25 18:52:57,198 INFO Epoch 5/400 | LR: 3.33e-05 | Train Loss: 2659.8184 (Main: 1459.1133, Cons: 102.8390, Grad: 0.017442102637, RBA: 1097.8487) | Val Loss: 1423.9525 | MAE: 28.75 | Val_RBA: 13.22 | R²: -1.4388 ｜ R: 0.6720
2025-11-25 18:52:57,283 INFO Checkpoint saved at epoch 4
2025-11-25 18:59:11,811 INFO The used dataset had no length, returning gathered tensors. You should drop the remainder yourself.
2025-11-25 18:59:11,851 INFO The used dataset had no length, returning gathered tensors. You should drop the remainder yourself.
2025-11-25 18:59:11,854 INFO Epoch 6/400 | LR: 4.00e-05 | Train Loss: 2068.7825 (Main: 1356.5552, Cons: 103.0545, Grad: 0.024617293368, RBA: 609.1482) | Val Loss: 1372.9050 | MAE: 27.88 | Val_RBA: 9.65 | R²: -1.3501 ｜ R: 0.8178
2025-11-25 18:59:11,946 INFO Checkpoint saved at epoch 5
2025-11-25 19:05:27,884 INFO The used dataset had no length, returning gathered tensors. You should drop the remainder yourself.
2025-11-25 19:05:27,925 INFO The used dataset had no length, returning gathered tensors. You should drop the remainder yourself.
2025-11-25 19:05:27,931 INFO Epoch 7/400 | LR: 4.67e-05 | Train Loss: 1983.6199 (Main: 1369.4341, Cons: 96.0736, Grad: 0.028178356464, RBA: 518.0839) | Val Loss: 1314.2423 | MAE: 26.88 | Val_RBA: 9.31 | R²: -1.2483 ｜ R: 0.5657
2025-11-25 19:05:28,025 INFO Checkpoint saved at epoch 6
2025-11-25 19:11:44,512 INFO The used dataset had no length, returning gathered tensors. You should drop the remainder yourself.
2025-11-25 19:11:44,552 INFO The used dataset had no length, returning gathered tensors. You should drop the remainder yourself.
2025-11-25 19:11:44,555 INFO Epoch 8/400 | LR: 5.33e-05 | Train Loss: 1978.6014 (Main: 1377.7745, Cons: 95.6053, Grad: 0.028209365882, RBA: 505.1933) | Val Loss: 1248.4851 | MAE: 25.80 | Val_RBA: 9.54 | R²: -1.1342 ｜ R: 0.4902
2025-11-25 19:11:44,644 INFO Checkpoint saved at epoch 7
2025-11-25 19:18:01,609 INFO The used dataset had no length, returning gathered tensors. You should drop the remainder yourself.
2025-11-25 19:18:01,648 INFO The used dataset had no length, returning gathered tensors. You should drop the remainder yourself.
2025-11-25 19:18:01,654 INFO Epoch 9/400 | LR: 6.00e-05 | Train Loss: 1740.8285 (Main: 1211.4422, Cons: 90.4519, Grad: 0.029353536395, RBA: 438.9051) | Val Loss: 1176.4796 | MAE: 24.69 | Val_RBA: 10.20 | R²: -1.0095 ｜ R: 0.1984
2025-11-25 19:18:01,739 INFO Checkpoint saved at epoch 8
2025-11-25 19:24:19,185 INFO The used dataset had no length, returning gathered tensors. You should drop the remainder yourself.
2025-11-25 19:24:19,225 INFO The used dataset had no length, returning gathered tensors. You should drop the remainder yourself.
2025-11-25 19:24:19,228 INFO Epoch 10/400 | LR: 6.67e-05 | Train Loss: 1656.3045 (Main: 1164.6537, Cons: 85.7532, Grad: 0.029882268721, RBA: 405.8677) | Val Loss: 1099.6415 | MAE: 23.55 | Val_RBA: 10.22 | R²: -0.8765 ｜ R: 0.7989
2025-11-25 19:24:19,318 INFO Checkpoint saved at epoch 9
2025-11-25 19:30:37,832 INFO The used dataset had no length, returning gathered tensors. You should drop the remainder yourself.
2025-11-25 19:30:37,872 INFO The used dataset had no length, returning gathered tensors. You should drop the remainder yourself.
2025-11-25 19:30:37,875 INFO Epoch 11/400 | LR: 7.33e-05 | Train Loss: 1478.0952 (Main: 1021.7036, Cons: 75.5775, Grad: 0.030303804503, RBA: 380.7839) | Val Loss: 1020.4287 | MAE: 22.44 | Val_RBA: 10.45 | R²: -0.7397 ｜ R: 0.7124
2025-11-25 19:30:37,965 INFO Checkpoint saved at epoch 10
2025-11-25 19:36:56,248 INFO The used dataset had no length, returning gathered tensors. You should drop the remainder yourself.
2025-11-25 19:36:56,289 INFO The used dataset had no length, returning gathered tensors. You should drop the remainder yourself.
2025-11-25 19:36:56,293 INFO Epoch 12/400 | LR: 8.00e-05 | Train Loss: 1486.3317 (Main: 1015.4659, Cons: 79.1642, Grad: 0.029036833293, RBA: 391.6725) | Val Loss: 941.6542 | MAE: 21.34 | Val_RBA: 11.57 | R²: -0.6039 ｜ R: -0.0115
2025-11-25 19:36:56,383 INFO Checkpoint saved at epoch 11
2025-11-25 19:43:15,628 INFO The used dataset had no length, returning gathered tensors. You should drop the remainder yourself.
2025-11-25 19:43:15,668 INFO The used dataset had no length, returning gathered tensors. You should drop the remainder yourself.
2025-11-25 19:43:15,673 INFO Epoch 13/400 | LR: 8.67e-05 | Train Loss: 1355.9956 (Main: 923.0307, Cons: 84.9182, Grad: 0.028201148083, RBA: 348.0186) | Val Loss: 865.3657 | MAE: 20.27 | Val_RBA: 10.56 | R²: -0.4728 ｜ R: 0.8752
2025-11-25 19:43:15,762 INFO Checkpoint saved at epoch 12
2025-11-25 19:49:35,271 INFO The used dataset had no length, returning gathered tensors. You should drop the remainder yourself.
2025-11-25 19:49:35,310 INFO The used dataset had no length, returning gathered tensors. You should drop the remainder yourself.
2025-11-25 19:49:35,313 INFO Epoch 14/400 | LR: 9.33e-05 | Train Loss: 1263.7646 (Main: 846.7715, Cons: 79.8682, Grad: 0.026596140383, RBA: 337.0982) | Val Loss: 791.9034 | MAE: 19.39 | Val_RBA: 13.59 | R²: -0.3469 ｜ R: 0.4891
2025-11-25 19:49:35,402 INFO Checkpoint saved at epoch 13
2025-11-25 19:55:55,001 INFO The used dataset had no length, returning gathered tensors. You should drop the remainder yourself.
2025-11-25 19:55:55,040 INFO The used dataset had no length, returning gathered tensors. You should drop the remainder yourself.
2025-11-25 19:55:55,043 INFO Epoch 15/400 | LR: 1.00e-04 | Train Loss: 1189.3298 (Main: 778.0473, Cons: 77.9662, Grad: 0.024654736870, RBA: 333.2917) | Val Loss: 694.6430 | MAE: 17.67 | Val_RBA: 7.96 | R²: -0.1800 ｜ R: 0.6478
2025-11-25 19:55:55,133 INFO Checkpoint saved at epoch 14
2025-11-25 20:02:14,593 INFO The used dataset had no length, returning gathered tensors. You should drop the remainder yourself.
2025-11-25 20:02:14,634 INFO The used dataset had no length, returning gathered tensors. You should drop the remainder yourself.
2025-11-25 20:02:14,640 INFO Epoch 16/400 | LR: 1.23e-07 | Train Loss: 951.0597 (Main: 593.9783, Cons: 74.5286, Grad: 0.025635467960, RBA: 282.5271) | Val Loss: 626.8904 | MAE: 17.63 | Val_RBA: 9.79 | R²: -0.0647 ｜ R: 0.5896
2025-11-25 20:02:14,733 INFO Checkpoint saved at epoch 15
2025-11-25 20:08:34,461 INFO The used dataset had no length, returning gathered tensors. You should drop the remainder yourself.
2025-11-25 20:08:34,500 INFO The used dataset had no length, returning gathered tensors. You should drop the remainder yourself.
2025-11-25 20:08:34,505 INFO Epoch 17/400 | LR: 9.62e-07 | Train Loss: 968.8825 (Main: 632.5833, Cons: 69.6194, Grad: 0.026859824296, RBA: 266.6528) | Val Loss: 611.0517 | MAE: 16.27 | Val_RBA: 7.48 | R²: -0.0365 ｜ R: 0.7323
2025-11-25 20:08:34,583 INFO Checkpoint saved at epoch 16
2025-11-25 20:14:54,477 INFO The used dataset had no length, returning gathered tensors. You should drop the remainder yourself.
2025-11-25 20:14:54,518 INFO The used dataset had no length, returning gathered tensors. You should drop the remainder yourself.
2025-11-25 20:14:54,524 INFO Epoch 18/400 | LR: 1.06e-06 | Train Loss: 954.8163 (Main: 604.0025, Cons: 73.9927, Grad: 0.025542199543, RBA: 276.7956) | Val Loss: 609.9709 | MAE: 16.18 | Val_RBA: 7.38 | R²: -0.0346 ｜ R: 0.7523
2025-11-25 20:14:54,617 INFO Checkpoint saved at epoch 17
2025-11-25 20:21:15,262 INFO The used dataset had no length, returning gathered tensors. You should drop the remainder yourself.
2025-11-25 20:21:15,301 INFO The used dataset had no length, returning gathered tensors. You should drop the remainder yourself.
2025-11-25 20:21:15,308 INFO Epoch 19/400 | LR: 1.16e-06 | Train Loss: 1007.9105 (Main: 666.2596, Cons: 77.4073, Grad: 0.025780482444, RBA: 264.2179) | Val Loss: 608.9795 | MAE: 16.19 | Val_RBA: 7.77 | R²: -0.0329 ｜ R: 0.7498
2025-11-25 20:27:35,138 INFO The used dataset had no length, returning gathered tensors. You should drop the remainder yourself.
2025-11-25 20:27:35,179 INFO The used dataset had no length, returning gathered tensors. You should drop the remainder yourself.
2025-11-25 20:27:35,185 INFO Epoch 20/400 | LR: 1.23e-06 | Train Loss: 929.6158 (Main: 611.2195, Cons: 74.1296, Grad: 0.026214529368, RBA: 244.2405) | Val Loss: 608.3340 | MAE: 16.23 | Val_RBA: 7.94 | R²: -0.0318 ｜ R: 0.7194
2025-11-25 20:33:55,226 INFO The used dataset had no length, returning gathered tensors. You should drop the remainder yourself.
2025-11-25 20:33:55,267 INFO The used dataset had no length, returning gathered tensors. You should drop the remainder yourself.
2025-11-25 20:33:55,270 INFO Epoch 21/400 | LR: 1.35e-06 | Train Loss: 974.8752 (Main: 628.1880, Cons: 75.1546, Grad: 0.025820918567, RBA: 271.5068) | Val Loss: 607.1991 | MAE: 16.20 | Val_RBA: 7.93 | R²: -0.0298 ｜ R: 0.7084
2025-11-25 20:40:15,367 INFO The used dataset had no length, returning gathered tensors. You should drop the remainder yourself.
2025-11-25 20:40:15,408 INFO The used dataset had no length, returning gathered tensors. You should drop the remainder yourself.
2025-11-25 20:40:15,411 INFO Epoch 22/400 | LR: 1.47e-06 | Train Loss: 991.9414 (Main: 664.7602, Cons: 74.5620, Grad: 0.026546382166, RBA: 252.5927) | Val Loss: 606.0815 | MAE: 16.19 | Val_RBA: 7.81 | R²: -0.0279 ｜ R: 0.7393
2025-11-25 20:46:36,108 INFO The used dataset had no length, returning gathered tensors. You should drop the remainder yourself.
2025-11-25 20:46:36,149 INFO The used dataset had no length, returning gathered tensors. You should drop the remainder yourself.
2025-11-25 20:46:36,155 INFO Epoch 23/400 | LR: 1.54e-06 | Train Loss: 971.5975 (Main: 623.4791, Cons: 76.5446, Grad: 0.026536666777, RBA: 271.5473) | Val Loss: 605.4714 | MAE: 16.26 | Val_RBA: 8.24 | R²: -0.0269 ｜ R: 0.7280
2025-11-25 20:52:56,693 INFO The used dataset had no length, returning gathered tensors. You should drop the remainder yourself.
2025-11-25 20:52:56,732 INFO The used dataset had no length, returning gathered tensors. You should drop the remainder yourself.
2025-11-25 20:52:56,736 INFO Epoch 24/400 | LR: 1.77e-06 | Train Loss: 972.7088 (Main: 656.7280, Cons: 77.4162, Grad: 0.026098646763, RBA: 238.5386) | Val Loss: 603.5952 | MAE: 16.18 | Val_RBA: 7.49 | R²: -0.0237 ｜ R: 0.7472
2025-11-25 20:52:56,825 INFO Checkpoint saved at epoch 23
2025-11-25 20:59:17,294 INFO The used dataset had no length, returning gathered tensors. You should drop the remainder yourself.
2025-11-25 20:59:17,334 INFO The used dataset had no length, returning gathered tensors. You should drop the remainder yourself.
2025-11-25 20:59:17,337 INFO Epoch 25/400 | LR: 1.99e-06 | Train Loss: 961.8985 (Main: 634.0130, Cons: 73.8263, Grad: 0.027188243447, RBA: 254.0320) | Val Loss: 601.9127 | MAE: 16.03 | Val_RBA: 9.49 | R²: -0.0208 ｜ R: 0.7252
2025-11-25 20:59:17,428 INFO Checkpoint saved at epoch 24
2025-11-25 21:05:37,796 INFO The used dataset had no length, returning gathered tensors. You should drop the remainder yourself.
2025-11-25 21:05:37,835 INFO The used dataset had no length, returning gathered tensors. You should drop the remainder yourself.
2025-11-25 21:05:37,838 INFO Epoch 26/400 | LR: 2.21e-06 | Train Loss: 1029.0138 (Main: 659.6425, Cons: 83.6880, Grad: 0.026278349743, RBA: 285.6570) | Val Loss: 600.2726 | MAE: 16.13 | Val_RBA: 7.71 | R²: -0.0180 ｜ R: 0.7250
2025-11-25 21:11:57,943 INFO The used dataset had no length, returning gathered tensors. You should drop the remainder yourself.
2025-11-25 21:11:57,983 INFO The used dataset had no length, returning gathered tensors. You should drop the remainder yourself.
2025-11-25 21:11:57,986 INFO Epoch 27/400 | LR: 2.63e-06 | Train Loss: 872.6131 (Main: 554.6156, Cons: 73.4660, Grad: 0.026379119912, RBA: 244.5051) | Val Loss: 597.4373 | MAE: 15.99 | Val_RBA: 8.05 | R²: -0.0131 ｜ R: 0.7274
2025-11-25 21:11:58,075 INFO Checkpoint saved at epoch 26
2025-11-25 21:18:18,481 INFO The used dataset had no length, returning gathered tensors. You should drop the remainder yourself.
2025-11-25 21:18:18,521 INFO The used dataset had no length, returning gathered tensors. You should drop the remainder yourself.
2025-11-25 21:18:18,524 INFO Epoch 28/400 | LR: 2.81e-06 | Train Loss: 920.0337 (Main: 600.5297, Cons: 70.3886, Grad: 0.026329253684, RBA: 249.0891) | Val Loss: 596.2780 | MAE: 16.05 | Val_RBA: 9.00 | R²: -0.0112 ｜ R: 0.6942
2025-11-25 21:24:39,782 INFO The used dataset had no length, returning gathered tensors. You should drop the remainder yourself.
2025-11-25 21:24:39,822 INFO The used dataset had no length, returning gathered tensors. You should drop the remainder yourself.
2025-11-25 21:24:39,825 INFO Epoch 29/400 | LR: 3.38e-06 | Train Loss: 916.7201 (Main: 606.7334, Cons: 70.4370, Grad: 0.027836999258, RBA: 239.5219) | Val Loss: 592.8643 | MAE: 15.96 | Val_RBA: 7.90 | R²: -0.0052 ｜ R: 0.7354
2025-11-25 21:24:39,914 INFO Checkpoint saved at epoch 28
2025-11-25 21:31:00,826 INFO The used dataset had no length, returning gathered tensors. You should drop the remainder yourself.
2025-11-25 21:31:00,866 INFO The used dataset had no length, returning gathered tensors. You should drop the remainder yourself.
2025-11-25 21:31:00,870 INFO Epoch 30/400 | LR: 3.60e-06 | Train Loss: 928.0627 (Main: 631.3549, Cons: 77.0638, Grad: 0.025248659728, RBA: 219.6188) | Val Loss: 591.6421 | MAE: 16.06 | Val_RBA: 8.70 | R²: -0.0033 ｜ R: 0.7006
2025-11-25 21:37:21,448 INFO The used dataset had no length, returning gathered tensors. You should drop the remainder yourself.
2025-11-25 21:37:21,488 INFO The used dataset had no length, returning gathered tensors. You should drop the remainder yourself.
2025-11-25 21:37:21,493 INFO Epoch 31/400 | LR: 4.24e-06 | Train Loss: 992.3103 (Main: 659.1212, Cons: 75.3209, Grad: 0.026309653022, RBA: 257.8419) | Val Loss: 588.2530 | MAE: 16.03 | Val_RBA: 7.85 | R²: 0.0025 ｜ R: 0.7302
2025-11-25 21:43:41,839 INFO The used dataset had no length, returning gathered tensors. You should drop the remainder yourself.
2025-11-25 21:43:41,877 INFO The used dataset had no length, returning gathered tensors. You should drop the remainder yourself.
2025-11-25 21:43:41,883 INFO Epoch 32/400 | LR: 5.19e-06 | Train Loss: 922.6594 (Main: 603.7977, Cons: 81.8836, Grad: 0.026440186851, RBA: 236.9518) | Val Loss: 583.6218 | MAE: 15.86 | Val_RBA: 7.92 | R²: 0.0105 ｜ R: 0.7228
2025-11-25 21:43:41,963 INFO Checkpoint saved at epoch 31
2025-11-25 21:50:02,108 INFO The used dataset had no length, returning gathered tensors. You should drop the remainder yourself.
2025-11-25 21:50:02,149 INFO The used dataset had no length, returning gathered tensors. You should drop the remainder yourself.
2025-11-25 21:50:02,152 INFO Epoch 33/400 | LR: 6.19e-06 | Train Loss: 933.3914 (Main: 605.0248, Cons: 76.8759, Grad: 0.028450824613, RBA: 251.4622) | Val Loss: 579.1717 | MAE: 15.74 | Val_RBA: 8.24 | R²: 0.0182 ｜ R: 0.7717
2025-11-25 21:50:02,242 INFO Checkpoint saved at epoch 32
2025-11-25 21:56:23,859 INFO The used dataset had no length, returning gathered tensors. You should drop the remainder yourself.
2025-11-25 21:56:23,898 INFO The used dataset had no length, returning gathered tensors. You should drop the remainder yourself.
2025-11-25 21:56:23,902 INFO Epoch 34/400 | LR: 6.39e-06 | Train Loss: 922.7548 (Main: 597.2926, Cons: 80.2269, Grad: 0.026761601603, RBA: 245.2085) | Val Loss: 578.3495 | MAE: 16.15 | Val_RBA: 9.71 | R²: 0.0193 ｜ R: 0.6945
2025-11-25 22:02:45,264 INFO The used dataset had no length, returning gathered tensors. You should drop the remainder yourself.
2025-11-25 22:02:45,304 INFO The used dataset had no length, returning gathered tensors. You should drop the remainder yourself.
2025-11-25 22:02:45,307 INFO Epoch 35/400 | LR: 6.99e-06 | Train Loss: 870.6994 (Main: 590.0685, Cons: 71.8137, Grad: 0.027179759442, RBA: 208.7900) | Val Loss: 575.8810 | MAE: 16.40 | Val_RBA: 8.39 | R²: 0.0232 ｜ R: 0.6798
2025-11-25 22:09:05,718 INFO The used dataset had no length, returning gathered tensors. You should drop the remainder yourself.
2025-11-25 22:09:05,758 INFO The used dataset had no length, returning gathered tensors. You should drop the remainder yourself.
2025-11-25 22:09:05,761 INFO Epoch 36/400 | LR: 8.75e-06 | Train Loss: 869.1807 (Main: 585.5363, Cons: 73.9142, Grad: 0.027161140512, RBA: 209.7030) | Val Loss: 569.1477 | MAE: 16.24 | Val_RBA: 8.19 | R²: 0.0348 ｜ R: 0.6898
2025-11-25 22:15:26,636 INFO The used dataset had no length, returning gathered tensors. You should drop the remainder yourself.
2025-11-25 22:15:26,676 INFO The used dataset had no length, returning gathered tensors. You should drop the remainder yourself.
2025-11-25 22:15:26,680 INFO Epoch 37/400 | LR: 1.24e-05 | Train Loss: 919.2480 (Main: 595.4057, Cons: 77.6903, Grad: 0.027277072097, RBA: 246.1246) | Val Loss: 556.8382 | MAE: 15.47 | Val_RBA: 8.20 | R²: 0.0562 ｜ R: 0.7971
2025-11-25 22:15:26,768 INFO Checkpoint saved at epoch 36
2025-11-25 22:21:47,630 INFO The used dataset had no length, returning gathered tensors. You should drop the remainder yourself.
2025-11-25 22:21:47,670 INFO The used dataset had no length, returning gathered tensors. You should drop the remainder yourself.
2025-11-25 22:21:47,676 INFO Epoch 38/400 | LR: 1.56e-05 | Train Loss: 943.0312 (Main: 608.2113, Cons: 75.7812, Grad: 0.028515572243, RBA: 259.0102) | Val Loss: 547.6555 | MAE: 15.43 | Val_RBA: 7.77 | R²: 0.0718 ｜ R: 0.8156
2025-11-25 22:21:47,767 INFO Checkpoint saved at epoch 37
2025-11-25 22:28:08,922 INFO The used dataset had no length, returning gathered tensors. You should drop the remainder yourself.
2025-11-25 22:28:08,963 INFO The used dataset had no length, returning gathered tensors. You should drop the remainder yourself.
2025-11-25 22:28:08,966 INFO Epoch 39/400 | LR: 2.14e-05 | Train Loss: 901.7713 (Main: 593.7169, Cons: 70.4724, Grad: 0.029018022198, RBA: 237.5530) | Val Loss: 532.3445 | MAE: 15.06 | Val_RBA: 6.80 | R²: 0.0983 ｜ R: 0.7857
2025-11-25 22:28:09,055 INFO Checkpoint saved at epoch 38
2025-11-25 22:34:29,946 INFO The used dataset had no length, returning gathered tensors. You should drop the remainder yourself.
2025-11-25 22:34:29,986 INFO The used dataset had no length, returning gathered tensors. You should drop the remainder yourself.
2025-11-25 22:34:29,989 INFO Epoch 40/400 | LR: 2.16e-05 | Train Loss: 802.6285 (Main: 515.8912, Cons: 68.7480, Grad: 0.027108608441, RBA: 217.9622) | Val Loss: 531.7482 | MAE: 16.29 | Val_RBA: 10.60 | R²: 0.0979 ｜ R: 0.6725
2025-11-25 22:40:50,799 INFO The used dataset had no length, returning gathered tensors. You should drop the remainder yourself.
2025-11-25 22:40:50,839 INFO The used dataset had no length, returning gathered tensors. You should drop the remainder yourself.
2025-11-25 22:40:50,842 INFO Epoch 41/400 | LR: 3.55e-05 | Train Loss: 806.6084 (Main: 503.4393, Cons: 72.8234, Grad: 0.027104010492, RBA: 230.3186) | Val Loss: 500.1315 | MAE: 14.81 | Val_RBA: 6.98 | R²: 0.1531 ｜ R: 0.7942
2025-11-25 22:40:50,926 INFO Checkpoint saved at epoch 40
2025-11-25 22:47:12,699 INFO The used dataset had no length, returning gathered tensors. You should drop the remainder yourself.
2025-11-25 22:47:12,740 INFO The used dataset had no length, returning gathered tensors. You should drop the remainder yourself.
2025-11-25 22:47:12,746 INFO Epoch 42/400 | LR: 4.72e-05 | Train Loss: 783.7151 (Main: 489.7308, Cons: 64.4735, Grad: 0.027153362216, RBA: 229.4837) | Val Loss: 475.7731 | MAE: 14.43 | Val_RBA: 8.00 | R²: 0.1944 ｜ R: 0.8459
2025-11-25 22:47:12,836 INFO Checkpoint saved at epoch 41
2025-11-25 22:53:35,724 INFO The used dataset had no length, returning gathered tensors. You should drop the remainder yourself.
2025-11-25 22:53:35,764 INFO The used dataset had no length, returning gathered tensors. You should drop the remainder yourself.
2025-11-25 22:53:35,770 INFO Epoch 43/400 | LR: 6.26e-05 | Train Loss: 810.4406 (Main: 490.9493, Cons: 83.7727, Grad: 0.025506454140, RBA: 235.6931) | Val Loss: 444.1866 | MAE: 14.37 | Val_RBA: 7.27 | R²: 0.2481 ｜ R: 0.8260
2025-11-25 22:53:35,859 INFO Checkpoint saved at epoch 42
2025-11-25 23:00:02,540 INFO The used dataset had no length, returning gathered tensors. You should drop the remainder yourself.
2025-11-25 23:00:02,580 INFO The used dataset had no length, returning gathered tensors. You should drop the remainder yourself.
2025-11-25 23:00:02,583 INFO Epoch 44/400 | LR: 5.48e-05 | Train Loss: 787.9959 (Main: 466.0076, Cons: 71.2237, Grad: 0.024532757170, RBA: 250.7400) | Val Loss: 460.3540 | MAE: 17.49 | Val_RBA: 11.22 | R²: 0.2158 ｜ R: 0.6878
2025-11-25 23:06:28,951 INFO The used dataset had no length, returning gathered tensors. You should drop the remainder yourself.
2025-11-25 23:06:28,991 INFO The used dataset had no length, returning gathered tensors. You should drop the remainder yourself.
2025-11-25 23:06:28,994 INFO Epoch 45/400 | LR: 8.08e-05 | Train Loss: 697.0998 (Main: 416.0410, Cons: 69.2651, Grad: 0.024856628292, RBA: 211.7688) | Val Loss: 402.3396 | MAE: 15.70 | Val_RBA: 9.44 | R²: 0.3163 ｜ R: 0.7882
2025-11-25 23:12:55,514 INFO The used dataset had no length, returning gathered tensors. You should drop the remainder yourself.
2025-11-25 23:12:55,555 INFO The used dataset had no length, returning gathered tensors. You should drop the remainder yourself.
2025-11-25 23:12:55,558 INFO Epoch 46/400 | LR: 9.97e-05 | Train Loss: 645.9267 (Main: 345.9146, Cons: 62.2044, Grad: 0.025309763208, RBA: 237.7825) | Val Loss: 321.5030 | MAE: 12.28 | Val_RBA: 7.26 | R²: 0.4571 ｜ R: 0.8704
2025-11-25 23:12:55,648 INFO Checkpoint saved at epoch 45
2025-11-25 23:19:22,022 INFO The used dataset had no length, returning gathered tensors. You should drop the remainder yourself.
2025-11-25 23:19:22,062 INFO The used dataset had no length, returning gathered tensors. You should drop the remainder yourself.
2025-11-25 23:19:22,065 INFO Epoch 47/400 | LR: 9.58e-06 | Train Loss: 649.7769 (Main: 320.7379, Cons: 63.2444, Grad: 0.023804437803, RBA: 265.7708) | Val Loss: 278.0964 | MAE: 11.51 | Val_RBA: 9.52 | R²: 0.5302 ｜ R: 0.9282
2025-11-25 23:19:22,146 INFO Checkpoint saved at epoch 46
2025-11-25 23:25:48,249 INFO The used dataset had no length, returning gathered tensors. You should drop the remainder yourself.
2025-11-25 23:25:48,288 INFO The used dataset had no length, returning gathered tensors. You should drop the remainder yourself.
2025-11-25 23:25:48,291 INFO Epoch 48/400 | LR: 1.57e-05 | Train Loss: 525.9592 (Main: 282.7919, Cons: 61.8639, Grad: 0.023713534441, RBA: 181.2797) | Val Loss: 268.6158 | MAE: 11.54 | Val_RBA: 7.90 | R²: 0.5462 ｜ R: 0.8847
2025-11-25 23:32:14,805 INFO The used dataset had no length, returning gathered tensors. You should drop the remainder yourself.
2025-11-25 23:32:14,845 INFO The used dataset had no length, returning gathered tensors. You should drop the remainder yourself.
2025-11-25 23:32:14,848 INFO Epoch 49/400 | LR: 2.26e-05 | Train Loss: 542.4877 (Main: 281.7354, Cons: 69.3683, Grad: 0.023040164686, RBA: 191.3610) | Val Loss: 259.5784 | MAE: 11.22 | Val_RBA: 6.52 | R²: 0.5619 ｜ R: 0.8782
2025-11-25 23:32:14,938 INFO Checkpoint saved at epoch 48
2025-11-25 23:38:41,331 INFO The used dataset had no length, returning gathered tensors. You should drop the remainder yourself.
2025-11-25 23:38:41,371 INFO The used dataset had no length, returning gathered tensors. You should drop the remainder yourself.
2025-11-25 23:38:41,374 INFO Epoch 50/400 | LR: 2.84e-05 | Train Loss: 494.4062 (Main: 251.1213, Cons: 64.8642, Grad: 0.023908118606, RBA: 178.3968) | Val Loss: 252.8265 | MAE: 11.41 | Val_RBA: 9.32 | R²: 0.5729 ｜ R: 0.9086
2025-11-25 23:45:07,926 INFO The used dataset had no length, returning gathered tensors. You should drop the remainder yourself.
2025-11-25 23:45:07,966 INFO The used dataset had no length, returning gathered tensors. You should drop the remainder yourself.
2025-11-25 23:45:07,969 INFO Epoch 51/400 | LR: 3.86e-05 | Train Loss: 498.1856 (Main: 255.0972, Cons: 68.9255, Grad: 0.023350785618, RBA: 174.1395) | Val Loss: 241.7796 | MAE: 10.78 | Val_RBA: 8.08 | R²: 0.5910 ｜ R: 0.9465
2025-11-25 23:45:08,058 INFO Checkpoint saved at epoch 50
2025-11-25 23:51:34,951 INFO The used dataset had no length, returning gathered tensors. You should drop the remainder yourself.
2025-11-25 23:51:34,991 INFO The used dataset had no length, returning gathered tensors. You should drop the remainder yourself.
2025-11-25 23:51:34,994 INFO Epoch 52/400 | LR: 6.04e-05 | Train Loss: 440.0528 (Main: 213.7954, Cons: 58.3888, Grad: 0.023258933145, RBA: 167.8453) | Val Loss: 219.3511 | MAE: 10.42 | Val_RBA: 7.78 | R²: 0.6298 ｜ R: 0.9130
2025-11-25 23:51:35,084 INFO Checkpoint saved at epoch 51
2025-11-25 23:58:01,812 INFO The used dataset had no length, returning gathered tensors. You should drop the remainder yourself.
2025-11-25 23:58:01,850 INFO The used dataset had no length, returning gathered tensors. You should drop the remainder yourself.
2025-11-25 23:58:01,853 INFO Epoch 53/400 | LR: 7.87e-05 | Train Loss: 471.6998 (Main: 216.7138, Cons: 63.7419, Grad: 0.022585321193, RBA: 191.2215) | Val Loss: 198.9130 | MAE: 9.77 | Val_RBA: 7.31 | R²: 0.6635 ｜ R: 0.9507
2025-11-25 23:58:01,943 INFO Checkpoint saved at epoch 52
2025-11-26 00:04:28,005 INFO The used dataset had no length, returning gathered tensors. You should drop the remainder yourself.
2025-11-26 00:04:28,045 INFO The used dataset had no length, returning gathered tensors. You should drop the remainder yourself.
2025-11-26 00:04:28,048 INFO Epoch 54/400 | LR: 8.62e-05 | Train Loss: 472.3974 (Main: 205.8078, Cons: 61.3393, Grad: 0.022049801796, RBA: 205.2283) | Val Loss: 387.6474 | MAE: 17.78 | Val_RBA: 16.62 | R²: 0.3233 ｜ R: 0.6922
2025-11-26 00:10:55,211 INFO The used dataset had no length, returning gathered tensors. You should drop the remainder yourself.
2025-11-26 00:10:55,250 INFO The used dataset had no length, returning gathered tensors. You should drop the remainder yourself.
2025-11-26 00:10:55,254 INFO Epoch 55/400 | LR: 3.30e-06 | Train Loss: 412.3179 (Main: 164.8640, Cons: 57.8892, Grad: 0.020828368550, RBA: 189.5439) | Val Loss: 140.8378 | MAE: 8.46 | Val_RBA: 7.63 | R²: 0.7619 ｜ R: 0.9387
2025-11-26 00:10:55,343 INFO Checkpoint saved at epoch 54
2025-11-26 00:17:22,369 INFO The used dataset had no length, returning gathered tensors. You should drop the remainder yourself.
2025-11-26 00:17:22,410 INFO The used dataset had no length, returning gathered tensors. You should drop the remainder yourself.
2025-11-26 00:17:22,413 INFO Epoch 56/400 | LR: 3.99e-06 | Train Loss: 349.4625 (Main: 144.8960, Cons: 51.6829, Grad: 0.022273101550, RBA: 152.8614) | Val Loss: 139.8846 | MAE: 8.58 | Val_RBA: 7.29 | R²: 0.7637 ｜ R: 0.9347
2025-11-26 00:23:48,975 INFO The used dataset had no length, returning gathered tensors. You should drop the remainder yourself.
2025-11-26 00:23:49,015 INFO The used dataset had no length, returning gathered tensors. You should drop the remainder yourself.
2025-11-26 00:23:49,021 INFO Epoch 57/400 | LR: 8.97e-06 | Train Loss: 383.6585 (Main: 154.1408, Cons: 61.0528, Grad: 0.021381974752, RBA: 168.4435) | Val Loss: 134.5923 | MAE: 8.17 | Val_RBA: 7.17 | R²: 0.7731 ｜ R: 0.9427
2025-11-26 00:23:49,111 INFO Checkpoint saved at epoch 56
2025-11-26 00:30:16,480 INFO The used dataset had no length, returning gathered tensors. You should drop the remainder yourself.
2025-11-26 00:30:16,521 INFO The used dataset had no length, returning gathered tensors. You should drop the remainder yourself.
2025-11-26 00:30:16,524 INFO Epoch 58/400 | LR: 2.18e-06 | Train Loss: 363.5923 (Main: 141.9013, Cons: 59.4549, Grad: 0.021367416499, RBA: 162.2146) | Val Loss: 142.6309 | MAE: 8.59 | Val_RBA: 8.66 | R²: 0.7590 ｜ R: 0.9373
2025-11-26 00:36:43,321 INFO The used dataset had no length, returning gathered tensors. You should drop the remainder yourself.
2025-11-26 00:36:43,361 INFO The used dataset had no length, returning gathered tensors. You should drop the remainder yourself.
2025-11-26 00:36:43,364 INFO Epoch 59/400 | LR: 1.26e-05 | Train Loss: 366.3652 (Main: 145.6820, Cons: 56.2325, Grad: 0.021667838655, RBA: 164.4290) | Val Loss: 131.5800 | MAE: 7.86 | Val_RBA: 7.21 | R²: 0.7782 ｜ R: 0.9516
2025-11-26 00:36:43,453 INFO Checkpoint saved at epoch 58
2025-11-26 00:43:11,262 INFO The used dataset had no length, returning gathered tensors. You should drop the remainder yourself.
2025-11-26 00:43:11,303 INFO The used dataset had no length, returning gathered tensors. You should drop the remainder yourself.
2025-11-26 00:43:11,306 INFO Epoch 60/400 | LR: 1.60e-05 | Train Loss: 367.9111 (Main: 140.0025, Cons: 54.5745, Grad: 0.022259827764, RBA: 173.3118) | Val Loss: 129.1240 | MAE: 8.00 | Val_RBA: 6.89 | R²: 0.7820 ｜ R: 0.9316
2025-11-26 00:49:38,338 INFO The used dataset had no length, returning gathered tensors. You should drop the remainder yourself.
2025-11-26 00:49:38,378 INFO The used dataset had no length, returning gathered tensors. You should drop the remainder yourself.
2025-11-26 00:49:38,381 INFO Epoch 61/400 | LR: 1.56e-05 | Train Loss: 353.8512 (Main: 142.1953, Cons: 57.3970, Grad: 0.022095221673, RBA: 154.2368) | Val Loss: 129.3848 | MAE: 7.78 | Val_RBA: 8.25 | R²: 0.7820 ｜ R: 0.9525
2025-11-26 00:49:38,470 INFO Checkpoint saved at epoch 60
2025-11-26 00:56:04,872 INFO The used dataset had no length, returning gathered tensors. You should drop the remainder yourself.
2025-11-26 00:56:04,911 INFO The used dataset had no length, returning gathered tensors. You should drop the remainder yourself.
2025-11-26 00:56:04,914 INFO Epoch 62/400 | LR: 8.77e-06 | Train Loss: 332.9621 (Main: 128.0499, Cons: 60.1857, Grad: 0.021526493937, RBA: 144.7049) | Val Loss: 134.7670 | MAE: 8.72 | Val_RBA: 8.93 | R²: 0.7715 ｜ R: 0.9311
2025-11-26 01:02:31,345 INFO The used dataset had no length, returning gathered tensors. You should drop the remainder yourself.
2025-11-26 01:02:31,385 INFO The used dataset had no length, returning gathered tensors. You should drop the remainder yourself.
2025-11-26 01:02:31,388 INFO Epoch 63/400 | LR: 4.58e-05 | Train Loss: 322.9231 (Main: 123.2509, Cons: 60.5571, Grad: 0.021390924642, RBA: 139.0937) | Val Loss: 112.1486 | MAE: 7.40 | Val_RBA: 5.98 | R²: 0.8110 ｜ R: 0.9495
2025-11-26 01:02:31,479 INFO Checkpoint saved at epoch 62
2025-11-26 01:08:58,286 INFO The used dataset had no length, returning gathered tensors. You should drop the remainder yourself.
2025-11-26 01:08:58,326 INFO The used dataset had no length, returning gathered tensors. You should drop the remainder yourself.
2025-11-26 01:08:58,330 INFO Epoch 64/400 | LR: 3.44e-05 | Train Loss: 334.5878 (Main: 117.6819, Cons: 52.6952, Grad: 0.021959117128, RBA: 164.1887) | Val Loss: 118.1154 | MAE: 8.06 | Val_RBA: 8.08 | R²: 0.7992 ｜ R: 0.9341
2025-11-26 01:15:24,833 INFO The used dataset had no length, returning gathered tensors. You should drop the remainder yourself.
2025-11-26 01:15:24,873 INFO The used dataset had no length, returning gathered tensors. You should drop the remainder yourself.
2025-11-26 01:15:24,876 INFO Epoch 65/400 | LR: 6.77e-05 | Train Loss: 328.6178 (Main: 114.9023, Cons: 50.7380, Grad: 0.023144793621, RBA: 162.9544) | Val Loss: 100.8186 | MAE: 7.07 | Val_RBA: 7.12 | R²: 0.8292 ｜ R: 0.9396
2025-11-26 01:15:24,965 INFO Checkpoint saved at epoch 64
2025-11-26 01:21:50,716 INFO The used dataset had no length, returning gathered tensors. You should drop the remainder yourself.
2025-11-26 01:21:50,757 INFO The used dataset had no length, returning gathered tensors. You should drop the remainder yourself.
2025-11-26 01:21:50,760 INFO Epoch 66/400 | LR: 8.33e-05 | Train Loss: 329.6164 (Main: 108.3476, Cons: 50.7343, Grad: 0.022328701506, RBA: 170.5122) | Val Loss: 91.4372 | MAE: 6.99 | Val_RBA: 8.71 | R²: 0.8454 ｜ R: 0.9573
2025-11-26 01:21:50,849 INFO Checkpoint saved at epoch 65
2025-11-26 01:28:17,167 INFO The used dataset had no length, returning gathered tensors. You should drop the remainder yourself.
2025-11-26 01:28:17,207 INFO The used dataset had no length, returning gathered tensors. You should drop the remainder yourself.
2025-11-26 01:28:17,211 INFO Epoch 67/400 | LR: 8.90e-06 | Train Loss: 321.4917 (Main: 103.3970, Cons: 51.3844, Grad: 0.019300145796, RBA: 166.6910) | Val Loss: 134.6540 | MAE: 8.53 | Val_RBA: 9.04 | R²: 0.7669 ｜ R: 0.9488
2025-11-26 01:34:44,385 INFO The used dataset had no length, returning gathered tensors. You should drop the remainder yourself.
2025-11-26 01:34:44,420 INFO The used dataset had no length, returning gathered tensors. You should drop the remainder yourself.
2025-11-26 01:34:44,424 INFO Epoch 68/400 | LR: 9.71e-05 | Train Loss: 287.5692 (Main: 88.6252, Cons: 53.1411, Grad: 0.020128523881, RBA: 145.7828) | Val Loss: 78.7706 | MAE: 6.53 | Val_RBA: 7.38 | R²: 0.8659 ｜ R: 0.9523
2025-11-26 01:34:44,513 INFO Checkpoint saved at epoch 67
2025-11-26 01:41:10,205 INFO The used dataset had no length, returning gathered tensors. You should drop the remainder yourself.
2025-11-26 01:41:10,245 INFO The used dataset had no length, returning gathered tensors. You should drop the remainder yourself.
2025-11-26 01:41:10,249 INFO Epoch 69/400 | LR: 8.29e-05 | Train Loss: 334.9807 (Main: 101.7724, Cons: 48.4252, Grad: 0.019192802553, RBA: 184.7640) | Val Loss: 193.4128 | MAE: 10.16 | Val_RBA: 10.47 | R²: 0.6645 ｜ R: 0.9334
2025-11-26 01:47:37,136 INFO The used dataset had no length, returning gathered tensors. You should drop the remainder yourself.
2025-11-26 01:47:37,177 INFO The used dataset had no length, returning gathered tensors. You should drop the remainder yourself.
2025-11-26 01:47:37,181 INFO Epoch 70/400 | LR: 9.30e-05 | Train Loss: 282.9056 (Main: 80.7619, Cons: 51.4369, Grad: 0.019473233453, RBA: 150.6872) | Val Loss: 83.6373 | MAE: 7.17 | Val_RBA: 8.30 | R²: 0.8555 ｜ R: 0.9460
2025-11-26 01:54:04,329 INFO The used dataset had no length, returning gathered tensors. You should drop the remainder yourself.
2025-11-26 01:54:04,369 INFO The used dataset had no length, returning gathered tensors. You should drop the remainder yourself.
2025-11-26 01:54:04,373 INFO Epoch 71/400 | LR: 8.75e-06 | Train Loss: 280.8625 (Main: 77.0853, Cons: 50.6198, Grad: 0.018089627846, RBA: 153.1393) | Val Loss: 62.3921 | MAE: 5.77 | Val_RBA: 7.31 | R²: 0.8927 ｜ R: 0.9625
2025-11-26 01:54:04,462 INFO Checkpoint saved at epoch 70
2025-11-26 02:00:31,181 INFO The used dataset had no length, returning gathered tensors. You should drop the remainder yourself.
2025-11-26 02:00:31,221 INFO The used dataset had no length, returning gathered tensors. You should drop the remainder yourself.
2025-11-26 02:00:31,227 INFO Epoch 72/400 | LR: 1.89e-05 | Train Loss: 230.5766 (Main: 63.5188, Cons: 48.7029, Grad: 0.019192972244, RBA: 118.3357) | Val Loss: 58.5873 | MAE: 5.37 | Val_RBA: 6.63 | R²: 0.8997 ｜ R: 0.9650
2025-11-26 02:00:31,311 INFO Checkpoint saved at epoch 71
2025-11-26 02:06:58,208 INFO The used dataset had no length, returning gathered tensors. You should drop the remainder yourself.
2025-11-26 02:06:58,247 INFO The used dataset had no length, returning gathered tensors. You should drop the remainder yourself.
2025-11-26 02:06:58,250 INFO Epoch 73/400 | LR: 1.00e-04 | Train Loss: 242.7018 (Main: 64.6295, Cons: 51.8452, Grad: 0.018680213319, RBA: 126.2084) | Val Loss: 70.1220 | MAE: 6.22 | Val_RBA: 7.92 | R²: 0.8806 ｜ R: 0.9605
2025-11-26 02:13:24,283 INFO The used dataset had no length, returning gathered tensors. You should drop the remainder yourself.
2025-11-26 02:13:24,323 INFO The used dataset had no length, returning gathered tensors. You should drop the remainder yourself.
2025-11-26 02:13:24,326 INFO Epoch 74/400 | LR: 7.78e-05 | Train Loss: 292.5020 (Main: 82.0443, Cons: 45.4395, Grad: 0.017413623373, RBA: 165.0007) | Val Loss: 94.9821 | MAE: 7.57 | Val_RBA: 9.00 | R²: 0.8350 ｜ R: 0.9388
2025-11-26 02:19:50,854 INFO The used dataset had no length, returning gathered tensors. You should drop the remainder yourself.
2025-11-26 02:19:50,894 INFO The used dataset had no length, returning gathered tensors. You should drop the remainder yourself.
2025-11-26 02:19:50,897 INFO Epoch 75/400 | LR: 9.86e-05 | Train Loss: 243.5342 (Main: 66.5018, Cons: 44.5139, Grad: 0.016746024149, RBA: 132.5018) | Val Loss: 76.0969 | MAE: 6.02 | Val_RBA: 7.28 | R²: 0.8691 ｜ R: 0.9620
2025-11-26 02:26:17,554 INFO The used dataset had no length, returning gathered tensors. You should drop the remainder yourself.
2025-11-26 02:26:17,594 INFO The used dataset had no length, returning gathered tensors. You should drop the remainder yourself.
2025-11-26 02:26:17,600 INFO Epoch 76/400 | LR: 1.49e-05 | Train Loss: 252.7645 (Main: 70.8407, Cons: 43.2094, Grad: 0.017170361530, RBA: 138.6972) | Val Loss: 59.9480 | MAE: 5.47 | Val_RBA: 6.43 | R²: 0.8962 ｜ R: 0.9599
2025-11-26 02:32:45,624 INFO The used dataset had no length, returning gathered tensors. You should drop the remainder yourself.
2025-11-26 02:32:45,665 INFO The used dataset had no length, returning gathered tensors. You should drop the remainder yourself.
2025-11-26 02:32:45,668 INFO Epoch 77/400 | LR: 6.48e-05 | Train Loss: 225.2010 (Main: 62.7212, Cons: 42.3276, Grad: 0.017561941099, RBA: 120.1346) | Val Loss: 46.1859 | MAE: 4.57 | Val_RBA: 5.45 | R²: 0.9206 ｜ R: 0.9630
2025-11-26 02:32:45,757 INFO Checkpoint saved at epoch 76
2025-11-26 02:39:12,280 INFO The used dataset had no length, returning gathered tensors. You should drop the remainder yourself.
2025-11-26 02:39:12,321 INFO The used dataset had no length, returning gathered tensors. You should drop the remainder yourself.
2025-11-26 02:39:12,324 INFO Epoch 78/400 | LR: 1.00e-04 | Train Loss: 232.8700 (Main: 63.9424, Cons: 43.6903, Grad: 0.017065591494, RBA: 125.2202) | Val Loss: 151.7300 | MAE: 9.46 | Val_RBA: 10.56 | R²: 0.7316 ｜ R: 0.8980
2025-11-26 02:45:38,975 INFO The used dataset had no length, returning gathered tensors. You should drop the remainder yourself.
2025-11-26 02:45:39,015 INFO The used dataset had no length, returning gathered tensors. You should drop the remainder yourself.
2025-11-26 02:45:39,018 INFO Epoch 79/400 | LR: 8.36e-05 | Train Loss: 238.2595 (Main: 63.8739, Cons: 41.4809, Grad: 0.017058365033, RBA: 132.8876) | Val Loss: 192.4298 | MAE: 9.64 | Val_RBA: 10.02 | R²: 0.6721 ｜ R: 0.9605
2025-11-26 02:52:05,587 INFO The used dataset had no length, returning gathered tensors. You should drop the remainder yourself.
2025-11-26 02:52:05,627 INFO The used dataset had no length, returning gathered tensors. You should drop the remainder yourself.
2025-11-26 02:52:05,630 INFO Epoch 80/400 | LR: 1.95e-05 | Train Loss: 217.1563 (Main: 62.2962, Cons: 40.3367, Grad: 0.015227052924, RBA: 114.5081) | Val Loss: 58.3918 | MAE: 6.05 | Val_RBA: 7.42 | R²: 0.8998 ｜ R: 0.9694
2025-11-26 02:58:31,875 INFO The used dataset had no length, returning gathered tensors. You should drop the remainder yourself.
2025-11-26 02:58:31,916 INFO The used dataset had no length, returning gathered tensors. You should drop the remainder yourself.
2025-11-26 02:58:31,919 INFO Epoch 81/400 | LR: 5.48e-06 | Train Loss: 196.6604 (Main: 52.0472, Cons: 39.9596, Grad: 0.016218312706, RBA: 104.6374) | Val Loss: 64.0356 | MAE: 6.30 | Val_RBA: 7.87 | R²: 0.8903 ｜ R: 0.9681
2025-11-26 03:04:58,400 INFO The used dataset had no length, returning gathered tensors. You should drop the remainder yourself.
2025-11-26 03:04:58,440 INFO The used dataset had no length, returning gathered tensors. You should drop the remainder yourself.
2025-11-26 03:04:58,446 INFO Epoch 82/400 | LR: 7.49e-05 | Train Loss: 191.5706 (Main: 54.8715, Cons: 40.5515, Grad: 0.017090749598, RBA: 96.1305) | Val Loss: 43.3771 | MAE: 4.56 | Val_RBA: 5.85 | R²: 0.9259 ｜ R: 0.9679
2025-11-26 03:04:58,535 INFO Checkpoint saved at epoch 81
2025-11-26 03:11:24,763 INFO The used dataset had no length, returning gathered tensors. You should drop the remainder yourself.
2025-11-26 03:11:24,803 INFO The used dataset had no length, returning gathered tensors. You should drop the remainder yourself.
2025-11-26 03:11:24,807 INFO Epoch 83/400 | LR: 2.36e-05 | Train Loss: 200.9620 (Main: 54.5611, Cons: 38.8682, Grad: 0.016095979064, RBA: 107.5166) | Val Loss: 124.2236 | MAE: 7.70 | Val_RBA: 8.98 | R²: 0.7854 ｜ R: 0.9519
2025-11-26 03:17:51,629 INFO The used dataset had no length, returning gathered tensors. You should drop the remainder yourself.
2025-11-26 03:17:51,670 INFO The used dataset had no length, returning gathered tensors. You should drop the remainder yourself.
2025-11-26 03:17:51,673 INFO Epoch 84/400 | LR: 5.70e-05 | Train Loss: 185.1577 (Main: 52.2442, Cons: 38.9674, Grad: 0.016333528011, RBA: 93.9297) | Val Loss: 48.2263 | MAE: 4.73 | Val_RBA: 6.02 | R²: 0.9166 ｜ R: 0.9678
2025-11-26 03:24:18,134 INFO The used dataset had no length, returning gathered tensors. You should drop the remainder yourself.
2025-11-26 03:24:18,173 INFO The used dataset had no length, returning gathered tensors. You should drop the remainder yourself.
2025-11-26 03:24:18,176 INFO Epoch 85/400 | LR: 5.64e-06 | Train Loss: 197.3387 (Main: 57.5782, Cons: 38.0008, Grad: 0.016443163714, RBA: 101.7433) | Val Loss: 137.8876 | MAE: 8.55 | Val_RBA: 9.09 | R²: 0.7603 ｜ R: 0.9487
2025-11-26 03:30:43,959 INFO The used dataset had no length, returning gathered tensors. You should drop the remainder yourself.
2025-11-26 03:30:43,999 INFO The used dataset had no length, returning gathered tensors. You should drop the remainder yourself.
2025-11-26 03:30:44,003 INFO Epoch 86/400 | LR: 3.89e-05 | Train Loss: 167.7535 (Main: 44.8700, Cons: 37.1229, Grad: 0.016027306234, RBA: 85.7446) | Val Loss: 52.8617 | MAE: 5.46 | Val_RBA: 7.03 | R²: 0.9097 ｜ R: 0.9681
2025-11-26 03:37:10,221 INFO The used dataset had no length, returning gathered tensors. You should drop the remainder yourself.
2025-11-26 03:37:10,262 INFO The used dataset had no length, returning gathered tensors. You should drop the remainder yourself.
2025-11-26 03:37:10,268 INFO Epoch 87/400 | LR: 9.31e-05 | Train Loss: 193.7621 (Main: 54.7825, Cons: 38.2608, Grad: 0.016553490043, RBA: 100.7023) | Val Loss: 83.5036 | MAE: 7.39 | Val_RBA: 8.68 | R²: 0.8534 ｜ R: 0.9532
2025-11-26 03:43:36,769 INFO The used dataset had no length, returning gathered tensors. You should drop the remainder yourself.
2025-11-26 03:43:36,808 INFO The used dataset had no length, returning gathered tensors. You should drop the remainder yourself.
2025-11-26 03:43:36,814 INFO Epoch 88/400 | LR: 7.56e-05 | Train Loss: 188.3970 (Main: 51.3679, Cons: 36.7660, Grad: 0.015429812164, RBA: 100.2477) | Val Loss: 43.1704 | MAE: 4.96 | Val_RBA: 5.84 | R²: 0.9249 ｜ R: 0.9679
2025-11-26 03:50:03,265 INFO The used dataset had no length, returning gathered tensors. You should drop the remainder yourself.
2025-11-26 03:50:03,305 INFO The used dataset had no length, returning gathered tensors. You should drop the remainder yourself.
2025-11-26 03:50:03,308 INFO Epoch 89/400 | LR: 7.10e-06 | Train Loss: 186.6369 (Main: 52.7637, Cons: 38.4680, Grad: 0.014909445105, RBA: 95.3903) | Val Loss: 63.1801 | MAE: 6.36 | Val_RBA: 7.34 | R²: 0.8897 ｜ R: 0.9618
2025-11-26 03:56:29,076 INFO The used dataset had no length, returning gathered tensors. You should drop the remainder yourself.
2025-11-26 03:56:29,116 INFO The used dataset had no length, returning gathered tensors. You should drop the remainder yourself.
2025-11-26 03:56:29,119 INFO Epoch 90/400 | LR: 9.97e-05 | Train Loss: 167.6848 (Main: 43.8307, Cons: 35.0844, Grad: 0.015924786174, RBA: 88.7538) | Val Loss: 72.6499 | MAE: 6.02 | Val_RBA: 7.36 | R²: 0.8774 ｜ R: 0.9666
2025-11-26 04:02:55,652 INFO The used dataset had no length, returning gathered tensors. You should drop the remainder yourself.
2025-11-26 04:02:55,693 INFO The used dataset had no length, returning gathered tensors. You should drop the remainder yourself.
2025-11-26 04:02:55,696 INFO Epoch 91/400 | LR: 4.80e-05 | Train Loss: 207.4685 (Main: 64.8155, Cons: 36.7272, Grad: 0.013840825248, RBA: 105.9119) | Val Loss: 232.1324 | MAE: 12.43 | Val_RBA: 11.97 | R²: 0.5868 ｜ R: 0.8989
2025-11-26 04:09:21,735 INFO The used dataset had no length, returning gathered tensors. You should drop the remainder yourself.
2025-11-26 04:09:21,775 INFO The used dataset had no length, returning gathered tensors. You should drop the remainder yourself.
2025-11-26 04:09:21,778 INFO Epoch 92/400 | LR: 4.05e-05 | Train Loss: 186.1695 (Main: 57.4707, Cons: 35.3880, Grad: 0.014984685595, RBA: 93.2958) | Val Loss: 52.4391 | MAE: 5.82 | Val_RBA: 6.74 | R²: 0.9093 ｜ R: 0.9701
2025-11-26 04:15:48,586 INFO The used dataset had no length, returning gathered tensors. You should drop the remainder yourself.
2025-11-26 04:15:48,626 INFO The used dataset had no length, returning gathered tensors. You should drop the remainder yourself.
2025-11-26 04:15:48,629 INFO Epoch 93/400 | LR: 2.74e-07 | Train Loss: 179.5532 (Main: 55.2440, Cons: 33.1644, Grad: 0.014696864550, RBA: 91.1300) | Val Loss: 68.9355 | MAE: 6.06 | Val_RBA: 7.17 | R²: 0.8828 ｜ R: 0.9732
2025-11-26 04:22:14,395 INFO The used dataset had no length, returning gathered tensors. You should drop the remainder yourself.
2025-11-26 04:22:14,436 INFO The used dataset had no length, returning gathered tensors. You should drop the remainder yourself.
2025-11-26 04:22:14,439 INFO Epoch 94/400 | LR: 8.37e-05 | Train Loss: 157.4601 (Main: 42.5500, Cons: 35.7045, Grad: 0.015040446385, RBA: 79.1906) | Val Loss: 91.1926 | MAE: 6.80 | Val_RBA: 8.16 | R²: 0.8459 ｜ R: 0.9716
2025-11-26 04:28:41,228 INFO The used dataset had no length, returning gathered tensors. You should drop the remainder yourself.
2025-11-26 04:28:41,267 INFO The used dataset had no length, returning gathered tensors. You should drop the remainder yourself.
2025-11-26 04:28:41,272 INFO Epoch 95/400 | LR: 3.34e-06 | Train Loss: 173.7678 (Main: 50.1240, Cons: 35.2192, Grad: 0.013378651911, RBA: 88.4112) | Val Loss: 140.7751 | MAE: 8.13 | Val_RBA: 8.61 | R²: 0.7617 ｜ R: 0.9682
2025-11-26 04:35:07,707 INFO The used dataset had no length, returning gathered tensors. You should drop the remainder yourself.
2025-11-26 04:35:07,746 INFO The used dataset had no length, returning gathered tensors. You should drop the remainder yourself.
2025-11-26 04:35:07,750 INFO Epoch 96/400 | LR: 5.02e-05 | Train Loss: 161.1569 (Main: 47.6086, Cons: 34.7768, Grad: 0.014119613771, RBA: 78.7574) | Val Loss: 49.9648 | MAE: 4.86 | Val_RBA: 6.04 | R²: 0.9153 ｜ R: 0.9701
2025-11-26 04:41:34,167 INFO The used dataset had no length, returning gathered tensors. You should drop the remainder yourself.
2025-11-26 04:41:34,208 INFO The used dataset had no length, returning gathered tensors. You should drop the remainder yourself.
2025-11-26 04:41:34,215 INFO Epoch 97/400 | LR: 5.37e-05 | Train Loss: 172.2238 (Main: 52.7844, Cons: 33.9899, Grad: 0.014695369218, RBA: 85.4349) | Val Loss: 49.0749 | MAE: 5.10 | Val_RBA: 6.71 | R²: 0.9166 ｜ R: 0.9723
2025-11-26 04:48:00,678 INFO The used dataset had no length, returning gathered tensors. You should drop the remainder yourself.
2025-11-26 04:48:00,718 INFO The used dataset had no length, returning gathered tensors. You should drop the remainder yourself.
2025-11-26 04:48:00,721 INFO Epoch 98/400 | LR: 2.17e-05 | Train Loss: 165.9179 (Main: 50.6949, Cons: 32.8565, Grad: 0.014954344794, RBA: 82.3515) | Val Loss: 125.3392 | MAE: 7.90 | Val_RBA: 9.20 | R²: 0.7888 ｜ R: 0.9608
2025-11-26 04:54:27,133 INFO The used dataset had no length, returning gathered tensors. You should drop the remainder yourself.
2025-11-26 04:54:27,173 INFO The used dataset had no length, returning gathered tensors. You should drop the remainder yourself.
2025-11-26 04:54:27,176 INFO Epoch 99/400 | LR: 9.71e-05 | Train Loss: 157.6652 (Main: 47.5273, Cons: 31.2437, Grad: 0.014639258062, RBA: 78.8795) | Val Loss: 78.7526 | MAE: 6.39 | Val_RBA: 7.71 | R²: 0.8671 ｜ R: 0.9612
2025-11-26 05:00:53,041 INFO The used dataset had no length, returning gathered tensors. You should drop the remainder yourself.
2025-11-26 05:00:53,081 INFO The used dataset had no length, returning gathered tensors. You should drop the remainder yourself.
2025-11-26 05:00:53,084 INFO Epoch 100/400 | LR: 2.24e-06 | Train Loss: 162.2153 (Main: 48.2771, Cons: 31.1440, Grad: 0.013971600461, RBA: 82.7803) | Val Loss: 66.2593 | MAE: 5.79 | Val_RBA: 6.99 | R²: 0.8870 ｜ R: 0.9696
2025-11-26 05:07:19,299 INFO The used dataset had no length, returning gathered tensors. You should drop the remainder yourself.
2025-11-26 05:07:19,339 INFO The used dataset had no length, returning gathered tensors. You should drop the remainder yourself.
2025-11-26 05:07:19,342 INFO Epoch 101/400 | LR: 5.73e-05 | Train Loss: 136.6876 (Main: 38.8936, Cons: 31.1598, Grad: 0.012852134415, RBA: 66.6214) | Val Loss: 106.3042 | MAE: 7.66 | Val_RBA: 8.72 | R²: 0.8201 ｜ R: 0.9696
2025-11-26 05:13:46,207 INFO The used dataset had no length, returning gathered tensors. You should drop the remainder yourself.
2025-11-26 05:13:46,247 INFO The used dataset had no length, returning gathered tensors. You should drop the remainder yourself.
2025-11-26 05:13:46,250 INFO Epoch 102/400 | LR: 9.70e-05 | Train Loss: 160.1041 (Main: 49.7883, Cons: 32.1391, Grad: 0.014271777556, RBA: 78.1623) | Val Loss: 78.8176 | MAE: 6.25 | Val_RBA: 7.61 | R²: 0.8673 ｜ R: 0.9666
2025-11-26 05:20:13,326 INFO The used dataset had no length, returning gathered tensors. You should drop the remainder yourself.
2025-11-26 05:20:13,365 INFO The used dataset had no length, returning gathered tensors. You should drop the remainder yourself.
2025-11-26 05:20:13,371 INFO Epoch 103/400 | LR: 4.51e-05 | Train Loss: 159.6433 (Main: 48.9859, Cons: 29.9159, Grad: 0.012951827208, RBA: 80.7287) | Val Loss: 112.5021 | MAE: 8.13 | Val_RBA: 8.14 | R²: 0.8036 ｜ R: 0.9612
2025-11-26 05:26:40,227 INFO The used dataset had no length, returning gathered tensors. You should drop the remainder yourself.
2025-11-26 05:26:40,266 INFO The used dataset had no length, returning gathered tensors. You should drop the remainder yourself.
2025-11-26 05:26:40,269 INFO Epoch 104/400 | LR: 6.51e-05 | Train Loss: 160.9380 (Main: 51.2519, Cons: 31.1134, Grad: 0.013698770731, RBA: 78.5591) | Val Loss: 102.1892 | MAE: 8.25 | Val_RBA: 9.79 | R²: 0.8252 ｜ R: 0.9549
2025-11-26 05:33:06,515 INFO The used dataset had no length, returning gathered tensors. You should drop the remainder yourself.
2025-11-26 05:33:06,555 INFO The used dataset had no length, returning gathered tensors. You should drop the remainder yourself.
2025-11-26 05:33:06,561 INFO Epoch 105/400 | LR: 1.00e-04 | Train Loss: 145.1543 (Main: 44.0980, Cons: 31.0804, Grad: 0.012829015513, RBA: 69.9631) | Val Loss: 71.0358 | MAE: 5.82 | Val_RBA: 7.20 | R²: 0.8779 ｜ R: 0.9694
2025-11-26 05:39:34,254 INFO The used dataset had no length, returning gathered tensors. You should drop the remainder yourself.
2025-11-26 05:39:34,293 INFO The used dataset had no length, returning gathered tensors. You should drop the remainder yourself.
2025-11-26 05:39:34,296 INFO Epoch 106/400 | LR: 6.95e-05 | Train Loss: 161.5561 (Main: 52.5055, Cons: 28.3971, Grad: 0.012823604803, RBA: 80.6407) | Val Loss: 99.8221 | MAE: 7.53 | Val_RBA: 8.42 | R²: 0.8288 ｜ R: 0.9666
2025-11-26 05:46:01,201 INFO The used dataset had no length, returning gathered tensors. You should drop the remainder yourself.
2025-11-26 05:46:01,242 INFO The used dataset had no length, returning gathered tensors. You should drop the remainder yourself.
2025-11-26 05:46:01,245 INFO Epoch 107/400 | LR: 9.84e-05 | Train Loss: 141.0550 (Main: 45.3906, Cons: 29.8071, Grad: 0.012736360761, RBA: 65.8446) | Val Loss: 76.4272 | MAE: 6.12 | Val_RBA: 7.20 | R²: 0.8691 ｜ R: 0.9710
2025-11-26 05:52:28,190 INFO The used dataset had no length, returning gathered tensors. You should drop the remainder yourself.
2025-11-26 05:52:28,230 INFO The used dataset had no length, returning gathered tensors. You should drop the remainder yourself.
2025-11-26 05:52:28,233 INFO Epoch 108/400 | LR: 8.43e-05 | Train Loss: 166.7742 (Main: 57.0955, Cons: 28.7363, Grad: 0.012895065656, RBA: 80.9296) | Val Loss: 90.7574 | MAE: 7.06 | Val_RBA: 8.71 | R²: 0.8452 ｜ R: 0.9401
2025-11-26 05:58:55,303 INFO The used dataset had no length, returning gathered tensors. You should drop the remainder yourself.
2025-11-26 05:58:55,346 INFO The used dataset had no length, returning gathered tensors. You should drop the remainder yourself.
2025-11-26 05:58:55,349 INFO Epoch 109/400 | LR: 9.98e-05 | Train Loss: 156.5948 (Main: 53.2805, Cons: 26.2848, Grad: 0.012507526762, RBA: 77.0170) | Val Loss: 72.3174 | MAE: 6.97 | Val_RBA: 8.07 | R²: 0.8743 ｜ R: 0.9627
2025-11-26 06:05:21,773 INFO The used dataset had no length, returning gathered tensors. You should drop the remainder yourself.
2025-11-26 06:05:21,813 INFO The used dataset had no length, returning gathered tensors. You should drop the remainder yourself.
2025-11-26 06:05:21,816 INFO Epoch 110/400 | LR: 4.54e-07 | Train Loss: 151.9677 (Main: 51.9823, Cons: 27.3781, Grad: 0.012024093264, RBA: 72.5952) | Val Loss: 146.9682 | MAE: 9.91 | Val_RBA: 10.90 | R²: 0.7405 ｜ R: 0.9143
2025-11-26 06:11:48,074 INFO The used dataset had no length, returning gathered tensors. You should drop the remainder yourself.
2025-11-26 06:11:48,115 INFO The used dataset had no length, returning gathered tensors. You should drop the remainder yourself.
2025-11-26 06:11:48,118 INFO Epoch 111/400 | LR: 5.52e-05 | Train Loss: 135.5238 (Main: 46.1961, Cons: 26.6960, Grad: 0.012145931801, RBA: 62.6195) | Val Loss: 107.3937 | MAE: 6.92 | Val_RBA: 8.33 | R²: 0.8195 ｜ R: 0.9667
2025-11-26 06:18:14,289 INFO The used dataset had no length, returning gathered tensors. You should drop the remainder yourself.
2025-11-26 06:18:14,329 INFO The used dataset had no length, returning gathered tensors. You should drop the remainder yourself.
2025-11-26 06:18:14,332 INFO Epoch 112/400 | LR: 3.82e-05 | Train Loss: 135.1006 (Main: 42.9691, Cons: 26.3109, Grad: 0.011806148840, RBA: 65.8087) | Val Loss: 53.0476 | MAE: 5.82 | Val_RBA: 7.21 | R²: 0.9081 ｜ R: 0.9682
2025-11-26 06:24:41,122 INFO The used dataset had no length, returning gathered tensors. You should drop the remainder yourself.
2025-11-26 06:24:41,161 INFO The used dataset had no length, returning gathered tensors. You should drop the remainder yourself.
2025-11-26 06:24:41,164 INFO Epoch 113/400 | LR: 5.29e-05 | Train Loss: 129.8163 (Main: 42.5159, Cons: 26.9408, Grad: 0.012578820680, RBA: 60.3470) | Val Loss: 49.2734 | MAE: 5.20 | Val_RBA: 6.45 | R²: 0.9157 ｜ R: 0.9759
2025-11-26 06:30:39,568 INFO The used dataset had no length, returning gathered tensors. You should drop the remainder yourself.
2025-11-26 06:30:39,607 INFO The used dataset had no length, returning gathered tensors. You should drop the remainder yourself.
2025-11-26 06:30:39,610 INFO Epoch 114/400 | LR: 9.08e-05 | Train Loss: 130.8828 (Main: 43.2906, Cons: 26.7809, Grad: 0.011753631388, RBA: 60.7995) | Val Loss: 85.6838 | MAE: 7.49 | Val_RBA: 8.41 | R²: 0.8542 ｜ R: 0.9737
2025-11-26 06:36:34,154 INFO The used dataset had no length, returning gathered tensors. You should drop the remainder yourself.
2025-11-26 06:36:34,194 INFO The used dataset had no length, returning gathered tensors. You should drop the remainder yourself.
2025-11-26 06:36:34,197 INFO Epoch 115/400 | LR: 8.01e-05 | Train Loss: 129.1632 (Main: 45.7564, Cons: 23.6256, Grad: 0.011986189658, RBA: 59.7692) | Val Loss: 41.7938 | MAE: 4.48 | Val_RBA: 5.56 | R²: 0.9287 ｜ R: 0.9725
2025-11-26 06:36:34,287 INFO Checkpoint saved at epoch 114
2025-11-26 06:42:28,703 INFO The used dataset had no length, returning gathered tensors. You should drop the remainder yourself.
2025-11-26 06:42:28,746 INFO The used dataset had no length, returning gathered tensors. You should drop the remainder yourself.
2025-11-26 06:42:28,752 INFO Epoch 116/400 | LR: 6.95e-05 | Train Loss: 129.9603 (Main: 44.5387, Cons: 23.7836, Grad: 0.011862390364, RBA: 61.6262) | Val Loss: 99.8006 | MAE: 7.81 | Val_RBA: 9.34 | R²: 0.8310 ｜ R: 0.9663
2025-11-26 06:48:23,845 INFO The used dataset had no length, returning gathered tensors. You should drop the remainder yourself.
2025-11-26 06:48:23,885 INFO The used dataset had no length, returning gathered tensors. You should drop the remainder yourself.
2025-11-26 06:48:23,888 INFO Epoch 117/400 | LR: 1.37e-07 | Train Loss: 124.8006 (Main: 41.8901, Cons: 25.2896, Grad: 0.011151478628, RBA: 57.6098) | Val Loss: 69.5114 | MAE: 6.58 | Val_RBA: 7.92 | R²: 0.8817 ｜ R: 0.9672
2025-11-26 06:54:18,121 INFO The used dataset had no length, returning gathered tensors. You should drop the remainder yourself.
2025-11-26 06:54:18,159 INFO The used dataset had no length, returning gathered tensors. You should drop the remainder yourself.
2025-11-26 06:54:18,163 INFO Epoch 118/400 | LR: 4.14e-05 | Train Loss: 125.2818 (Main: 43.9556, Cons: 23.0751, Grad: 0.011766284883, RBA: 58.2393) | Val Loss: 52.2040 | MAE: 4.97 | Val_RBA: 6.25 | R²: 0.9121 ｜ R: 0.9740
2025-11-26 07:00:13,305 INFO The used dataset had no length, returning gathered tensors. You should drop the remainder yourself.
2025-11-26 07:00:13,345 INFO The used dataset had no length, returning gathered tensors. You should drop the remainder yourself.
2025-11-26 07:00:13,348 INFO Epoch 119/400 | LR: 9.12e-05 | Train Loss: 116.4169 (Main: 38.7246, Cons: 24.6030, Grad: 0.011279455925, RBA: 53.0781) | Val Loss: 85.3045 | MAE: 6.44 | Val_RBA: 7.55 | R²: 0.8545 ｜ R: 0.9728
2025-11-26 07:06:07,943 INFO The used dataset had no length, returning gathered tensors. You should drop the remainder yourself.
2025-11-26 07:06:07,983 INFO The used dataset had no length, returning gathered tensors. You should drop the remainder yourself.
2025-11-26 07:06:07,986 INFO Epoch 120/400 | LR: 9.23e-05 | Train Loss: 126.5987 (Main: 44.1441, Cons: 23.3012, Grad: 0.010542413063, RBA: 59.1428) | Val Loss: 84.3729 | MAE: 7.51 | Val_RBA: 8.66 | R²: 0.8539 ｜ R: 0.9537
2025-11-26 07:12:02,250 INFO The used dataset had no length, returning gathered tensors. You should drop the remainder yourself.
2025-11-26 07:12:02,290 INFO The used dataset had no length, returning gathered tensors. You should drop the remainder yourself.
2025-11-26 07:12:02,296 INFO Epoch 121/400 | LR: 4.89e-05 | Train Loss: 125.9573 (Main: 47.3434, Cons: 23.4490, Grad: 0.010653421621, RBA: 55.1542) | Val Loss: 110.5818 | MAE: 8.50 | Val_RBA: 9.86 | R²: 0.8110 ｜ R: 0.9455
2025-11-26 07:17:56,764 INFO The used dataset had no length, returning gathered tensors. You should drop the remainder yourself.
2025-11-26 07:17:56,805 INFO The used dataset had no length, returning gathered tensors. You should drop the remainder yourself.
2025-11-26 07:17:56,811 INFO Epoch 122/400 | LR: 9.61e-05 | Train Loss: 116.8141 (Main: 41.9476, Cons: 23.4424, Grad: 0.010982142079, RBA: 51.4132) | Val Loss: 35.0697 | MAE: 4.17 | Val_RBA: 5.50 | R²: 0.9400 ｜ R: 0.9730
2025-11-26 07:17:56,901 INFO Checkpoint saved at epoch 121
2025-11-26 07:23:51,150 INFO The used dataset had no length, returning gathered tensors. You should drop the remainder yourself.
2025-11-26 07:23:51,191 INFO The used dataset had no length, returning gathered tensors. You should drop the remainder yourself.
2025-11-26 07:23:51,196 INFO Epoch 123/400 | LR: 7.22e-05 | Train Loss: 121.8216 (Main: 46.3434, Cons: 21.0666, Grad: 0.010457046515, RBA: 54.4011) | Val Loss: 98.3083 | MAE: 7.14 | Val_RBA: 8.63 | R²: 0.8328 ｜ R: 0.9734
2025-11-26 07:29:45,508 INFO The used dataset had no length, returning gathered tensors. You should drop the remainder yourself.
2025-11-26 07:29:45,547 INFO The used dataset had no length, returning gathered tensors. You should drop the remainder yourself.
2025-11-26 07:29:45,551 INFO Epoch 124/400 | LR: 7.73e-05 | Train Loss: 118.9442 (Main: 45.8083, Cons: 22.0278, Grad: 0.010113542632, RBA: 51.0979) | Val Loss: 42.6410 | MAE: 4.94 | Val_RBA: 6.42 | R²: 0.9266 ｜ R: 0.9706
2025-11-26 07:35:40,320 INFO The used dataset had no length, returning gathered tensors. You should drop the remainder yourself.
2025-11-26 07:35:40,361 INFO The used dataset had no length, returning gathered tensors. You should drop the remainder yourself.
2025-11-26 07:35:40,365 INFO Epoch 125/400 | LR: 2.53e-05 | Train Loss: 116.6445 (Main: 42.7907, Cons: 21.7150, Grad: 0.009867846002, RBA: 52.1290) | Val Loss: 56.5946 | MAE: 6.01 | Val_RBA: 7.10 | R²: 0.9034 ｜ R: 0.9704
2025-11-26 07:41:35,181 INFO The used dataset had no length, returning gathered tensors. You should drop the remainder yourself.
2025-11-26 07:41:35,220 INFO The used dataset had no length, returning gathered tensors. You should drop the remainder yourself.
2025-11-26 07:41:35,223 INFO Epoch 126/400 | LR: 9.64e-05 | Train Loss: 96.3071 (Main: 35.2276, Cons: 20.2574, Grad: 0.010306964035, RBA: 40.8118) | Val Loss: 34.8937 | MAE: 4.05 | Val_RBA: 5.37 | R²: 0.9408 ｜ R: 0.9777
2025-11-26 07:41:35,313 INFO Checkpoint saved at epoch 125
2025-11-26 07:47:30,093 INFO The used dataset had no length, returning gathered tensors. You should drop the remainder yourself.
2025-11-26 07:47:30,134 INFO The used dataset had no length, returning gathered tensors. You should drop the remainder yourself.
2025-11-26 07:47:30,137 INFO Epoch 127/400 | LR: 5.62e-05 | Train Loss: 111.6750 (Main: 41.8531, Cons: 21.1786, Grad: 0.009534381676, RBA: 48.6338) | Val Loss: 106.8635 | MAE: 8.36 | Val_RBA: 10.05 | R²: 0.8112 ｜ R: 0.9405
2025-11-26 07:53:24,822 INFO The used dataset had no length, returning gathered tensors. You should drop the remainder yourself.
2025-11-26 07:53:24,861 INFO The used dataset had no length, returning gathered tensors. You should drop the remainder yourself.
2025-11-26 07:53:24,867 INFO Epoch 128/400 | LR: 7.48e-05 | Train Loss: 104.5295 (Main: 41.4514, Cons: 20.0175, Grad: 0.009303557918, RBA: 43.0513) | Val Loss: 203.6370 | MAE: 10.13 | Val_RBA: 10.32 | R²: 0.6483 ｜ R: 0.9532
2025-11-26 07:59:19,847 INFO The used dataset had no length, returning gathered tensors. You should drop the remainder yourself.
2025-11-26 07:59:19,887 INFO The used dataset had no length, returning gathered tensors. You should drop the remainder yourself.
2025-11-26 07:59:19,893 INFO Epoch 129/400 | LR: 5.71e-05 | Train Loss: 106.5081 (Main: 41.5465, Cons: 20.0593, Grad: 0.009571634392, RBA: 44.8927) | Val Loss: 48.1885 | MAE: 5.41 | Val_RBA: 6.44 | R²: 0.9175 ｜ R: 0.9723
2025-11-26 08:05:14,370 INFO The used dataset had no length, returning gathered tensors. You should drop the remainder yourself.
2025-11-26 08:05:14,409 INFO The used dataset had no length, returning gathered tensors. You should drop the remainder yourself.
2025-11-26 08:05:14,415 INFO Epoch 130/400 | LR: 8.88e-05 | Train Loss: 97.6650 (Main: 35.1224, Cons: 20.2684, Grad: 0.009559231791, RBA: 42.2646) | Val Loss: 38.6836 | MAE: 4.61 | Val_RBA: 5.87 | R²: 0.9334 ｜ R: 0.9721
2025-11-26 08:11:09,131 INFO The used dataset had no length, returning gathered tensors. You should drop the remainder yourself.
2025-11-26 08:11:09,171 INFO The used dataset had no length, returning gathered tensors. You should drop the remainder yourself.
2025-11-26 08:11:09,178 INFO Epoch 131/400 | LR: 1.49e-05 | Train Loss: 101.6270 (Main: 38.4357, Cons: 19.8684, Grad: 0.009456866933, RBA: 43.3134) | Val Loss: 59.9266 | MAE: 5.78 | Val_RBA: 7.65 | R²: 0.8976 ｜ R: 0.9591
2025-11-26 08:17:03,754 INFO The used dataset had no length, returning gathered tensors. You should drop the remainder yourself.
2025-11-26 08:17:03,794 INFO The used dataset had no length, returning gathered tensors. You should drop the remainder yourself.
2025-11-26 08:17:03,797 INFO Epoch 132/400 | LR: 2.55e-05 | Train Loss: 90.8138 (Main: 34.0828, Cons: 18.7526, Grad: 0.009859800255, RBA: 37.9686) | Val Loss: 56.5358 | MAE: 5.11 | Val_RBA: 6.57 | R²: 0.9049 ｜ R: 0.9780
2025-11-26 08:22:58,537 INFO The used dataset had no length, returning gathered tensors. You should drop the remainder yourself.
2025-11-26 08:22:58,577 INFO The used dataset had no length, returning gathered tensors. You should drop the remainder yourself.
2025-11-26 08:22:58,580 INFO Epoch 133/400 | LR: 6.23e-05 | Train Loss: 86.7840 (Main: 32.3048, Cons: 18.4438, Grad: 0.009983393337, RBA: 36.0254) | Val Loss: 46.8553 | MAE: 4.72 | Val_RBA: 5.90 | R²: 0.9204 ｜ R: 0.9775
2025-11-26 08:28:53,207 INFO The used dataset had no length, returning gathered tensors. You should drop the remainder yourself.
2025-11-26 08:28:53,247 INFO The used dataset had no length, returning gathered tensors. You should drop the remainder yourself.
2025-11-26 08:28:53,250 INFO Epoch 134/400 | LR: 1.11e-05 | Train Loss: 96.3225 (Main: 38.7728, Cons: 17.9354, Grad: 0.009395773514, RBA: 39.6049) | Val Loss: 61.3922 | MAE: 5.48 | Val_RBA: 6.49 | R²: 0.8960 ｜ R: 0.9766
2025-11-26 08:34:48,343 INFO The used dataset had no length, returning gathered tensors. You should drop the remainder yourself.
2025-11-26 08:34:48,384 INFO The used dataset had no length, returning gathered tensors. You should drop the remainder yourself.
2025-11-26 08:34:48,387 INFO Epoch 135/400 | LR: 9.28e-05 | Train Loss: 83.9295 (Main: 29.6741, Cons: 18.5358, Grad: 0.009356180709, RBA: 35.7103) | Val Loss: 36.9023 | MAE: 4.40 | Val_RBA: 5.77 | R²: 0.9374 ｜ R: 0.9767
2025-11-26 08:40:42,897 INFO The used dataset had no length, returning gathered tensors. You should drop the remainder yourself.
2025-11-26 08:40:42,937 INFO The used dataset had no length, returning gathered tensors. You should drop the remainder yourself.
2025-11-26 08:40:42,940 INFO Epoch 136/400 | LR: 9.40e-05 | Train Loss: 107.5196 (Main: 44.2151, Cons: 18.0720, Grad: 0.009154053818, RBA: 45.2235) | Val Loss: 36.2822 | MAE: 4.22 | Val_RBA: 5.63 | R²: 0.9369 ｜ R: 0.9720
2025-11-26 08:46:37,498 INFO The used dataset had no length, returning gathered tensors. You should drop the remainder yourself.
2025-11-26 08:46:37,538 INFO The used dataset had no length, returning gathered tensors. You should drop the remainder yourself.
2025-11-26 08:46:37,541 INFO Epoch 137/400 | LR: 7.76e-05 | Train Loss: 104.1593 (Main: 44.3727, Cons: 16.8879, Grad: 0.008520055435, RBA: 42.8901) | Val Loss: 42.5683 | MAE: 4.49 | Val_RBA: 6.15 | R²: 0.9281 ｜ R: 0.9713
2025-11-26 08:52:32,034 INFO The used dataset had no length, returning gathered tensors. You should drop the remainder yourself.
2025-11-26 08:52:32,073 INFO The used dataset had no length, returning gathered tensors. You should drop the remainder yourself.
2025-11-26 08:52:32,079 INFO Epoch 138/400 | LR: 5.57e-05 | Train Loss: 93.6540 (Main: 37.4161, Cons: 17.9922, Grad: 0.007916583027, RBA: 38.2378) | Val Loss: 48.5500 | MAE: 5.70 | Val_RBA: 7.46 | R²: 0.9161 ｜ R: 0.9752
2025-11-26 08:58:26,363 INFO The used dataset had no length, returning gathered tensors. You should drop the remainder yourself.
2025-11-26 08:58:26,403 INFO The used dataset had no length, returning gathered tensors. You should drop the remainder yourself.
2025-11-26 08:58:26,409 INFO Epoch 139/400 | LR: 3.57e-05 | Train Loss: 88.6609 (Main: 35.7246, Cons: 16.6329, Grad: 0.008489835414, RBA: 36.2949) | Val Loss: 53.7126 | MAE: 4.93 | Val_RBA: 6.27 | R²: 0.9092 ｜ R: 0.9752
2025-11-26 09:04:21,713 INFO The used dataset had no length, returning gathered tensors. You should drop the remainder yourself.
2025-11-26 09:04:21,753 INFO The used dataset had no length, returning gathered tensors. You should drop the remainder yourself.
2025-11-26 09:04:21,756 INFO Epoch 140/400 | LR: 9.99e-05 | Train Loss: 79.3012 (Main: 30.7496, Cons: 16.3113, Grad: 0.008566137885, RBA: 32.2317) | Val Loss: 152.6693 | MAE: 8.14 | Val_RBA: 9.39 | R²: 0.7426 ｜ R: 0.9739
2025-11-26 09:10:16,328 INFO The used dataset had no length, returning gathered tensors. You should drop the remainder yourself.
2025-11-26 09:10:16,369 INFO The used dataset had no length, returning gathered tensors. You should drop the remainder yourself.
2025-11-26 09:10:16,373 INFO Epoch 141/400 | LR: 1.85e-05 | Train Loss: 93.0443 (Main: 39.5501, Cons: 16.3567, Grad: 0.008347323293, RBA: 37.1291) | Val Loss: 127.3836 | MAE: 8.51 | Val_RBA: 9.05 | R²: 0.7783 ｜ R: 0.9610
2025-11-26 09:16:10,896 INFO The used dataset had no length, returning gathered tensors. You should drop the remainder yourself.
2025-11-26 09:16:10,936 INFO The used dataset had no length, returning gathered tensors. You should drop the remainder yourself.
2025-11-26 09:16:10,939 INFO Epoch 142/400 | LR: 3.15e-05 | Train Loss: 79.8320 (Main: 32.2429, Cons: 16.2574, Grad: 0.008356213879, RBA: 31.3234) | Val Loss: 54.8499 | MAE: 5.24 | Val_RBA: 6.58 | R²: 0.9079 ｜ R: 0.9735
2025-11-26 09:22:05,585 INFO The used dataset had no length, returning gathered tensors. You should drop the remainder yourself.
2025-11-26 09:22:05,626 INFO The used dataset had no length, returning gathered tensors. You should drop the remainder yourself.
2025-11-26 09:22:05,632 INFO Epoch 143/400 | LR: 9.99e-05 | Train Loss: 75.4544 (Main: 28.3743, Cons: 16.3101, Grad: 0.008361221782, RBA: 30.7616) | Val Loss: 71.4152 | MAE: 6.05 | Val_RBA: 7.49 | R²: 0.8799 ｜ R: 0.9649
2025-11-26 09:28:00,479 INFO The used dataset had no length, returning gathered tensors. You should drop the remainder yourself.
2025-11-26 09:28:00,518 INFO The used dataset had no length, returning gathered tensors. You should drop the remainder yourself.
2025-11-26 09:28:00,522 INFO Epoch 144/400 | LR: 5.43e-05 | Train Loss: 90.6705 (Main: 39.0639, Cons: 15.3098, Grad: 0.007852752103, RBA: 36.2890) | Val Loss: 48.9081 | MAE: 5.13 | Val_RBA: 6.72 | R²: 0.9170 ｜ R: 0.9728
2025-11-26 09:33:55,073 INFO The used dataset had no length, returning gathered tensors. You should drop the remainder yourself.
2025-11-26 09:33:55,113 INFO The used dataset had no length, returning gathered tensors. You should drop the remainder yourself.
2025-11-26 09:33:55,119 INFO Epoch 145/400 | LR: 8.66e-05 | Train Loss: 81.9657 (Main: 35.1258, Cons: 15.5914, Grad: 0.008102867073, RBA: 31.2403) | Val Loss: 89.0933 | MAE: 6.34 | Val_RBA: 7.87 | R²: 0.8502 ｜ R: 0.9751
2025-11-26 09:39:49,556 INFO The used dataset had no length, returning gathered tensors. You should drop the remainder yourself.
2025-11-26 09:39:49,596 INFO The used dataset had no length, returning gathered tensors. You should drop the remainder yourself.
2025-11-26 09:39:49,599 INFO Epoch 146/400 | LR: 3.83e-05 | Train Loss: 89.2369 (Main: 37.9955, Cons: 15.5047, Grad: 0.008068591107, RBA: 35.7287) | Val Loss: 242.1401 | MAE: 13.51 | Val_RBA: 13.78 | R²: 0.5685 ｜ R: 0.9155
2025-11-26 09:45:43,843 INFO The used dataset had no length, returning gathered tensors. You should drop the remainder yourself.
2025-11-26 09:45:43,883 INFO The used dataset had no length, returning gathered tensors. You should drop the remainder yourself.
2025-11-26 09:45:43,889 INFO Epoch 147/400 | LR: 5.66e-05 | Train Loss: 76.7678 (Main: 33.2148, Cons: 14.3747, Grad: 0.008140831494, RBA: 29.1702) | Val Loss: 48.3270 | MAE: 5.40 | Val_RBA: 6.82 | R²: 0.9172 ｜ R: 0.9713
2025-11-26 09:51:38,301 INFO The used dataset had no length, returning gathered tensors. You should drop the remainder yourself.
2025-11-26 09:51:38,341 INFO The used dataset had no length, returning gathered tensors. You should drop the remainder yourself.
2025-11-26 09:51:38,345 INFO Epoch 148/400 | LR: 2.23e-05 | Train Loss: 81.5903 (Main: 34.8022, Cons: 15.8882, Grad: 0.007771685311, RBA: 30.8921) | Val Loss: 57.4976 | MAE: 5.64 | Val_RBA: 7.02 | R²: 0.9026 ｜ R: 0.9783
2025-11-26 09:57:33,168 INFO The used dataset had no length, returning gathered tensors. You should drop the remainder yourself.
2025-11-26 09:57:33,207 INFO The used dataset had no length, returning gathered tensors. You should drop the remainder yourself.
2025-11-26 09:57:33,210 INFO Epoch 149/400 | LR: 2.50e-05 | Train Loss: 73.0779 (Main: 30.0612, Cons: 14.8908, Grad: 0.007923459034, RBA: 28.1180) | Val Loss: 56.6768 | MAE: 5.35 | Val_RBA: 6.72 | R²: 0.9046 ｜ R: 0.9764
2025-11-26 10:03:27,910 INFO The used dataset had no length, returning gathered tensors. You should drop the remainder yourself.
2025-11-26 10:03:27,951 INFO The used dataset had no length, returning gathered tensors. You should drop the remainder yourself.
2025-11-26 10:03:27,957 INFO Epoch 150/400 | LR: 3.90e-06 | Train Loss: 70.2899 (Main: 29.3218, Cons: 14.5362, Grad: 0.008195551360, RBA: 26.4237) | Val Loss: 65.0009 | MAE: 5.51 | Val_RBA: 7.00 | R²: 0.8908 ｜ R: 0.9778
2025-11-26 10:09:22,752 INFO The used dataset had no length, returning gathered tensors. You should drop the remainder yourself.
2025-11-26 10:09:22,792 INFO The used dataset had no length, returning gathered tensors. You should drop the remainder yourself.
2025-11-26 10:09:22,796 INFO Epoch 151/400 | LR: 5.55e-06 | Train Loss: 73.2390 (Main: 30.4999, Cons: 14.9395, Grad: 0.008060857428, RBA: 27.7915) | Val Loss: 26.9972 | MAE: 3.75 | Val_RBA: 5.02 | R²: 0.9535 ｜ R: 0.9796
2025-11-26 10:09:22,881 INFO Checkpoint saved at epoch 150
2025-11-26 10:15:17,810 INFO The used dataset had no length, returning gathered tensors. You should drop the remainder yourself.
2025-11-26 10:15:17,850 INFO The used dataset had no length, returning gathered tensors. You should drop the remainder yourself.
2025-11-26 10:15:17,853 INFO Epoch 152/400 | LR: 5.66e-05 | Train Loss: 68.9228 (Main: 28.9374, Cons: 14.4731, Grad: 0.008224394943, RBA: 25.5041) | Val Loss: 48.3210 | MAE: 4.93 | Val_RBA: 6.17 | R²: 0.9186 ｜ R: 0.9771
2025-11-26 10:21:12,490 INFO The used dataset had no length, returning gathered tensors. You should drop the remainder yourself.
2025-11-26 10:21:12,529 INFO The used dataset had no length, returning gathered tensors. You should drop the remainder yourself.
2025-11-26 10:21:12,532 INFO Epoch 153/400 | LR: 9.83e-05 | Train Loss: 76.8298 (Main: 32.0935, Cons: 15.0059, Grad: 0.008105609815, RBA: 29.7223) | Val Loss: 76.7054 | MAE: 5.98 | Val_RBA: 7.32 | R²: 0.8703 ｜ R: 0.9789
2025-11-26 10:27:07,466 INFO The used dataset had no length, returning gathered tensors. You should drop the remainder yourself.
2025-11-26 10:27:07,507 INFO The used dataset had no length, returning gathered tensors. You should drop the remainder yourself.
2025-11-26 10:27:07,512 INFO Epoch 154/400 | LR: 9.44e-05 | Train Loss: 84.7102 (Main: 37.9238, Cons: 14.2535, Grad: 0.007466887732, RBA: 32.5254) | Val Loss: 358.7699 | MAE: 12.96 | Val_RBA: 13.83 | R²: 0.3858 ｜ R: 0.9412
2025-11-26 10:33:02,613 INFO The used dataset had no length, returning gathered tensors. You should drop the remainder yourself.
2025-11-26 10:33:02,654 INFO The used dataset had no length, returning gathered tensors. You should drop the remainder yourself.
2025-11-26 10:33:02,660 INFO Epoch 155/400 | LR: 5.31e-05 | Train Loss: 81.6780 (Main: 35.9495, Cons: 14.2299, Grad: 0.007050912078, RBA: 31.4916) | Val Loss: 49.2290 | MAE: 4.79 | Val_RBA: 6.13 | R²: 0.9150 ｜ R: 0.9743
2025-11-26 10:38:58,150 INFO The used dataset had no length, returning gathered tensors. You should drop the remainder yourself.
2025-11-26 10:38:58,187 INFO The used dataset had no length, returning gathered tensors. You should drop the remainder yourself.
2025-11-26 10:38:58,193 INFO Epoch 156/400 | LR: 9.58e-05 | Train Loss: 76.8356 (Main: 34.0378, Cons: 14.8859, Grad: 0.007203334337, RBA: 27.9047) | Val Loss: 35.2653 | MAE: 4.04 | Val_RBA: 5.58 | R²: 0.9403 ｜ R: 0.9743
2025-11-26 10:44:53,404 INFO The used dataset had no length, returning gathered tensors. You should drop the remainder yourself.
2025-11-26 10:44:53,443 INFO The used dataset had no length, returning gathered tensors. You should drop the remainder yourself.
2025-11-26 10:44:53,446 INFO Epoch 157/400 | LR: 4.30e-05 | Train Loss: 75.0941 (Main: 33.7883, Cons: 14.5873, Grad: 0.007377116769, RBA: 26.7111) | Val Loss: 113.6062 | MAE: 7.51 | Val_RBA: 8.88 | R²: 0.8072 ｜ R: 0.9766
2025-11-26 10:50:48,203 INFO The used dataset had no length, returning gathered tensors. You should drop the remainder yourself.
2025-11-26 10:50:48,243 INFO The used dataset had no length, returning gathered tensors. You should drop the remainder yourself.
2025-11-26 10:50:48,246 INFO Epoch 158/400 | LR: 2.54e-05 | Train Loss: 66.9715 (Main: 29.0625, Cons: 13.9021, Grad: 0.006848606739, RBA: 24.0001) | Val Loss: 123.1580 | MAE: 7.37 | Val_RBA: 8.62 | R²: 0.7931 ｜ R: 0.9742
2025-11-26 10:56:43,619 INFO The used dataset had no length, returning gathered tensors. You should drop the remainder yourself.
2025-11-26 10:56:43,659 INFO The used dataset had no length, returning gathered tensors. You should drop the remainder yourself.
2025-11-26 10:56:43,665 INFO Epoch 159/400 | LR: 9.81e-05 | Train Loss: 64.9613 (Main: 28.5228, Cons: 13.1275, Grad: 0.007311387574, RBA: 23.3037) | Val Loss: 33.5591 | MAE: 4.02 | Val_RBA: 5.33 | R²: 0.9422 ｜ R: 0.9791
2025-11-26 11:02:38,417 INFO The used dataset had no length, returning gathered tensors. You should drop the remainder yourself.
2025-11-26 11:02:38,458 INFO The used dataset had no length, returning gathered tensors. You should drop the remainder yourself.
2025-11-26 11:02:38,461 INFO Epoch 160/400 | LR: 5.43e-07 | Train Loss: 74.0619 (Main: 34.0032, Cons: 12.9230, Grad: 0.006969313752, RBA: 27.1287) | Val Loss: 68.3036 | MAE: 5.54 | Val_RBA: 6.80 | R²: 0.8852 ｜ R: 0.9748
2025-11-26 11:08:33,051 INFO The used dataset had no length, returning gathered tensors. You should drop the remainder yourself.
2025-11-26 11:08:33,091 INFO The used dataset had no length, returning gathered tensors. You should drop the remainder yourself.
2025-11-26 11:08:33,094 INFO Epoch 161/400 | LR: 5.12e-05 | Train Loss: 64.5738 (Main: 29.3424, Cons: 12.8002, Grad: 0.007006759365, RBA: 22.4241) | Val Loss: 49.7059 | MAE: 4.92 | Val_RBA: 6.28 | R²: 0.9165 ｜ R: 0.9751
2025-11-26 11:14:27,839 INFO The used dataset had no length, returning gathered tensors. You should drop the remainder yourself.
2025-11-26 11:14:27,878 INFO The used dataset had no length, returning gathered tensors. You should drop the remainder yourself.
2025-11-26 11:14:27,881 INFO Epoch 162/400 | LR: 8.80e-05 | Train Loss: 67.8390 (Main: 30.9539, Cons: 12.7694, Grad: 0.007156506293, RBA: 24.1085) | Val Loss: 88.0114 | MAE: 7.00 | Val_RBA: 8.09 | R²: 0.8515 ｜ R: 0.9573
2025-11-26 11:20:22,378 INFO The used dataset had no length, returning gathered tensors. You should drop the remainder yourself.
2025-11-26 11:20:22,418 INFO The used dataset had no length, returning gathered tensors. You should drop the remainder yourself.
2025-11-26 11:20:22,425 INFO Epoch 163/400 | LR: 6.44e-05 | Train Loss: 77.3554 (Main: 36.0524, Cons: 12.5793, Grad: 0.007030607449, RBA: 28.7167) | Val Loss: 102.5986 | MAE: 7.61 | Val_RBA: 9.18 | R²: 0.8271 ｜ R: 0.9598
2025-11-26 11:26:17,278 INFO The used dataset had no length, returning gathered tensors. You should drop the remainder yourself.
2025-11-26 11:26:17,317 INFO The used dataset had no length, returning gathered tensors. You should drop the remainder yourself.
2025-11-26 11:26:17,320 INFO Epoch 164/400 | LR: 9.08e-05 | Train Loss: 75.5663 (Main: 37.3037, Cons: 12.4486, Grad: 0.006635685515, RBA: 25.8073) | Val Loss: 181.3993 | MAE: 11.02 | Val_RBA: 11.96 | R²: 0.6782 ｜ R: 0.9002
2025-11-26 11:32:12,369 INFO The used dataset had no length, returning gathered tensors. You should drop the remainder yourself.
2025-11-26 11:32:12,409 INFO The used dataset had no length, returning gathered tensors. You should drop the remainder yourself.
2025-11-26 11:32:12,416 INFO Epoch 165/400 | LR: 9.78e-05 | Train Loss: 72.2758 (Main: 34.1916, Cons: 12.4959, Grad: 0.006356874696, RBA: 25.5820) | Val Loss: 77.5759 | MAE: 6.32 | Val_RBA: 7.63 | R²: 0.8671 ｜ R: 0.9773
2025-11-26 11:38:07,188 INFO The used dataset had no length, returning gathered tensors. You should drop the remainder yourself.
2025-11-26 11:38:07,228 INFO The used dataset had no length, returning gathered tensors. You should drop the remainder yourself.
2025-11-26 11:38:07,234 INFO Epoch 166/400 | LR: 8.91e-06 | Train Loss: 70.2601 (Main: 33.5142, Cons: 11.8300, Grad: 0.006486362762, RBA: 24.9094) | Val Loss: 134.6408 | MAE: 9.85 | Val_RBA: 10.87 | R²: 0.7623 ｜ R: 0.9324
2025-11-26 11:44:01,695 INFO The used dataset had no length, returning gathered tensors. You should drop the remainder yourself.
2025-11-26 11:44:01,735 INFO The used dataset had no length, returning gathered tensors. You should drop the remainder yourself.
2025-11-26 11:44:01,738 INFO Epoch 167/400 | LR: 9.31e-05 | Train Loss: 59.7864 (Main: 27.6932, Cons: 11.7486, Grad: 0.006333710514, RBA: 20.3382) | Val Loss: 36.7581 | MAE: 4.14 | Val_RBA: 5.58 | R²: 0.9379 ｜ R: 0.9797
2025-11-26 11:49:56,771 INFO The used dataset had no length, returning gathered tensors. You should drop the remainder yourself.
2025-11-26 11:49:56,810 INFO The used dataset had no length, returning gathered tensors. You should drop the remainder yourself.
2025-11-26 11:49:56,813 INFO Epoch 168/400 | LR: 9.70e-05 | Train Loss: 68.6303 (Main: 32.7086, Cons: 11.6140, Grad: 0.006290677042, RBA: 24.3014) | Val Loss: 34.4713 | MAE: 4.33 | Val_RBA: 6.42 | R²: 0.9410 ｜ R: 0.9784
2025-11-26 11:55:51,572 INFO The used dataset had no length, returning gathered tensors. You should drop the remainder yourself.
2025-11-26 11:55:51,612 INFO The used dataset had no length, returning gathered tensors. You should drop the remainder yourself.
2025-11-26 11:55:51,618 INFO Epoch 169/400 | LR: 9.91e-05 | Train Loss: 71.6205 (Main: 35.3211, Cons: 11.0067, Grad: 0.005992715038, RBA: 25.2868) | Val Loss: 74.9540 | MAE: 7.18 | Val_RBA: 9.44 | R²: 0.8692 ｜ R: 0.9613
2025-11-26 12:01:46,405 INFO The used dataset had no length, returning gathered tensors. You should drop the remainder yourself.
2025-11-26 12:01:46,444 INFO The used dataset had no length, returning gathered tensors. You should drop the remainder yourself.
2025-11-26 12:01:46,447 INFO Epoch 170/400 | LR: 8.03e-05 | Train Loss: 65.2617 (Main: 31.7498, Cons: 10.9939, Grad: 0.005680503993, RBA: 22.5123) | Val Loss: 93.4428 | MAE: 8.13 | Val_RBA: 9.14 | R²: 0.8351 ｜ R: 0.9587
2025-11-26 12:07:41,188 INFO The used dataset had no length, returning gathered tensors. You should drop the remainder yourself.
2025-11-26 12:07:41,227 INFO The used dataset had no length, returning gathered tensors. You should drop the remainder yourself.
2025-11-26 12:07:41,233 INFO Epoch 171/400 | LR: 6.91e-05 | Train Loss: 62.6967 (Main: 30.9246, Cons: 10.9276, Grad: 0.005781356449, RBA: 20.8387) | Val Loss: 45.0284 | MAE: 4.92 | Val_RBA: 6.23 | R²: 0.9237 ｜ R: 0.9723
2025-11-26 12:13:35,786 INFO The used dataset had no length, returning gathered tensors. You should drop the remainder yourself.
2025-11-26 12:13:35,827 INFO The used dataset had no length, returning gathered tensors. You should drop the remainder yourself.
2025-11-26 12:13:35,830 INFO Epoch 172/400 | LR: 8.17e-06 | Train Loss: 60.5192 (Main: 29.4712, Cons: 10.8543, Grad: 0.005901569747, RBA: 20.1877) | Val Loss: 62.6631 | MAE: 5.32 | Val_RBA: 7.20 | R²: 0.8950 ｜ R: 0.9722
2025-11-26 12:19:30,117 INFO The used dataset had no length, returning gathered tensors. You should drop the remainder yourself.
2025-11-26 12:19:30,157 INFO The used dataset had no length, returning gathered tensors. You should drop the remainder yourself.
2025-11-26 12:19:30,160 INFO Epoch 173/400 | LR: 4.35e-05 | Train Loss: 51.7112 (Main: 25.7356, Cons: 9.9053, Grad: 0.005622887309, RBA: 16.0647) | Val Loss: 51.6680 | MAE: 4.86 | Val_RBA: 6.34 | R²: 0.9134 ｜ R: 0.9767
2025-11-26 12:25:25,945 INFO The used dataset had no length, returning gathered tensors. You should drop the remainder yourself.
2025-11-26 12:25:25,985 INFO The used dataset had no length, returning gathered tensors. You should drop the remainder yourself.
2025-11-26 12:25:25,988 INFO Epoch 174/400 | LR: 3.22e-05 | Train Loss: 57.0549 (Main: 27.6347, Cons: 11.1751, Grad: 0.006096263677, RBA: 18.2389) | Val Loss: 119.2920 | MAE: 7.54 | Val_RBA: 8.98 | R²: 0.7979 ｜ R: 0.9752
2025-11-26 12:31:20,440 INFO The used dataset had no length, returning gathered tensors. You should drop the remainder yourself.
2025-11-26 12:31:20,480 INFO The used dataset had no length, returning gathered tensors. You should drop the remainder yourself.
2025-11-26 12:31:20,483 INFO Epoch 175/400 | LR: 9.93e-05 | Train Loss: 55.3456 (Main: 26.2915, Cons: 10.6578, Grad: 0.006157155496, RBA: 18.3902) | Val Loss: 32.0710 | MAE: 4.19 | Val_RBA: 5.72 | R²: 0.9445 ｜ R: 0.9764
2025-11-26 12:37:15,165 INFO The used dataset had no length, returning gathered tensors. You should drop the remainder yourself.
2025-11-26 12:37:15,206 INFO The used dataset had no length, returning gathered tensors. You should drop the remainder yourself.
2025-11-26 12:37:15,209 INFO Epoch 176/400 | LR: 1.00e-04 | Train Loss: 63.0045 (Main: 30.9818, Cons: 10.5331, Grad: 0.005764557398, RBA: 21.4839) | Val Loss: 70.0175 | MAE: 5.91 | Val_RBA: 7.54 | R²: 0.8818 ｜ R: 0.9748
2025-11-26 12:43:09,620 INFO The used dataset had no length, returning gathered tensors. You should drop the remainder yourself.
2025-11-26 12:43:09,660 INFO The used dataset had no length, returning gathered tensors. You should drop the remainder yourself.
2025-11-26 12:43:09,665 INFO Epoch 177/400 | LR: 4.51e-05 | Train Loss: 58.9261 (Main: 29.9971, Cons: 9.9240, Grad: 0.005107368631, RBA: 18.9998) | Val Loss: 112.5473 | MAE: 7.43 | Val_RBA: 8.66 | R²: 0.8058 ｜ R: 0.9713
2025-11-26 12:49:04,170 INFO The used dataset had no length, returning gathered tensors. You should drop the remainder yourself.
2025-11-26 12:49:04,211 INFO The used dataset had no length, returning gathered tensors. You should drop the remainder yourself.
2025-11-26 12:49:04,214 INFO Epoch 178/400 | LR: 6.35e-05 | Train Loss: 53.1660 (Main: 25.8601, Cons: 10.0633, Grad: 0.005305936127, RBA: 17.2373) | Val Loss: 46.5277 | MAE: 4.89 | Val_RBA: 6.70 | R²: 0.9215 ｜ R: 0.9801
2025-11-26 12:54:58,865 INFO The used dataset had no length, returning gathered tensors. You should drop the remainder yourself.
2025-11-26 12:54:58,905 INFO The used dataset had no length, returning gathered tensors. You should drop the remainder yourself.
2025-11-26 12:54:58,910 INFO Epoch 179/400 | LR: 3.73e-05 | Train Loss: 57.1130 (Main: 29.7959, Cons: 9.9320, Grad: 0.005508651868, RBA: 17.3796) | Val Loss: 53.2968 | MAE: 5.90 | Val_RBA: 6.87 | R²: 0.9064 ｜ R: 0.9714
2025-11-26 13:00:54,020 INFO The used dataset had no length, returning gathered tensors. You should drop the remainder yourself.
2025-11-26 13:00:54,061 INFO The used dataset had no length, returning gathered tensors. You should drop the remainder yourself.
2025-11-26 13:00:54,064 INFO Epoch 180/400 | LR: 6.37e-05 | Train Loss: 51.0356 (Main: 25.6776, Cons: 9.4014, Grad: 0.005453695121, RBA: 15.9512) | Val Loss: 46.4814 | MAE: 5.40 | Val_RBA: 6.70 | R²: 0.9206 ｜ R: 0.9797
2025-11-26 13:06:48,497 INFO The used dataset had no length, returning gathered tensors. You should drop the remainder yourself.
2025-11-26 13:06:48,538 INFO The used dataset had no length, returning gathered tensors. You should drop the remainder yourself.
2025-11-26 13:06:48,541 INFO Epoch 181/400 | LR: 5.12e-05 | Train Loss: 50.4683 (Main: 24.8343, Cons: 8.7800, Grad: 0.005420284145, RBA: 16.8486) | Val Loss: 49.7187 | MAE: 5.01 | Val_RBA: 7.13 | R²: 0.9158 ｜ R: 0.9683
2025-11-26 13:12:42,786 INFO The used dataset had no length, returning gathered tensors. You should drop the remainder yourself.
2025-11-26 13:12:42,826 INFO The used dataset had no length, returning gathered tensors. You should drop the remainder yourself.
2025-11-26 13:12:42,829 INFO Epoch 182/400 | LR: 9.20e-05 | Train Loss: 57.9048 (Main: 30.7156, Cons: 9.6540, Grad: 0.005376176665, RBA: 17.5297) | Val Loss: 84.6562 | MAE: 6.16 | Val_RBA: 7.91 | R²: 0.8577 ｜ R: 0.9792
2025-11-26 13:18:37,627 INFO The used dataset had no length, returning gathered tensors. You should drop the remainder yourself.
2025-11-26 13:18:37,667 INFO The used dataset had no length, returning gathered tensors. You should drop the remainder yourself.
2025-11-26 13:18:37,670 INFO Epoch 183/400 | LR: 9.59e-05 | Train Loss: 59.8650 (Main: 30.8765, Cons: 9.7705, Grad: 0.005259604016, RBA: 19.2127) | Val Loss: 35.2159 | MAE: 4.25 | Val_RBA: 5.90 | R²: 0.9396 ｜ R: 0.9796
2025-11-26 13:24:31,860 INFO The used dataset had no length, returning gathered tensors. You should drop the remainder yourself.
2025-11-26 13:24:31,900 INFO The used dataset had no length, returning gathered tensors. You should drop the remainder yourself.
2025-11-26 13:24:31,903 INFO Epoch 184/400 | LR: 8.92e-05 | Train Loss: 64.4186 (Main: 36.0876, Cons: 9.5250, Grad: 0.005039674822, RBA: 18.8010) | Val Loss: 87.1034 | MAE: 7.31 | Val_RBA: 9.36 | R²: 0.8520 ｜ R: 0.9579
2025-11-26 13:30:26,766 INFO The used dataset had no length, returning gathered tensors. You should drop the remainder yourself.
2025-11-26 13:30:26,807 INFO The used dataset had no length, returning gathered tensors. You should drop the remainder yourself.
2025-11-26 13:30:26,810 INFO Epoch 185/400 | LR: 8.32e-05 | Train Loss: 54.3964 (Main: 27.9401, Cons: 8.7771, Grad: 0.005091638273, RBA: 17.6741) | Val Loss: 40.7471 | MAE: 4.42 | Val_RBA: 6.20 | R²: 0.9310 ｜ R: 0.9698
2025-11-26 13:36:21,243 INFO The used dataset had no length, returning gathered tensors. You should drop the remainder yourself.
2025-11-26 13:36:21,283 INFO The used dataset had no length, returning gathered tensors. You should drop the remainder yourself.
2025-11-26 13:36:21,286 INFO Epoch 186/400 | LR: 9.89e-05 | Train Loss: 58.3566 (Main: 31.7991, Cons: 8.6816, Grad: 0.004916029682, RBA: 17.8710) | Val Loss: 32.6205 | MAE: 3.93 | Val_RBA: 5.87 | R²: 0.9437 ｜ R: 0.9814
2025-11-26 13:42:16,079 INFO The used dataset had no length, returning gathered tensors. You should drop the remainder yourself.
2025-11-26 13:42:16,119 INFO The used dataset had no length, returning gathered tensors. You should drop the remainder yourself.
2025-11-26 13:42:16,122 INFO Epoch 187/400 | LR: 3.18e-05 | Train Loss: 52.6749 (Main: 28.0610, Cons: 8.4499, Grad: 0.004534370310, RBA: 16.1595) | Val Loss: 54.7669 | MAE: 5.01 | Val_RBA: 6.53 | R²: 0.9053 ｜ R: 0.9740
2025-11-26 13:48:10,648 INFO The used dataset had no length, returning gathered tensors. You should drop the remainder yourself.
2025-11-26 13:48:10,688 INFO The used dataset had no length, returning gathered tensors. You should drop the remainder yourself.
2025-11-26 13:48:10,691 INFO Epoch 188/400 | LR: 8.75e-05 | Train Loss: 44.4555 (Main: 23.2412, Cons: 7.8931, Grad: 0.004972304842, RBA: 13.3162) | Val Loss: 39.1966 | MAE: 4.75 | Val_RBA: 6.41 | R²: 0.9333 ｜ R: 0.9785
2025-11-26 13:54:05,095 INFO The used dataset had no length, returning gathered tensors. You should drop the remainder yourself.
2025-11-26 13:54:05,135 INFO The used dataset had no length, returning gathered tensors. You should drop the remainder yourself.
2025-11-26 13:54:05,138 INFO Epoch 189/400 | LR: 8.85e-05 | Train Loss: 52.0735 (Main: 27.7969, Cons: 8.4094, Grad: 0.004928108786, RBA: 15.8623) | Val Loss: 87.6229 | MAE: 7.94 | Val_RBA: 9.36 | R²: 0.8474 ｜ R: 0.9557
2025-11-26 13:59:59,395 INFO The used dataset had no length, returning gathered tensors. You should drop the remainder yourself.
2025-11-26 13:59:59,435 INFO The used dataset had no length, returning gathered tensors. You should drop the remainder yourself.
2025-11-26 13:59:59,438 INFO Epoch 190/400 | LR: 8.83e-05 | Train Loss: 51.2106 (Main: 28.0020, Cons: 8.1323, Grad: 0.004461290774, RBA: 15.0718) | Val Loss: 87.8269 | MAE: 6.47 | Val_RBA: 7.94 | R²: 0.8513 ｜ R: 0.9771
2025-11-26 14:05:54,278 INFO The used dataset had no length, returning gathered tensors. You should drop the remainder yourself.
2025-11-26 14:05:54,319 INFO The used dataset had no length, returning gathered tensors. You should drop the remainder yourself.
2025-11-26 14:05:54,322 INFO Epoch 191/400 | LR: 9.52e-05 | Train Loss: 52.9467 (Main: 29.8247, Cons: 8.0000, Grad: 0.004365572597, RBA: 15.1177) | Val Loss: 81.3073 | MAE: 6.38 | Val_RBA: 8.23 | R²: 0.8622 ｜ R: 0.9805
2025-11-26 14:11:49,011 INFO The used dataset had no length, returning gathered tensors. You should drop the remainder yourself.
2025-11-26 14:11:49,052 INFO The used dataset had no length, returning gathered tensors. You should drop the remainder yourself.
2025-11-26 14:11:49,055 INFO Epoch 192/400 | LR: 9.89e-05 | Train Loss: 50.9997 (Main: 27.2963, Cons: 8.2437, Grad: 0.004456997104, RBA: 15.4552) | Val Loss: 331.5512 | MAE: 13.47 | Val_RBA: 12.74 | R²: 0.4251 ｜ R: 0.9168
2025-11-26 14:17:43,378 INFO The used dataset had no length, returning gathered tensors. You should drop the remainder yourself.
2025-11-26 14:17:43,418 INFO The used dataset had no length, returning gathered tensors. You should drop the remainder yourself.
2025-11-26 14:17:43,424 INFO Epoch 193/400 | LR: 4.06e-05 | Train Loss: 53.6766 (Main: 30.6485, Cons: 7.5446, Grad: 0.004330959090, RBA: 15.4792) | Val Loss: 239.7146 | MAE: 13.58 | Val_RBA: 13.87 | R²: 0.5731 ｜ R: 0.9229
2025-11-26 14:23:38,250 INFO The used dataset had no length, returning gathered tensors. You should drop the remainder yourself.
2025-11-26 14:23:38,289 INFO The used dataset had no length, returning gathered tensors. You should drop the remainder yourself.
2025-11-26 14:23:38,295 INFO Epoch 194/400 | LR: 6.00e-05 | Train Loss: 42.9842 (Main: 23.2450, Cons: 7.2087, Grad: 0.004233134811, RBA: 12.5262) | Val Loss: 47.4581 | MAE: 4.97 | Val_RBA: 6.60 | R²: 0.9197 ｜ R: 0.9819
2025-11-26 14:29:33,271 INFO The used dataset had no length, returning gathered tensors. You should drop the remainder yourself.
2025-11-26 14:29:33,310 INFO The used dataset had no length, returning gathered tensors. You should drop the remainder yourself.
2025-11-26 14:29:33,313 INFO Epoch 195/400 | LR: 9.64e-05 | Train Loss: 50.3094 (Main: 29.0176, Cons: 7.5250, Grad: 0.004448487684, RBA: 13.7623) | Val Loss: 34.8846 | MAE: 4.13 | Val_RBA: 5.69 | R²: 0.9401 ｜ R: 0.9822
2025-11-26 14:35:27,837 INFO The used dataset had no length, returning gathered tensors. You should drop the remainder yourself.
2025-11-26 14:35:27,877 INFO The used dataset had no length, returning gathered tensors. You should drop the remainder yourself.
2025-11-26 14:35:27,880 INFO Epoch 196/400 | LR: 9.24e-05 | Train Loss: 51.8724 (Main: 29.5632, Cons: 7.2973, Grad: 0.004015197143, RBA: 15.0079) | Val Loss: 37.1097 | MAE: 4.09 | Val_RBA: 6.26 | R²: 0.9376 ｜ R: 0.9792
2025-11-26 14:41:22,189 INFO The used dataset had no length, returning gathered tensors. You should drop the remainder yourself.
2025-11-26 14:41:22,229 INFO The used dataset had no length, returning gathered tensors. You should drop the remainder yourself.
2025-11-26 14:41:22,232 INFO Epoch 197/400 | LR: 8.88e-05 | Train Loss: 47.0438 (Main: 27.6339, Cons: 6.9895, Grad: 0.003860897984, RBA: 12.4165) | Val Loss: 87.4286 | MAE: 6.50 | Val_RBA: 7.99 | R²: 0.8503 ｜ R: 0.9780
2025-11-26 14:47:16,722 INFO The used dataset had no length, returning gathered tensors. You should drop the remainder yourself.
2025-11-26 14:47:16,762 INFO The used dataset had no length, returning gathered tensors. You should drop the remainder yourself.
2025-11-26 14:47:16,765 INFO Epoch 198/400 | LR: 4.95e-06 | Train Loss: 44.3702 (Main: 25.1668, Cons: 6.6203, Grad: 0.003954514390, RBA: 12.5791) | Val Loss: 138.6801 | MAE: 9.49 | Val_RBA: 9.77 | R²: 0.7590 ｜ R: 0.9727
2025-11-26 14:53:11,315 INFO The used dataset had no length, returning gathered tensors. You should drop the remainder yourself.
2025-11-26 14:53:11,355 INFO The used dataset had no length, returning gathered tensors. You should drop the remainder yourself.
2025-11-26 14:53:11,357 INFO Epoch 199/400 | LR: 9.95e-05 | Train Loss: 44.6590 (Main: 26.1535, Cons: 6.7795, Grad: 0.003708288958, RBA: 11.7223) | Val Loss: 31.8070 | MAE: 4.14 | Val_RBA: 6.00 | R²: 0.9458 ｜ R: 0.9816
2025-11-26 14:59:05,590 INFO The used dataset had no length, returning gathered tensors. You should drop the remainder yourself.
2025-11-26 14:59:05,630 INFO The used dataset had no length, returning gathered tensors. You should drop the remainder yourself.
2025-11-26 14:59:05,634 INFO Epoch 200/400 | LR: 4.32e-05 | Train Loss: 48.3555 (Main: 27.8139, Cons: 7.1638, Grad: 0.003967955684, RBA: 13.3738) | Val Loss: 51.7407 | MAE: 4.97 | Val_RBA: 6.69 | R²: 0.9112 ｜ R: 0.9780
2025-11-26 15:05:00,070 INFO The used dataset had no length, returning gathered tensors. You should drop the remainder yourself.
2025-11-26 15:05:00,110 INFO The used dataset had no length, returning gathered tensors. You should drop the remainder yourself.
2025-11-26 15:05:00,116 INFO Epoch 201/400 | LR: 5.08e-05 | Train Loss: 39.6334 (Main: 22.9360, Cons: 6.2104, Grad: 0.003666883306, RBA: 10.4834) | Val Loss: 49.8044 | MAE: 4.65 | Val_RBA: 6.66 | R²: 0.9167 ｜ R: 0.9752
2025-11-26 15:10:54,844 INFO The used dataset had no length, returning gathered tensors. You should drop the remainder yourself.
2025-11-26 15:10:54,884 INFO The used dataset had no length, returning gathered tensors. You should drop the remainder yourself.
2025-11-26 15:10:54,890 INFO Epoch 202/400 | LR: 1.00e-04 | Train Loss: 39.6045 (Main: 21.9068, Cons: 6.7368, Grad: 0.003787495711, RBA: 10.9572) | Val Loss: 30.3021 | MAE: 4.03 | Val_RBA: 5.68 | R²: 0.9484 ｜ R: 0.9805
2025-11-26 15:16:49,284 INFO The used dataset had no length, returning gathered tensors. You should drop the remainder yourself.
2025-11-26 15:16:49,324 INFO The used dataset had no length, returning gathered tensors. You should drop the remainder yourself.
2025-11-26 15:16:49,327 INFO Epoch 203/400 | LR: 2.11e-07 | Train Loss: 48.9627 (Main: 28.9381, Cons: 6.6781, Grad: 0.003928020625, RBA: 13.3425) | Val Loss: 69.1524 | MAE: 5.65 | Val_RBA: 7.74 | R²: 0.8832 ｜ R: 0.9807
2025-11-26 15:22:43,892 INFO The used dataset had no length, returning gathered tensors. You should drop the remainder yourself.
2025-11-26 15:22:43,932 INFO The used dataset had no length, returning gathered tensors. You should drop the remainder yourself.
2025-11-26 15:22:43,938 INFO Epoch 204/400 | LR: 5.79e-05 | Train Loss: 43.7415 (Main: 26.2489, Cons: 6.0277, Grad: 0.003738970358, RBA: 11.4612) | Val Loss: 47.9963 | MAE: 5.17 | Val_RBA: 6.91 | R²: 0.9187 ｜ R: 0.9759
2025-11-26 15:28:38,366 INFO The used dataset had no length, returning gathered tensors. You should drop the remainder yourself.
2025-11-26 15:28:38,406 INFO The used dataset had no length, returning gathered tensors. You should drop the remainder yourself.
2025-11-26 15:28:38,410 INFO Epoch 205/400 | LR: 9.79e-05 | Train Loss: 39.1149 (Main: 22.9696, Cons: 5.8523, Grad: 0.003622578765, RBA: 10.2895) | Val Loss: 33.7007 | MAE: 4.20 | Val_RBA: 5.93 | R²: 0.9429 ｜ R: 0.9802
2025-11-26 15:34:32,628 INFO The used dataset had no length, returning gathered tensors. You should drop the remainder yourself.
2025-11-26 15:34:32,667 INFO The used dataset had no length, returning gathered tensors. You should drop the remainder yourself.
2025-11-26 15:34:32,671 INFO Epoch 206/400 | LR: 9.49e-05 | Train Loss: 46.9753 (Main: 28.7417, Cons: 6.2662, Grad: 0.003705146749, RBA: 11.9637) | Val Loss: 35.7895 | MAE: 4.55 | Val_RBA: 6.53 | R²: 0.9377 ｜ R: 0.9757
2025-11-26 15:40:27,176 INFO The used dataset had no length, returning gathered tensors. You should drop the remainder yourself.
2025-11-26 15:40:27,214 INFO The used dataset had no length, returning gathered tensors. You should drop the remainder yourself.
2025-11-26 15:40:27,217 INFO Epoch 207/400 | LR: 9.44e-05 | Train Loss: 42.1400 (Main: 25.3336, Cons: 6.1310, Grad: 0.003584443769, RBA: 10.6718) | Val Loss: 82.1205 | MAE: 7.43 | Val_RBA: 8.75 | R²: 0.8563 ｜ R: 0.9546
2025-11-26 15:46:21,652 INFO The used dataset had no length, returning gathered tensors. You should drop the remainder yourself.
2025-11-26 15:46:21,692 INFO The used dataset had no length, returning gathered tensors. You should drop the remainder yourself.
2025-11-26 15:46:21,696 INFO Epoch 208/400 | LR: 8.57e-05 | Train Loss: 43.6490 (Main: 26.4477, Cons: 5.8336, Grad: 0.003392845575, RBA: 11.3643) | Val Loss: 89.7956 | MAE: 6.60 | Val_RBA: 9.05 | R²: 0.8492 ｜ R: 0.9714
2025-11-26 15:52:16,054 INFO The used dataset had no length, returning gathered tensors. You should drop the remainder yourself.
2025-11-26 15:52:16,093 INFO The used dataset had no length, returning gathered tensors. You should drop the remainder yourself.
2025-11-26 15:52:16,100 INFO Epoch 209/400 | LR: 2.02e-06 | Train Loss: 39.0345 (Main: 23.1538, Cons: 5.4787, Grad: 0.003350690017, RBA: 10.3987) | Val Loss: 66.4602 | MAE: 6.12 | Val_RBA: 8.31 | R²: 0.8873 ｜ R: 0.9807
2025-11-26 15:58:10,539 INFO The used dataset had no length, returning gathered tensors. You should drop the remainder yourself.
2025-11-26 15:58:10,579 INFO The used dataset had no length, returning gathered tensors. You should drop the remainder yourself.
2025-11-26 15:58:10,582 INFO Epoch 210/400 | LR: 1.49e-05 | Train Loss: 34.9777 (Main: 20.3008, Cons: 5.6063, Grad: 0.003353177079, RBA: 9.0672) | Val Loss: 24.9698 | MAE: 3.68 | Val_RBA: 5.54 | R²: 0.9570 ｜ R: 0.9820
2025-11-26 15:58:10,674 INFO Checkpoint saved at epoch 209
2025-11-26 16:04:05,297 INFO The used dataset had no length, returning gathered tensors. You should drop the remainder yourself.
2025-11-26 16:04:05,336 INFO The used dataset had no length, returning gathered tensors. You should drop the remainder yourself.
2025-11-26 16:04:05,340 INFO Epoch 211/400 | LR: 7.47e-05 | Train Loss: 34.5203 (Main: 20.7364, Cons: 5.4422, Grad: 0.003379326365, RBA: 8.3383) | Val Loss: 43.4210 | MAE: 4.56 | Val_RBA: 6.50 | R²: 0.9271 ｜ R: 0.9809
2025-11-26 16:09:59,947 INFO The used dataset had no length, returning gathered tensors. You should drop the remainder yourself.
2025-11-26 16:09:59,986 INFO The used dataset had no length, returning gathered tensors. You should drop the remainder yourself.
2025-11-26 16:09:59,989 INFO Epoch 212/400 | LR: 2.75e-06 | Train Loss: 41.7354 (Main: 25.7798, Cons: 5.6289, Grad: 0.003273046857, RBA: 10.3235) | Val Loss: 65.8343 | MAE: 5.66 | Val_RBA: 8.61 | R²: 0.8894 ｜ R: 0.9780
2025-11-26 16:15:54,765 INFO The used dataset had no length, returning gathered tensors. You should drop the remainder yourself.
2025-11-26 16:15:54,805 INFO The used dataset had no length, returning gathered tensors. You should drop the remainder yourself.
2025-11-26 16:15:54,808 INFO Epoch 213/400 | LR: 9.78e-05 | Train Loss: 34.7561 (Main: 19.9277, Cons: 5.7629, Grad: 0.003160993825, RBA: 9.0623) | Val Loss: 33.8028 | MAE: 3.95 | Val_RBA: 6.11 | R²: 0.9430 ｜ R: 0.9816
2025-11-26 16:21:49,886 INFO The used dataset had no length, returning gathered tensors. You should drop the remainder yourself.
2025-11-26 16:21:49,926 INFO The used dataset had no length, returning gathered tensors. You should drop the remainder yourself.
2025-11-26 16:21:49,929 INFO Epoch 214/400 | LR: 4.81e-05 | Train Loss: 45.0157 (Main: 28.4049, Cons: 5.8319, Grad: 0.003255071184, RBA: 10.7756) | Val Loss: 110.9766 | MAE: 7.62 | Val_RBA: 9.31 | R²: 0.8081 ｜ R: 0.9701
2025-11-26 16:27:44,393 INFO The used dataset had no length, returning gathered tensors. You should drop the remainder yourself.
2025-11-26 16:27:44,433 INFO The used dataset had no length, returning gathered tensors. You should drop the remainder yourself.
2025-11-26 16:27:44,436 INFO Epoch 215/400 | LR: 9.07e-05 | Train Loss: 40.2584 (Main: 24.6552, Cons: 5.5575, Grad: 0.003244530232, RBA: 10.0425) | Val Loss: 85.7915 | MAE: 6.66 | Val_RBA: 8.05 | R²: 0.8520 ｜ R: 0.9768
2025-11-26 16:33:38,699 INFO The used dataset had no length, returning gathered tensors. You should drop the remainder yourself.
2025-11-26 16:33:38,739 INFO The used dataset had no length, returning gathered tensors. You should drop the remainder yourself.
2025-11-26 16:33:38,742 INFO Epoch 216/400 | LR: 3.49e-05 | Train Loss: 40.3765 (Main: 25.0545, Cons: 5.3222, Grad: 0.003065227296, RBA: 9.9968) | Val Loss: 117.8252 | MAE: 7.53 | Val_RBA: 10.02 | R²: 0.8007 ｜ R: 0.9811
2025-11-26 16:39:33,482 INFO The used dataset had no length, returning gathered tensors. You should drop the remainder yourself.
2025-11-26 16:39:33,523 INFO The used dataset had no length, returning gathered tensors. You should drop the remainder yourself.
2025-11-26 16:39:33,526 INFO Epoch 217/400 | LR: 3.56e-05 | Train Loss: 35.4726 (Main: 21.7107, Cons: 5.4395, Grad: 0.002989240784, RBA: 8.3194) | Val Loss: 53.7297 | MAE: 5.01 | Val_RBA: 7.04 | R²: 0.9095 ｜ R: 0.9829
2025-11-26 16:45:27,812 INFO The used dataset had no length, returning gathered tensors. You should drop the remainder yourself.
2025-11-26 16:45:27,852 INFO The used dataset had no length, returning gathered tensors. You should drop the remainder yourself.
2025-11-26 16:45:27,855 INFO Epoch 218/400 | LR: 1.43e-05 | Train Loss: 34.1437 (Main: 20.9126, Cons: 4.9600, Grad: 0.003206726988, RBA: 8.2679) | Val Loss: 60.1422 | MAE: 5.23 | Val_RBA: 7.06 | R²: 0.8985 ｜ R: 0.9820
2025-11-26 16:51:22,331 INFO The used dataset had no length, returning gathered tensors. You should drop the remainder yourself.
2025-11-26 16:51:22,372 INFO The used dataset had no length, returning gathered tensors. You should drop the remainder yourself.
2025-11-26 16:51:22,377 INFO Epoch 219/400 | LR: 2.38e-05 | Train Loss: 33.7488 (Main: 20.3768, Cons: 5.6261, Grad: 0.003152967407, RBA: 7.7428) | Val Loss: 57.0478 | MAE: 5.04 | Val_RBA: 7.10 | R²: 0.9044 ｜ R: 0.9808
2025-11-26 16:57:16,933 INFO The used dataset had no length, returning gathered tensors. You should drop the remainder yourself.
2025-11-26 16:57:16,972 INFO The used dataset had no length, returning gathered tensors. You should drop the remainder yourself.
2025-11-26 16:57:16,978 INFO Epoch 220/400 | LR: 8.89e-05 | Train Loss: 34.3171 (Main: 20.2775, Cons: 5.7457, Grad: 0.003194073524, RBA: 8.2907) | Val Loss: 38.6651 | MAE: 4.40 | Val_RBA: 6.52 | R²: 0.9348 ｜ R: 0.9823
2025-11-26 17:03:11,586 INFO The used dataset had no length, returning gathered tensors. You should drop the remainder yourself.
2025-11-26 17:03:11,626 INFO The used dataset had no length, returning gathered tensors. You should drop the remainder yourself.
2025-11-26 17:03:11,629 INFO Epoch 221/400 | LR: 6.04e-05 | Train Loss: 37.9035 (Main: 23.4795, Cons: 4.9093, Grad: 0.003039726971, RBA: 9.5116) | Val Loss: 47.3527 | MAE: 5.54 | Val_RBA: 7.79 | R²: 0.9180 ｜ R: 0.9751
2025-11-26 17:09:06,007 INFO The used dataset had no length, returning gathered tensors. You should drop the remainder yourself.
2025-11-26 17:09:06,047 INFO The used dataset had no length, returning gathered tensors. You should drop the remainder yourself.
2025-11-26 17:09:06,050 INFO Epoch 222/400 | LR: 7.24e-05 | Train Loss: 36.6822 (Main: 23.4021, Cons: 5.0728, Grad: 0.002872579044, RBA: 8.2044) | Val Loss: 44.0897 | MAE: 5.03 | Val_RBA: 6.95 | R²: 0.9250 ｜ R: 0.9756
2025-11-26 17:15:00,706 INFO The used dataset had no length, returning gathered tensors. You should drop the remainder yourself.
2025-11-26 17:15:00,745 INFO The used dataset had no length, returning gathered tensors. You should drop the remainder yourself.
2025-11-26 17:15:00,749 INFO Epoch 223/400 | LR: 1.96e-05 | Train Loss: 35.9160 (Main: 22.1413, Cons: 5.3209, Grad: 0.002895431107, RBA: 8.4508) | Val Loss: 58.3386 | MAE: 5.22 | Val_RBA: 7.38 | R²: 0.9012 ｜ R: 0.9776
2025-11-26 17:20:55,227 INFO The used dataset had no length, returning gathered tensors. You should drop the remainder yourself.
2025-11-26 17:20:55,267 INFO The used dataset had no length, returning gathered tensors. You should drop the remainder yourself.
2025-11-26 17:20:55,270 INFO Epoch 224/400 | LR: 1.05e-07 | Train Loss: 32.3244 (Main: 19.5872, Cons: 5.0246, Grad: 0.002963400504, RBA: 7.7096) | Val Loss: 29.9106 | MAE: 3.95 | Val_RBA: 5.85 | R²: 0.9491 ｜ R: 0.9813
2025-11-26 17:26:50,049 INFO The used dataset had no length, returning gathered tensors. You should drop the remainder yourself.
2025-11-26 17:26:50,090 INFO The used dataset had no length, returning gathered tensors. You should drop the remainder yourself.
2025-11-26 17:26:50,093 INFO Epoch 225/400 | LR: 9.28e-05 | Train Loss: 31.5575 (Main: 19.7322, Cons: 4.9409, Grad: 0.003015068088, RBA: 6.8814) | Val Loss: 36.9314 | MAE: 4.19 | Val_RBA: 6.19 | R²: 0.9379 ｜ R: 0.9784
2025-11-26 17:32:45,074 INFO The used dataset had no length, returning gathered tensors. You should drop the remainder yourself.
2025-11-26 17:32:45,114 INFO The used dataset had no length, returning gathered tensors. You should drop the remainder yourself.
2025-11-26 17:32:45,120 INFO Epoch 226/400 | LR: 1.00e-04 | Train Loss: 40.1116 (Main: 25.2949, Cons: 5.1278, Grad: 0.002810809660, RBA: 9.6861) | Val Loss: 70.3353 | MAE: 6.94 | Val_RBA: 8.59 | R²: 0.8751 ｜ R: 0.9682
2025-11-26 17:38:39,469 INFO The used dataset had no length, returning gathered tensors. You should drop the remainder yourself.
2025-11-26 17:38:39,509 INFO The used dataset had no length, returning gathered tensors. You should drop the remainder yourself.
2025-11-26 17:38:39,513 INFO Epoch 227/400 | LR: 5.16e-05 | Train Loss: 37.3826 (Main: 23.3695, Cons: 4.8607, Grad: 0.002792949504, RBA: 9.1497) | Val Loss: 49.5932 | MAE: 5.51 | Val_RBA: 7.59 | R²: 0.9146 ｜ R: 0.9697
2025-11-26 17:44:34,027 INFO The used dataset had no length, returning gathered tensors. You should drop the remainder yourself.
2025-11-26 17:44:34,067 INFO The used dataset had no length, returning gathered tensors. You should drop the remainder yourself.
2025-11-26 17:44:34,070 INFO Epoch 228/400 | LR: 8.06e-05 | Train Loss: 32.6535 (Main: 20.0356, Cons: 5.0383, Grad: 0.002789216167, RBA: 7.5767) | Val Loss: 41.6080 | MAE: 5.08 | Val_RBA: 7.00 | R²: 0.9286 ｜ R: 0.9790
2025-11-26 17:50:28,633 INFO The used dataset had no length, returning gathered tensors. You should drop the remainder yourself.
2025-11-26 17:50:28,673 INFO The used dataset had no length, returning gathered tensors. You should drop the remainder yourself.
2025-11-26 17:50:28,676 INFO Epoch 229/400 | LR: 6.67e-05 | Train Loss: 32.8926 (Main: 21.3226, Cons: 4.2557, Grad: 0.002699176973, RBA: 7.3115) | Val Loss: 101.3443 | MAE: 6.86 | Val_RBA: 9.69 | R²: 0.8293 ｜ R: 0.9796
2025-11-26 17:56:23,375 INFO The used dataset had no length, returning gathered tensors. You should drop the remainder yourself.
2025-11-26 17:56:23,416 INFO The used dataset had no length, returning gathered tensors. You should drop the remainder yourself.
2025-11-26 17:56:23,421 INFO Epoch 230/400 | LR: 9.95e-05 | Train Loss: 34.4854 (Main: 21.8431, Cons: 4.6890, Grad: 0.002805721435, RBA: 7.9505) | Val Loss: 73.4691 | MAE: 6.31 | Val_RBA: 8.06 | R²: 0.8735 ｜ R: 0.9800
2025-11-26 18:02:17,695 INFO The used dataset had no length, returning gathered tensors. You should drop the remainder yourself.
2025-11-26 18:02:17,734 INFO The used dataset had no length, returning gathered tensors. You should drop the remainder yourself.
2025-11-26 18:02:17,737 INFO Epoch 231/400 | LR: 9.43e-05 | Train Loss: 40.2132 (Main: 26.5346, Cons: 4.6019, Grad: 0.002639006621, RBA: 9.0741) | Val Loss: 174.4969 | MAE: 9.52 | Val_RBA: 9.89 | R²: 0.6980 ｜ R: 0.9598
2025-11-26 18:08:12,586 INFO The used dataset had no length, returning gathered tensors. You should drop the remainder yourself.
2025-11-26 18:08:12,626 INFO The used dataset had no length, returning gathered tensors. You should drop the remainder yourself.
2025-11-26 18:08:12,630 INFO Epoch 232/400 | LR: 6.47e-05 | Train Loss: 41.7729 (Main: 28.6358, Cons: 4.5031, Grad: 0.002552891187, RBA: 8.6315) | Val Loss: 46.1999 | MAE: 4.57 | Val_RBA: 7.23 | R²: 0.9226 ｜ R: 0.9775
2025-11-26 18:14:06,902 INFO The used dataset had no length, returning gathered tensors. You should drop the remainder yourself.
2025-11-26 18:14:06,943 INFO The used dataset had no length, returning gathered tensors. You should drop the remainder yourself.
2025-11-26 18:14:06,946 INFO Epoch 233/400 | LR: 3.51e-05 | Train Loss: 33.9754 (Main: 22.5267, Cons: 4.4682, Grad: 0.002473012907, RBA: 6.9780) | Val Loss: 21.9366 | MAE: 3.37 | Val_RBA: 5.50 | R²: 0.9622 ｜ R: 0.9837
2025-11-26 18:14:07,036 INFO Checkpoint saved at epoch 232
2025-11-26 18:20:01,371 INFO The used dataset had no length, returning gathered tensors. You should drop the remainder yourself.
2025-11-26 18:20:01,411 INFO The used dataset had no length, returning gathered tensors. You should drop the remainder yourself.
2025-11-26 18:20:01,414 INFO Epoch 234/400 | LR: 5.80e-05 | Train Loss: 30.9032 (Main: 19.8990, Cons: 4.3330, Grad: 0.002531507734, RBA: 6.6686) | Val Loss: 47.9555 | MAE: 5.28 | Val_RBA: 7.12 | R²: 0.9184 ｜ R: 0.9738
2025-11-26 18:25:55,637 INFO The used dataset had no length, returning gathered tensors. You should drop the remainder yourself.
2025-11-26 18:25:55,676 INFO The used dataset had no length, returning gathered tensors. You should drop the remainder yourself.
2025-11-26 18:25:55,680 INFO Epoch 235/400 | LR: 9.23e-05 | Train Loss: 32.8268 (Main: 21.4570, Cons: 4.2461, Grad: 0.002602791757, RBA: 7.1211) | Val Loss: 84.3274 | MAE: 7.37 | Val_RBA: 8.97 | R²: 0.8554 ｜ R: 0.9534
2025-11-26 18:31:50,085 INFO The used dataset had no length, returning gathered tensors. You should drop the remainder yourself.
2025-11-26 18:31:50,125 INFO The used dataset had no length, returning gathered tensors. You should drop the remainder yourself.
2025-11-26 18:31:50,128 INFO Epoch 236/400 | LR: 4.95e-05 | Train Loss: 31.3967 (Main: 20.8062, Cons: 4.0095, Grad: 0.002456829404, RBA: 6.5785) | Val Loss: 110.2994 | MAE: 8.33 | Val_RBA: 10.94 | R²: 0.8117 ｜ R: 0.9393
2025-11-26 18:37:44,790 INFO The used dataset had no length, returning gathered tensors. You should drop the remainder yourself.
2025-11-26 18:37:44,830 INFO The used dataset had no length, returning gathered tensors. You should drop the remainder yourself.
2025-11-26 18:37:44,833 INFO Epoch 237/400 | LR: 6.58e-05 | Train Loss: 33.3891 (Main: 22.4067, Cons: 4.1740, Grad: 0.002529950826, RBA: 6.8059) | Val Loss: 45.9053 | MAE: 4.78 | Val_RBA: 7.18 | R²: 0.9226 ｜ R: 0.9832
2025-11-26 18:43:39,604 INFO The used dataset had no length, returning gathered tensors. You should drop the remainder yourself.
2025-11-26 18:43:39,644 INFO The used dataset had no length, returning gathered tensors. You should drop the remainder yourself.
2025-11-26 18:43:39,647 INFO Epoch 238/400 | LR: 1.34e-06 | Train Loss: 29.7563 (Main: 20.1923, Cons: 3.5927, Grad: 0.002476946078, RBA: 5.9688) | Val Loss: 67.1543 | MAE: 5.65 | Val_RBA: 7.76 | R²: 0.8874 ｜ R: 0.9682
2025-11-26 18:49:34,163 INFO The used dataset had no length, returning gathered tensors. You should drop the remainder yourself.
2025-11-26 18:49:34,204 INFO The used dataset had no length, returning gathered tensors. You should drop the remainder yourself.
2025-11-26 18:49:34,207 INFO Epoch 239/400 | LR: 4.11e-05 | Train Loss: 29.7079 (Main: 20.1227, Cons: 3.8992, Grad: 0.002530865177, RBA: 5.6835) | Val Loss: 52.2939 | MAE: 4.94 | Val_RBA: 7.26 | R²: 0.9125 ｜ R: 0.9786
2025-11-26 18:55:28,664 INFO The used dataset had no length, returning gathered tensors. You should drop the remainder yourself.
2025-11-26 18:55:28,704 INFO The used dataset had no length, returning gathered tensors. You should drop the remainder yourself.
2025-11-26 18:55:28,707 INFO Epoch 240/400 | LR: 2.75e-06 | Train Loss: 29.2773 (Main: 19.2594, Cons: 4.0083, Grad: 0.002378115547, RBA: 6.0073) | Val Loss: 65.8339 | MAE: 5.71 | Val_RBA: 7.95 | R²: 0.8896 ｜ R: 0.9717
2025-11-26 19:01:23,212 INFO The used dataset had no length, returning gathered tensors. You should drop the remainder yourself.
2025-11-26 19:01:23,253 INFO The used dataset had no length, returning gathered tensors. You should drop the remainder yourself.
2025-11-26 19:01:23,256 INFO Epoch 241/400 | LR: 2.40e-06 | Train Loss: 26.4309 (Main: 16.6500, Cons: 4.1216, Grad: 0.002317708719, RBA: 5.6569) | Val Loss: 28.0608 | MAE: 3.88 | Val_RBA: 6.16 | R²: 0.9522 ｜ R: 0.9839
2025-11-26 19:07:17,780 INFO The used dataset had no length, returning gathered tensors. You should drop the remainder yourself.
2025-11-26 19:07:17,820 INFO The used dataset had no length, returning gathered tensors. You should drop the remainder yourself.
2025-11-26 19:07:17,823 INFO Epoch 242/400 | LR: 9.92e-05 | Train Loss: 27.8845 (Main: 18.3814, Cons: 4.0054, Grad: 0.002441435785, RBA: 5.4953) | Val Loss: 32.3092 | MAE: 3.82 | Val_RBA: 5.94 | R²: 0.9457 ｜ R: 0.9829
2025-11-26 19:13:12,155 INFO The used dataset had no length, returning gathered tensors. You should drop the remainder yourself.
2025-11-26 19:13:12,194 INFO The used dataset had no length, returning gathered tensors. You should drop the remainder yourself.
2025-11-26 19:13:12,205 INFO Epoch 243/400 | LR: 9.72e-05 | Train Loss: 36.6011 (Main: 25.0491, Cons: 3.7756, Grad: 0.002315069127, RBA: 7.7741) | Val Loss: 34.2574 | MAE: 4.26 | Val_RBA: 7.41 | R²: 0.9419 ｜ R: 0.9831
2025-11-26 19:19:06,985 INFO The used dataset had no length, returning gathered tensors. You should drop the remainder yourself.
2025-11-26 19:19:07,025 INFO The used dataset had no length, returning gathered tensors. You should drop the remainder yourself.
2025-11-26 19:19:07,028 INFO Epoch 244/400 | LR: 6.19e-05 | Train Loss: 33.2288 (Main: 22.5604, Cons: 3.7584, Grad: 0.002156767478, RBA: 6.9078) | Val Loss: 46.9410 | MAE: 5.13 | Val_RBA: 6.92 | R²: 0.9194 ｜ R: 0.9687
2025-11-26 19:25:01,957 INFO The used dataset had no length, returning gathered tensors. You should drop the remainder yourself.
2025-11-26 19:25:01,997 INFO The used dataset had no length, returning gathered tensors. You should drop the remainder yourself.
2025-11-26 19:25:02,000 INFO Epoch 245/400 | LR: 2.25e-05 | Train Loss: 29.0201 (Main: 19.6589, Cons: 3.5668, Grad: 0.002174514068, RBA: 5.7922) | Val Loss: 23.7170 | MAE: 3.33 | Val_RBA: 5.51 | R²: 0.9597 ｜ R: 0.9829
2025-11-26 19:25:02,089 INFO Checkpoint saved at epoch 244
2025-11-26 19:30:57,076 INFO The used dataset had no length, returning gathered tensors. You should drop the remainder yourself.
2025-11-26 19:30:57,116 INFO The used dataset had no length, returning gathered tensors. You should drop the remainder yourself.
2025-11-26 19:30:57,119 INFO Epoch 246/400 | LR: 4.35e-05 | Train Loss: 28.7985 (Main: 19.2188, Cons: 3.7966, Grad: 0.002211181373, RBA: 5.7809) | Val Loss: 51.6781 | MAE: 5.01 | Val_RBA: 7.33 | R²: 0.9135 ｜ R: 0.9778
2025-11-26 19:36:51,639 INFO The used dataset had no length, returning gathered tensors. You should drop the remainder yourself.
2025-11-26 19:36:51,678 INFO The used dataset had no length, returning gathered tensors. You should drop the remainder yourself.
2025-11-26 19:36:51,682 INFO Epoch 247/400 | LR: 1.40e-06 | Train Loss: 28.1460 (Main: 18.7100, Cons: 3.8436, Grad: 0.002211597610, RBA: 5.5902) | Val Loss: 67.0929 | MAE: 5.70 | Val_RBA: 8.28 | R²: 0.8876 ｜ R: 0.9776
2025-11-26 19:42:46,624 INFO The used dataset had no length, returning gathered tensors. You should drop the remainder yourself.
2025-11-26 19:42:46,665 INFO The used dataset had no length, returning gathered tensors. You should drop the remainder yourself.
2025-11-26 19:42:46,668 INFO Epoch 248/400 | LR: 8.28e-05 | Train Loss: 25.0847 (Main: 16.1659, Cons: 3.7129, Grad: 0.002261349142, RBA: 5.2037) | Val Loss: 40.9102 | MAE: 4.33 | Val_RBA: 6.50 | R²: 0.9315 ｜ R: 0.9799
2025-11-26 19:48:41,157 INFO The used dataset had no length, returning gathered tensors. You should drop the remainder yourself.
2025-11-26 19:48:41,196 INFO The used dataset had no length, returning gathered tensors. You should drop the remainder yourself.
2025-11-26 19:48:41,199 INFO Epoch 249/400 | LR: 9.49e-05 | Train Loss: 32.8622 (Main: 22.5118, Cons: 3.7624, Grad: 0.002268736669, RBA: 6.5858) | Val Loss: 35.7851 | MAE: 4.45 | Val_RBA: 6.70 | R²: 0.9385 ｜ R: 0.9761
2025-11-26 19:54:36,277 INFO The used dataset had no length, returning gathered tensors. You should drop the remainder yourself.
2025-11-26 19:54:36,317 INFO The used dataset had no length, returning gathered tensors. You should drop the remainder yourself.
2025-11-26 19:54:36,320 INFO Epoch 250/400 | LR: 6.27e-05 | Train Loss: 33.7192 (Main: 23.5903, Cons: 3.5566, Grad: 0.002214598946, RBA: 6.5700) | Val Loss: 103.4668 | MAE: 8.02 | Val_RBA: 9.48 | R²: 0.8216 ｜ R: 0.9809
2025-11-26 20:00:30,855 INFO The used dataset had no length, returning gathered tensors. You should drop the remainder yourself.
2025-11-26 20:00:30,896 INFO The used dataset had no length, returning gathered tensors. You should drop the remainder yourself.
2025-11-26 20:00:30,903 INFO Epoch 251/400 | LR: 9.95e-05 | Train Loss: 27.0710 (Main: 18.0200, Cons: 3.4441, Grad: 0.002095038391, RBA: 5.6048) | Val Loss: 73.5877 | MAE: 6.41 | Val_RBA: 9.43 | R²: 0.8761 ｜ R: 0.9794
2025-11-26 20:06:25,545 INFO The used dataset had no length, returning gathered tensors. You should drop the remainder yourself.
2025-11-26 20:06:25,585 INFO The used dataset had no length, returning gathered tensors. You should drop the remainder yourself.
2025-11-26 20:06:25,588 INFO Epoch 252/400 | LR: 7.06e-07 | Train Loss: 30.7225 (Main: 20.9256, Cons: 3.6640, Grad: 0.001973726566, RBA: 6.1309) | Val Loss: 146.0304 | MAE: 10.55 | Val_RBA: 12.02 | R²: 0.7438 ｜ R: 0.9279
2025-11-26 20:12:20,168 INFO The used dataset had no length, returning gathered tensors. You should drop the remainder yourself.
2025-11-26 20:12:20,209 INFO The used dataset had no length, returning gathered tensors. You should drop the remainder yourself.
2025-11-26 20:12:20,212 INFO Epoch 253/400 | LR: 7.98e-06 | Train Loss: 26.9596 (Main: 17.9730, Cons: 3.3957, Grad: 0.002040016408, RBA: 5.5888) | Val Loss: 26.3751 | MAE: 3.51 | Val_RBA: 5.73 | R²: 0.9553 ｜ R: 0.9822
2025-11-26 20:18:14,836 INFO The used dataset had no length, returning gathered tensors. You should drop the remainder yourself.
2025-11-26 20:18:14,876 INFO The used dataset had no length, returning gathered tensors. You should drop the remainder yourself.
2025-11-26 20:18:14,879 INFO Epoch 254/400 | LR: 6.70e-05 | Train Loss: 27.5800 (Main: 19.0248, Cons: 3.3253, Grad: 0.002030990809, RBA: 5.2279) | Val Loss: 45.5851 | MAE: 4.74 | Val_RBA: 7.17 | R²: 0.9235 ｜ R: 0.9806
2025-11-26 20:24:09,614 INFO The used dataset had no length, returning gathered tensors. You should drop the remainder yourself.
2025-11-26 20:24:09,654 INFO The used dataset had no length, returning gathered tensors. You should drop the remainder yourself.
2025-11-26 20:24:09,660 INFO Epoch 255/400 | LR: 8.42e-05 | Train Loss: 33.0878 (Main: 23.8501, Cons: 3.3144, Grad: 0.002065249580, RBA: 5.9212) | Val Loss: 40.4182 | MAE: 5.33 | Val_RBA: 7.55 | R²: 0.9299 ｜ R: 0.9830
2025-11-26 20:30:04,182 INFO The used dataset had no length, returning gathered tensors. You should drop the remainder yourself.
2025-11-26 20:30:04,222 INFO The used dataset had no length, returning gathered tensors. You should drop the remainder yourself.
2025-11-26 20:30:04,225 INFO Epoch 256/400 | LR: 3.62e-05 | Train Loss: 28.4451 (Main: 19.6896, Cons: 3.2067, Grad: 0.001990410443, RBA: 5.5468) | Val Loss: 21.7921 | MAE: 3.16 | Val_RBA: 5.36 | R²: 0.9627 ｜ R: 0.9833
2025-11-26 20:30:04,315 INFO Checkpoint saved at epoch 255
2025-11-26 20:35:58,991 INFO The used dataset had no length, returning gathered tensors. You should drop the remainder yourself.
2025-11-26 20:35:59,030 INFO The used dataset had no length, returning gathered tensors. You should drop the remainder yourself.
2025-11-26 20:35:59,033 INFO Epoch 257/400 | LR: 8.63e-05 | Train Loss: 28.4352 (Main: 20.1415, Cons: 3.2345, Grad: 0.001959546146, RBA: 5.0573) | Val Loss: 39.6619 | MAE: 4.15 | Val_RBA: 6.51 | R²: 0.9335 ｜ R: 0.9803
2025-11-26 20:41:53,673 INFO The used dataset had no length, returning gathered tensors. You should drop the remainder yourself.
2025-11-26 20:41:53,713 INFO The used dataset had no length, returning gathered tensors. You should drop the remainder yourself.
2025-11-26 20:41:53,716 INFO Epoch 258/400 | LR: 7.99e-06 | Train Loss: 32.7754 (Main: 23.3730, Cons: 3.2903, Grad: 0.002002717651, RBA: 6.1100) | Val Loss: 26.3727 | MAE: 3.50 | Val_RBA: 6.40 | R²: 0.9551 ｜ R: 0.9820
2025-11-26 20:47:48,407 INFO The used dataset had no length, returning gathered tensors. You should drop the remainder yourself.
2025-11-26 20:47:48,447 INFO The used dataset had no length, returning gathered tensors. You should drop the remainder yourself.
2025-11-26 20:47:48,453 INFO Epoch 259/400 | LR: 3.54e-05 | Train Loss: 28.0159 (Main: 19.7748, Cons: 3.2032, Grad: 0.001896504196, RBA: 5.0360) | Val Loss: 21.8931 | MAE: 3.34 | Val_RBA: 5.43 | R²: 0.9624 ｜ R: 0.9839
2025-11-26 20:53:42,946 INFO The used dataset had no length, returning gathered tensors. You should drop the remainder yourself.
2025-11-26 20:53:42,987 INFO The used dataset had no length, returning gathered tensors. You should drop the remainder yourself.
2025-11-26 20:53:42,990 INFO Epoch 260/400 | LR: 7.11e-05 | Train Loss: 25.9367 (Main: 17.5859, Cons: 3.3436, Grad: 0.001973351491, RBA: 5.0052) | Val Loss: 44.4549 | MAE: 4.63 | Val_RBA: 6.68 | R²: 0.9237 ｜ R: 0.9835
2025-11-26 20:59:37,164 INFO The used dataset had no length, returning gathered tensors. You should drop the remainder yourself.
2025-11-26 20:59:37,203 INFO The used dataset had no length, returning gathered tensors. You should drop the remainder yourself.
2025-11-26 20:59:37,207 INFO Epoch 261/400 | LR: 6.68e-05 | Train Loss: 26.7974 (Main: 18.8038, Cons: 2.9451, Grad: 0.001924667844, RBA: 5.0467) | Val Loss: 45.6538 | MAE: 4.49 | Val_RBA: 7.38 | R²: 0.9237 ｜ R: 0.9801
2025-11-26 21:05:31,929 INFO The used dataset had no length, returning gathered tensors. You should drop the remainder yourself.
2025-11-26 21:05:31,965 INFO The used dataset had no length, returning gathered tensors. You should drop the remainder yourself.
2025-11-26 21:05:31,971 INFO Epoch 262/400 | LR: 1.73e-05 | Train Loss: 25.2522 (Main: 17.7543, Cons: 2.7974, Grad: 0.001800491858, RBA: 4.6987) | Val Loss: 59.1177 | MAE: 5.45 | Val_RBA: 7.26 | R²: 0.8988 ｜ R: 0.9833
2025-11-26 21:11:26,651 INFO The used dataset had no length, returning gathered tensors. You should drop the remainder yourself.
2025-11-26 21:11:26,691 INFO The used dataset had no length, returning gathered tensors. You should drop the remainder yourself.
2025-11-26 21:11:26,694 INFO Epoch 263/400 | LR: 5.82e-05 | Train Loss: 24.6633 (Main: 17.1036, Cons: 3.0769, Grad: 0.001823623069, RBA: 4.4809) | Val Loss: 47.9163 | MAE: 4.77 | Val_RBA: 7.30 | R²: 0.9197 ｜ R: 0.9802
2025-11-26 21:17:21,221 INFO The used dataset had no length, returning gathered tensors. You should drop the remainder yourself.
2025-11-26 21:17:21,261 INFO The used dataset had no length, returning gathered tensors. You should drop the remainder yourself.
2025-11-26 21:17:21,264 INFO Epoch 264/400 | LR: 3.02e-05 | Train Loss: 24.5053 (Main: 16.9638, Cons: 3.0322, Grad: 0.001878183699, RBA: 4.5074) | Val Loss: 55.2014 | MAE: 5.58 | Val_RBA: 7.57 | R²: 0.9065 ｜ R: 0.9699
2025-11-26 21:23:16,240 INFO The used dataset had no length, returning gathered tensors. You should drop the remainder yourself.
2025-11-26 21:23:16,280 INFO The used dataset had no length, returning gathered tensors. You should drop the remainder yourself.
2025-11-26 21:23:16,283 INFO Epoch 265/400 | LR: 9.97e-05 | Train Loss: 22.5781 (Main: 15.4910, Cons: 2.7551, Grad: 0.001891660907, RBA: 4.3301) | Val Loss: 31.4729 | MAE: 3.93 | Val_RBA: 6.15 | R²: 0.9467 ｜ R: 0.9796
2025-11-26 21:29:11,145 INFO The used dataset had no length, returning gathered tensors. You should drop the remainder yourself.
2025-11-26 21:29:11,185 INFO The used dataset had no length, returning gathered tensors. You should drop the remainder yourself.
2025-11-26 21:29:11,191 INFO Epoch 266/400 | LR: 9.96e-05 | Train Loss: 30.2843 (Main: 21.7521, Cons: 3.0419, Grad: 0.001800234984, RBA: 5.4886) | Val Loss: 73.2490 | MAE: 6.77 | Val_RBA: 8.79 | R²: 0.8742 ｜ R: 0.9570
2025-11-26 21:35:05,826 INFO The used dataset had no length, returning gathered tensors. You should drop the remainder yourself.
2025-11-26 21:35:05,867 INFO The used dataset had no length, returning gathered tensors. You should drop the remainder yourself.
2025-11-26 21:35:05,871 INFO Epoch 267/400 | LR: 1.00e-04 | Train Loss: 29.8455 (Main: 21.3829, Cons: 3.0634, Grad: 0.001747268930, RBA: 5.3974) | Val Loss: 30.0494 | MAE: 4.17 | Val_RBA: 6.74 | R²: 0.9485 ｜ R: 0.9827
2025-11-26 21:41:00,567 INFO The used dataset had no length, returning gathered tensors. You should drop the remainder yourself.
2025-11-26 21:41:00,607 INFO The used dataset had no length, returning gathered tensors. You should drop the remainder yourself.
2025-11-26 21:41:00,611 INFO Epoch 268/400 | LR: 9.98e-05 | Train Loss: 27.9240 (Main: 20.2398, Cons: 2.7274, Grad: 0.001681723271, RBA: 4.9552) | Val Loss: 31.0710 | MAE: 4.18 | Val_RBA: 6.70 | R²: 0.9469 ｜ R: 0.9824
2025-11-26 21:46:54,991 INFO The used dataset had no length, returning gathered tensors. You should drop the remainder yourself.
2025-11-26 21:46:55,032 INFO The used dataset had no length, returning gathered tensors. You should drop the remainder yourself.
2025-11-26 21:46:55,035 INFO Epoch 269/400 | LR: 9.92e-05 | Train Loss: 27.0992 (Main: 19.3665, Cons: 2.6427, Grad: 0.001669947884, RBA: 5.0883) | Val Loss: 32.3170 | MAE: 4.21 | Val_RBA: 6.56 | R²: 0.9444 ｜ R: 0.9781
2025-11-26 21:52:49,732 INFO The used dataset had no length, returning gathered tensors. You should drop the remainder yourself.
2025-11-26 21:52:49,772 INFO The used dataset had no length, returning gathered tensors. You should drop the remainder yourself.
2025-11-26 21:52:49,775 INFO Epoch 270/400 | LR: 3.33e-05 | Train Loss: 28.6792 (Main: 21.0793, Cons: 2.7405, Grad: 0.001667373077, RBA: 4.8578) | Val Loss: 22.1809 | MAE: 3.43 | Val_RBA: 6.10 | R²: 0.9616 ｜ R: 0.9833
2025-11-26 21:58:44,092 INFO The used dataset had no length, returning gathered tensors. You should drop the remainder yourself.
2025-11-26 21:58:44,131 INFO The used dataset had no length, returning gathered tensors. You should drop the remainder yourself.
2025-11-26 21:58:44,134 INFO Epoch 271/400 | LR: 2.26e-05 | Train Loss: 25.8755 (Main: 18.9505, Cons: 2.7149, Grad: 0.001618887416, RBA: 4.2085) | Val Loss: 23.6980 | MAE: 3.33 | Val_RBA: 5.51 | R²: 0.9597 ｜ R: 0.9830
2025-11-26 22:04:38,681 INFO The used dataset had no length, returning gathered tensors. You should drop the remainder yourself.
2025-11-26 22:04:38,721 INFO The used dataset had no length, returning gathered tensors. You should drop the remainder yourself.
2025-11-26 22:04:38,727 INFO Epoch 272/400 | LR: 7.02e-05 | Train Loss: 22.3461 (Main: 15.9661, Cons: 2.5993, Grad: 0.001579761909, RBA: 3.7792) | Val Loss: 44.7084 | MAE: 4.78 | Val_RBA: 7.07 | R²: 0.9247 ｜ R: 0.9752
2025-11-26 22:10:33,208 INFO The used dataset had no length, returning gathered tensors. You should drop the remainder yourself.
2025-11-26 22:10:33,248 INFO The used dataset had no length, returning gathered tensors. You should drop the remainder yourself.
2025-11-26 22:10:33,251 INFO Epoch 273/400 | LR: 9.95e-05 | Train Loss: 25.8511 (Main: 18.7493, Cons: 2.7907, Grad: 0.001578696085, RBA: 4.3095) | Val Loss: 31.7438 | MAE: 4.01 | Val_RBA: 6.36 | R²: 0.9462 ｜ R: 0.9793
2025-11-26 22:16:27,503 INFO The used dataset had no length, returning gathered tensors. You should drop the remainder yourself.
2025-11-26 22:16:27,542 INFO The used dataset had no length, returning gathered tensors. You should drop the remainder yourself.
2025-11-26 22:16:27,545 INFO Epoch 274/400 | LR: 6.39e-05 | Train Loss: 29.0563 (Main: 21.6667, Cons: 2.5493, Grad: 0.001627253286, RBA: 4.8387) | Val Loss: 215.6708 | MAE: 10.26 | Val_RBA: 11.62 | R²: 0.6275 ｜ R: 0.9580
2025-11-26 22:22:22,010 INFO The used dataset had no length, returning gathered tensors. You should drop the remainder yourself.
2025-11-26 22:22:22,050 INFO The used dataset had no length, returning gathered tensors. You should drop the remainder yourself.
2025-11-26 22:22:22,053 INFO Epoch 275/400 | LR: 1.00e-04 | Train Loss: 25.2935 (Main: 18.6125, Cons: 2.4858, Grad: 0.001517587569, RBA: 4.1936) | Val Loss: 30.1332 | MAE: 3.84 | Val_RBA: 6.44 | R²: 0.9488 ｜ R: 0.9796
2025-11-26 22:28:16,864 INFO The used dataset had no length, returning gathered tensors. You should drop the remainder yourself.
2025-11-26 22:28:16,904 INFO The used dataset had no length, returning gathered tensors. You should drop the remainder yourself.
2025-11-26 22:28:16,911 INFO Epoch 276/400 | LR: 9.98e-05 | Train Loss: 28.8600 (Main: 21.8110, Cons: 2.5366, Grad: 0.001488345098, RBA: 4.5109) | Val Loss: 30.9995 | MAE: 4.43 | Val_RBA: 7.29 | R²: 0.9461 ｜ R: 0.9828
2025-11-26 22:34:11,356 INFO The used dataset had no length, returning gathered tensors. You should drop the remainder yourself.
2025-11-26 22:34:11,399 INFO The used dataset had no length, returning gathered tensors. You should drop the remainder yourself.
2025-11-26 22:34:11,402 INFO Epoch 277/400 | LR: 5.08e-05 | Train Loss: 28.1737 (Main: 21.0751, Cons: 2.5765, Grad: 0.001498187682, RBA: 4.5206) | Val Loss: 49.8176 | MAE: 5.29 | Val_RBA: 7.08 | R²: 0.9120 ｜ R: 0.9700
2025-11-26 22:40:05,860 INFO The used dataset had no length, returning gathered tensors. You should drop the remainder yourself.
2025-11-26 22:40:05,900 INFO The used dataset had no length, returning gathered tensors. You should drop the remainder yourself.
2025-11-26 22:40:05,904 INFO Epoch 278/400 | LR: 1.75e-06 | Train Loss: 23.6731 (Main: 17.7774, Cons: 2.2769, Grad: 0.001418128086, RBA: 3.6174) | Val Loss: 28.3581 | MAE: 3.57 | Val_RBA: 6.07 | R²: 0.9520 ｜ R: 0.9831
2025-11-26 22:46:00,203 INFO The used dataset had no length, returning gathered tensors. You should drop the remainder yourself.
2025-11-26 22:46:00,243 INFO The used dataset had no length, returning gathered tensors. You should drop the remainder yourself.
2025-11-26 22:46:00,246 INFO Epoch 279/400 | LR: 1.51e-05 | Train Loss: 21.5091 (Main: 15.6977, Cons: 2.3499, Grad: 0.001445071238, RBA: 3.4601) | Val Loss: 59.8518 | MAE: 5.06 | Val_RBA: 7.92 | R²: 0.9001 ｜ R: 0.9748
2025-11-26 22:51:54,913 INFO The used dataset had no length, returning gathered tensors. You should drop the remainder yourself.
2025-11-26 22:51:54,953 INFO The used dataset had no length, returning gathered tensors. You should drop the remainder yourself.
2025-11-26 22:51:54,956 INFO Epoch 280/400 | LR: 1.63e-05 | Train Loss: 20.0686 (Main: 14.6374, Cons: 2.1002, Grad: 0.001472982923, RBA: 3.3296) | Val Loss: 59.4603 | MAE: 5.01 | Val_RBA: 7.71 | R²: 0.9008 ｜ R: 0.9752
2025-11-26 22:57:49,224 INFO The used dataset had no length, returning gathered tensors. You should drop the remainder yourself.
2025-11-26 22:57:49,263 INFO The used dataset had no length, returning gathered tensors. You should drop the remainder yourself.
2025-11-26 22:57:49,266 INFO Epoch 281/400 | LR: 4.79e-05 | Train Loss: 23.3891 (Main: 17.2708, Cons: 2.4399, Grad: 0.001522391926, RBA: 3.6769) | Val Loss: 20.2793 | MAE: 3.13 | Val_RBA: 5.28 | R²: 0.9651 ｜ R: 0.9842
2025-11-26 22:57:49,356 INFO Checkpoint saved at epoch 280
2025-11-26 23:03:44,217 INFO The used dataset had no length, returning gathered tensors. You should drop the remainder yourself.
2025-11-26 23:03:44,257 INFO The used dataset had no length, returning gathered tensors. You should drop the remainder yourself.
2025-11-26 23:03:44,260 INFO Epoch 282/400 | LR: 4.65e-06 | Train Loss: 21.0207 (Main: 15.2739, Cons: 2.3337, Grad: 0.001473710998, RBA: 3.4117) | Val Loss: 27.2626 | MAE: 3.61 | Val_RBA: 5.92 | R²: 0.9537 ｜ R: 0.9832
2025-11-26 23:09:38,673 INFO The used dataset had no length, returning gathered tensors. You should drop the remainder yourself.
2025-11-26 23:09:38,713 INFO The used dataset had no length, returning gathered tensors. You should drop the remainder yourself.
2025-11-26 23:09:38,716 INFO Epoch 283/400 | LR: 1.92e-05 | Train Loss: 21.4258 (Main: 15.9308, Cons: 2.2760, Grad: 0.001428606470, RBA: 3.2176) | Val Loss: 58.4914 | MAE: 5.12 | Val_RBA: 7.93 | R²: 0.9022 ｜ R: 0.9784
2025-11-26 23:15:33,451 INFO The used dataset had no length, returning gathered tensors. You should drop the remainder yourself.
2025-11-26 23:15:33,491 INFO The used dataset had no length, returning gathered tensors. You should drop the remainder yourself.
2025-11-26 23:15:33,497 INFO Epoch 284/400 | LR: 3.36e-05 | Train Loss: 20.4608 (Main: 15.1915, Cons: 2.1055, Grad: 0.001468811107, RBA: 3.1623) | Val Loss: 54.2632 | MAE: 5.07 | Val_RBA: 7.66 | R²: 0.9087 ｜ R: 0.9835
2025-11-26 23:21:27,788 INFO The used dataset had no length, returning gathered tensors. You should drop the remainder yourself.
2025-11-26 23:21:27,828 INFO The used dataset had no length, returning gathered tensors. You should drop the remainder yourself.
2025-11-26 23:21:27,832 INFO Epoch 285/400 | LR: 8.74e-05 | Train Loss: 23.0885 (Main: 17.2938, Cons: 2.3001, Grad: 0.001452670591, RBA: 3.4931) | Val Loss: 39.2576 | MAE: 4.22 | Val_RBA: 6.89 | R²: 0.9342 ｜ R: 0.9809
2025-11-26 23:27:22,524 INFO The used dataset had no length, returning gathered tensors. You should drop the remainder yourself.
2025-11-26 23:27:22,563 INFO The used dataset had no length, returning gathered tensors. You should drop the remainder yourself.
2025-11-26 23:27:22,567 INFO Epoch 286/400 | LR: 3.07e-05 | Train Loss: 25.4473 (Main: 19.1427, Cons: 2.2777, Grad: 0.001406223461, RBA: 4.0255) | Val Loss: 120.1163 | MAE: 7.50 | Val_RBA: 11.27 | R²: 0.7985 ｜ R: 0.9689
2025-11-26 23:33:17,169 INFO The used dataset had no length, returning gathered tensors. You should drop the remainder yourself.
2025-11-26 23:33:17,212 INFO The used dataset had no length, returning gathered tensors. You should drop the remainder yourself.
2025-11-26 23:33:17,215 INFO Epoch 287/400 | LR: 9.44e-05 | Train Loss: 21.3384 (Main: 15.7798, Cons: 2.1567, Grad: 0.001376754917, RBA: 3.4006) | Val Loss: 36.1132 | MAE: 4.48 | Val_RBA: 7.63 | R²: 0.9386 ｜ R: 0.9845
2025-11-26 23:39:11,974 INFO The used dataset had no length, returning gathered tensors. You should drop the remainder yourself.
2025-11-26 23:39:12,014 INFO The used dataset had no length, returning gathered tensors. You should drop the remainder yourself.
2025-11-26 23:39:12,018 INFO Epoch 288/400 | LR: 4.35e-05 | Train Loss: 29.1612 (Main: 22.4754, Cons: 2.1352, Grad: 0.001325635054, RBA: 4.5492) | Val Loss: 51.6787 | MAE: 5.14 | Val_RBA: 8.05 | R²: 0.9120 ｜ R: 0.9628
2025-11-26 23:45:06,721 INFO The used dataset had no length, returning gathered tensors. You should drop the remainder yourself.
2025-11-26 23:45:06,763 INFO The used dataset had no length, returning gathered tensors. You should drop the remainder yourself.
2025-11-26 23:45:06,765 INFO Epoch 289/400 | LR: 2.45e-05 | Train Loss: 22.2520 (Main: 16.8114, Cons: 2.1818, Grad: 0.001299906297, RBA: 3.2575) | Val Loss: 23.4165 | MAE: 3.21 | Val_RBA: 5.57 | R²: 0.9601 ｜ R: 0.9830
2025-11-26 23:51:01,483 INFO The used dataset had no length, returning gathered tensors. You should drop the remainder yourself.
2025-11-26 23:51:01,522 INFO The used dataset had no length, returning gathered tensors. You should drop the remainder yourself.
2025-11-26 23:51:01,525 INFO Epoch 290/400 | LR: 1.00e-06 | Train Loss: 18.6258 (Main: 13.5410, Cons: 2.0350, Grad: 0.001277640530, RBA: 3.0485) | Val Loss: 67.5777 | MAE: 5.25 | Val_RBA: 8.17 | R²: 0.8871 ｜ R: 0.9777
2025-11-26 23:56:56,033 INFO The used dataset had no length, returning gathered tensors. You should drop the remainder yourself.
2025-11-26 23:56:56,073 INFO The used dataset had no length, returning gathered tensors. You should drop the remainder yourself.
2025-11-26 23:56:56,076 INFO Epoch 291/400 | LR: 9.97e-05 | Train Loss: 19.5153 (Main: 14.4625, Cons: 2.0665, Grad: 0.001373022212, RBA: 2.9849) | Val Loss: 31.3608 | MAE: 3.91 | Val_RBA: 6.56 | R²: 0.9470 ｜ R: 0.9825
2025-11-27 00:02:50,687 INFO The used dataset had no length, returning gathered tensors. You should drop the remainder yourself.
2025-11-27 00:02:50,727 INFO The used dataset had no length, returning gathered tensors. You should drop the remainder yourself.
2025-11-27 00:02:50,731 INFO Epoch 292/400 | LR: 9.88e-05 | Train Loss: 25.3022 (Main: 19.4257, Cons: 2.0700, Grad: 0.001278411933, RBA: 3.8051) | Val Loss: 75.6075 | MAE: 6.74 | Val_RBA: 9.83 | R²: 0.8722 ｜ R: 0.9671
2025-11-27 00:08:45,669 INFO The used dataset had no length, returning gathered tensors. You should drop the remainder yourself.
2025-11-27 00:08:45,709 INFO The used dataset had no length, returning gathered tensors. You should drop the remainder yourself.
2025-11-27 00:08:45,713 INFO Epoch 293/400 | LR: 9.96e-05 | Train Loss: 28.4598 (Main: 22.4772, Cons: 2.0319, Grad: 0.001251106035, RBA: 3.9495) | Val Loss: 73.2063 | MAE: 5.93 | Val_RBA: 9.11 | R²: 0.8775 ｜ R: 0.9664
2025-11-27 00:14:40,333 INFO The used dataset had no length, returning gathered tensors. You should drop the remainder yourself.
2025-11-27 00:14:40,373 INFO The used dataset had no length, returning gathered tensors. You should drop the remainder yourself.
2025-11-27 00:14:40,380 INFO Epoch 294/400 | LR: 2.89e-05 | Train Loss: 25.0800 (Main: 19.2293, Cons: 2.0237, Grad: 0.001224727193, RBA: 3.8258) | Val Loss: 55.5626 | MAE: 5.59 | Val_RBA: 7.18 | R²: 0.9023 ｜ R: 0.9675
2025-11-27 00:20:34,739 INFO The used dataset had no length, returning gathered tensors. You should drop the remainder yourself.
2025-11-27 00:20:34,779 INFO The used dataset had no length, returning gathered tensors. You should drop the remainder yourself.
2025-11-27 00:20:34,782 INFO Epoch 295/400 | LR: 4.08e-05 | Train Loss: 21.3101 (Main: 16.1429, Cons: 1.9306, Grad: 0.001222577669, RBA: 3.2354) | Val Loss: 21.1824 | MAE: 3.15 | Val_RBA: 5.92 | R²: 0.9635 ｜ R: 0.9851
2025-11-27 00:26:29,712 INFO The used dataset had no length, returning gathered tensors. You should drop the remainder yourself.
2025-11-27 00:26:29,752 INFO The used dataset had no length, returning gathered tensors. You should drop the remainder yourself.
2025-11-27 00:26:29,758 INFO Epoch 296/400 | LR: 8.03e-06 | Train Loss: 21.5209 (Main: 16.4744, Cons: 2.0161, Grad: 0.001211799533, RBA: 3.0292) | Val Loss: 62.7265 | MAE: 5.59 | Val_RBA: 8.30 | R²: 0.8946 ｜ R: 0.9814
2025-11-27 00:32:24,105 INFO The used dataset had no length, returning gathered tensors. You should drop the remainder yourself.
2025-11-27 00:32:24,143 INFO The used dataset had no length, returning gathered tensors. You should drop the remainder yourself.
2025-11-27 00:32:24,146 INFO Epoch 297/400 | LR: 2.50e-06 | Train Loss: 18.9215 (Main: 14.2136, Cons: 1.9407, Grad: 0.001215605478, RBA: 2.7660) | Val Loss: 28.0165 | MAE: 3.69 | Val_RBA: 6.23 | R²: 0.9526 ｜ R: 0.9827
2025-11-27 00:38:18,830 INFO The used dataset had no length, returning gathered tensors. You should drop the remainder yourself.
2025-11-27 00:38:18,870 INFO The used dataset had no length, returning gathered tensors. You should drop the remainder yourself.
2025-11-27 00:38:18,873 INFO Epoch 298/400 | LR: 9.47e-05 | Train Loss: 18.3144 (Main: 13.5270, Cons: 1.9548, Grad: 0.001227731310, RBA: 2.8314) | Val Loss: 35.9298 | MAE: 4.29 | Val_RBA: 6.92 | R²: 0.9393 ｜ R: 0.9826
2025-11-27 00:44:13,573 INFO The used dataset had no length, returning gathered tensors. You should drop the remainder yourself.
2025-11-27 00:44:13,613 INFO The used dataset had no length, returning gathered tensors. You should drop the remainder yourself.
2025-11-27 00:44:13,616 INFO Epoch 299/400 | LR: 8.33e-05 | Train Loss: 25.0898 (Main: 19.7345, Cons: 1.8700, Grad: 0.001165544020, RBA: 3.4841) | Val Loss: 91.4486 | MAE: 6.41 | Val_RBA: 9.55 | R²: 0.8456 ｜ R: 0.9809
2025-11-27 00:50:07,987 INFO The used dataset had no length, returning gathered tensors. You should drop the remainder yourself.
2025-11-27 00:50:08,027 INFO The used dataset had no length, returning gathered tensors. You should drop the remainder yourself.
2025-11-27 00:50:08,030 INFO Epoch 300/400 | LR: 1.07e-05 | Train Loss: 22.2295 (Main: 17.2274, Cons: 1.8183, Grad: 0.001212400792, RBA: 3.1826) | Val Loss: 25.7779 | MAE: 3.66 | Val_RBA: 6.24 | R²: 0.9559 ｜ R: 0.9838
2025-11-27 00:56:02,936 INFO The used dataset had no length, returning gathered tensors. You should drop the remainder yourself.
2025-11-27 00:56:02,977 INFO The used dataset had no length, returning gathered tensors. You should drop the remainder yourself.
2025-11-27 00:56:02,980 INFO Epoch 301/400 | LR: 9.94e-05 | Train Loss: 20.5753 (Main: 15.8618, Cons: 1.7958, Grad: 0.001179731056, RBA: 2.9166) | Val Loss: 31.9187 | MAE: 4.21 | Val_RBA: 7.26 | R²: 0.9456 ｜ R: 0.9822
2025-11-27 01:01:57,626 INFO The used dataset had no length, returning gathered tensors. You should drop the remainder yourself.
2025-11-27 01:01:57,665 INFO The used dataset had no length, returning gathered tensors. You should drop the remainder yourself.
2025-11-27 01:01:57,671 INFO Epoch 302/400 | LR: 2.71e-06 | Train Loss: 25.3976 (Main: 20.0456, Cons: 1.9160, Grad: 0.001163104313, RBA: 3.4348) | Val Loss: 27.9334 | MAE: 3.69 | Val_RBA: 6.57 | R²: 0.9516 ｜ R: 0.9779
2025-11-27 01:07:52,281 INFO The used dataset had no length, returning gathered tensors. You should drop the remainder yourself.
2025-11-27 01:07:52,321 INFO The used dataset had no length, returning gathered tensors. You should drop the remainder yourself.
2025-11-27 01:07:52,324 INFO Epoch 303/400 | LR: 6.63e-05 | Train Loss: 20.7307 (Main: 16.0334, Cons: 1.8629, Grad: 0.001100569824, RBA: 2.8332) | Val Loss: 45.7900 | MAE: 4.45 | Val_RBA: 7.48 | R²: 0.9234 ｜ R: 0.9780
2025-11-27 01:13:46,790 INFO The used dataset had no length, returning gathered tensors. You should drop the remainder yourself.
2025-11-27 01:13:46,830 INFO The used dataset had no length, returning gathered tensors. You should drop the remainder yourself.
2025-11-27 01:13:46,836 INFO Epoch 304/400 | LR: 1.00e-04 | Train Loss: 24.9218 (Main: 19.8678, Cons: 1.7970, Grad: 0.001103729366, RBA: 3.2560) | Val Loss: 70.3988 | MAE: 6.65 | Val_RBA: 9.29 | R²: 0.8804 ｜ R: 0.9717
2025-11-27 01:19:41,633 INFO The used dataset had no length, returning gathered tensors. You should drop the remainder yourself.
2025-11-27 01:19:41,673 INFO The used dataset had no length, returning gathered tensors. You should drop the remainder yourself.
2025-11-27 01:19:41,680 INFO Epoch 305/400 | LR: 8.55e-05 | Train Loss: 24.0183 (Main: 18.9165, Cons: 1.8141, Grad: 0.001069490840, RBA: 3.2867) | Val Loss: 89.9076 | MAE: 6.51 | Val_RBA: 9.60 | R²: 0.8486 ｜ R: 0.9792
2025-11-27 01:25:36,486 INFO The used dataset had no length, returning gathered tensors. You should drop the remainder yourself.
2025-11-27 01:25:36,526 INFO The used dataset had no length, returning gathered tensors. You should drop the remainder yourself.
2025-11-27 01:25:36,529 INFO Epoch 306/400 | LR: 5.46e-05 | Train Loss: 22.4788 (Main: 17.8530, Cons: 1.5903, Grad: 0.001078057571, RBA: 3.0344) | Val Loss: 48.8449 | MAE: 5.19 | Val_RBA: 8.62 | R²: 0.9170 ｜ R: 0.9705
2025-11-27 01:31:31,363 INFO The used dataset had no length, returning gathered tensors. You should drop the remainder yourself.
2025-11-27 01:31:31,405 INFO The used dataset had no length, returning gathered tensors. You should drop the remainder yourself.
2025-11-27 01:31:31,412 INFO Epoch 307/400 | LR: 3.72e-05 | Train Loss: 21.0094 (Main: 16.2880, Cons: 1.7851, Grad: 0.001017779274, RBA: 2.9352) | Val Loss: 21.6590 | MAE: 3.23 | Val_RBA: 5.53 | R²: 0.9622 ｜ R: 0.9826
2025-11-27 01:37:26,073 INFO The used dataset had no length, returning gathered tensors. You should drop the remainder yourself.
2025-11-27 01:37:26,113 INFO The used dataset had no length, returning gathered tensors. You should drop the remainder yourself.
2025-11-27 01:37:26,116 INFO Epoch 308/400 | LR: 1.47e-05 | Train Loss: 19.4041 (Main: 15.0689, Cons: 1.7215, Grad: 0.001064505209, RBA: 2.6126) | Val Loss: 24.9986 | MAE: 3.58 | Val_RBA: 6.08 | R²: 0.9574 ｜ R: 0.9842
2025-11-27 01:43:20,990 INFO The used dataset had no length, returning gathered tensors. You should drop the remainder yourself.
2025-11-27 01:43:21,029 INFO The used dataset had no length, returning gathered tensors. You should drop the remainder yourself.
2025-11-27 01:43:21,032 INFO Epoch 309/400 | LR: 5.60e-06 | Train Loss: 19.5485 (Main: 15.2851, Cons: 1.7031, Grad: 0.001092037465, RBA: 2.5593) | Val Loss: 26.9843 | MAE: 3.77 | Val_RBA: 6.46 | R²: 0.9540 ｜ R: 0.9829
2025-11-27 01:49:15,902 INFO The used dataset had no length, returning gathered tensors. You should drop the remainder yourself.
2025-11-27 01:49:15,942 INFO The used dataset had no length, returning gathered tensors. You should drop the remainder yourself.
2025-11-27 01:49:15,949 INFO Epoch 310/400 | LR: 9.35e-05 | Train Loss: 16.6170 (Main: 12.7005, Cons: 1.5719, Grad: 0.001047230438, RBA: 2.3436) | Val Loss: 36.5495 | MAE: 4.05 | Val_RBA: 6.70 | R²: 0.9386 ｜ R: 0.9828
2025-11-27 01:55:10,465 INFO The used dataset had no length, returning gathered tensors. You should drop the remainder yourself.
2025-11-27 01:55:10,505 INFO The used dataset had no length, returning gathered tensors. You should drop the remainder yourself.
2025-11-27 01:55:10,512 INFO Epoch 311/400 | LR: 1.35e-06 | Train Loss: 24.5858 (Main: 19.8142, Cons: 1.6742, Grad: 0.001062735828, RBA: 3.0964) | Val Loss: 67.1429 | MAE: 5.38 | Val_RBA: 9.21 | R²: 0.8878 ｜ R: 0.9771
2025-11-27 02:01:05,623 INFO The used dataset had no length, returning gathered tensors. You should drop the remainder yourself.
2025-11-27 02:01:05,663 INFO The used dataset had no length, returning gathered tensors. You should drop the remainder yourself.
2025-11-27 02:01:05,668 INFO Epoch 312/400 | LR: 9.16e-05 | Train Loss: 20.3481 (Main: 16.0208, Cons: 1.6806, Grad: 0.001023637055, RBA: 2.6457) | Val Loss: 37.4834 | MAE: 4.23 | Val_RBA: 7.31 | R²: 0.9370 ｜ R: 0.9802
2025-11-27 02:07:00,166 INFO The used dataset had no length, returning gathered tensors. You should drop the remainder yourself.
2025-11-27 02:07:00,205 INFO The used dataset had no length, returning gathered tensors. You should drop the remainder yourself.
2025-11-27 02:07:00,208 INFO Epoch 313/400 | LR: 1.00e-04 | Train Loss: 26.8049 (Main: 21.8725, Cons: 1.7239, Grad: 0.001004860266, RBA: 3.2075) | Val Loss: 151.4341 | MAE: 10.51 | Val_RBA: 11.10 | R²: 0.7308 ｜ R: 0.9461
2025-11-27 02:12:54,418 INFO The used dataset had no length, returning gathered tensors. You should drop the remainder yourself.
2025-11-27 02:12:54,457 INFO The used dataset had no length, returning gathered tensors. You should drop the remainder yourself.
2025-11-27 02:12:54,460 INFO Epoch 314/400 | LR: 6.42e-06 | Train Loss: 23.6059 (Main: 18.9888, Cons: 1.6481, Grad: 0.000974956398, RBA: 2.9680) | Val Loss: 137.0459 | MAE: 9.83 | Val_RBA: 12.62 | R²: 0.7640 ｜ R: 0.9209
2025-11-27 02:18:49,174 INFO The used dataset had no length, returning gathered tensors. You should drop the remainder yourself.
2025-11-27 02:18:49,215 INFO The used dataset had no length, returning gathered tensors. You should drop the remainder yourself.
2025-11-27 02:18:49,218 INFO Epoch 315/400 | LR: 4.69e-05 | Train Loss: 18.3368 (Main: 14.3915, Cons: 1.4691, Grad: 0.000942822178, RBA: 2.4753) | Val Loss: 20.4032 | MAE: 3.20 | Val_RBA: 5.77 | R²: 0.9648 ｜ R: 0.9841
2025-11-27 02:24:43,937 INFO The used dataset had no length, returning gathered tensors. You should drop the remainder yourself.
2025-11-27 02:24:43,977 INFO The used dataset had no length, returning gathered tensors. You should drop the remainder yourself.
2025-11-27 02:24:43,980 INFO Epoch 316/400 | LR: 5.75e-05 | Train Loss: 18.4554 (Main: 14.3833, Cons: 1.5829, Grad: 0.000973395110, RBA: 2.4883) | Val Loss: 106.2120 | MAE: 7.74 | Val_RBA: 10.89 | R²: 0.8207 ｜ R: 0.9479
2025-11-27 02:30:38,889 INFO The used dataset had no length, returning gathered tensors. You should drop the remainder yourself.
2025-11-27 02:30:38,929 INFO The used dataset had no length, returning gathered tensors. You should drop the remainder yourself.
2025-11-27 02:30:38,932 INFO Epoch 317/400 | LR: 8.72e-05 | Train Loss: 19.8497 (Main: 15.7038, Cons: 1.5896, Grad: 0.000981897121, RBA: 2.5553) | Val Loss: 39.3159 | MAE: 4.60 | Val_RBA: 7.68 | R²: 0.9327 ｜ R: 0.9731
2025-11-27 02:36:33,724 INFO The used dataset had no length, returning gathered tensors. You should drop the remainder yourself.
2025-11-27 02:36:33,764 INFO The used dataset had no length, returning gathered tensors. You should drop the remainder yourself.
2025-11-27 02:36:33,768 INFO Epoch 318/400 | LR: 5.05e-05 | Train Loss: 22.1683 (Main: 18.0631, Cons: 1.4992, Grad: 0.000935186397, RBA: 2.6050) | Val Loss: 19.9468 | MAE: 3.09 | Val_RBA: 6.09 | R²: 0.9654 ｜ R: 0.9834
2025-11-27 02:36:33,857 INFO Checkpoint saved at epoch 317
2025-11-27 02:42:28,785 INFO The used dataset had no length, returning gathered tensors. You should drop the remainder yourself.
2025-11-27 02:42:28,826 INFO The used dataset had no length, returning gathered tensors. You should drop the remainder yourself.
2025-11-27 02:42:28,832 INFO Epoch 319/400 | LR: 1.84e-05 | Train Loss: 19.0032 (Main: 15.0917, Cons: 1.5187, Grad: 0.000901955001, RBA: 2.3918) | Val Loss: 24.3625 | MAE: 3.35 | Val_RBA: 6.19 | R²: 0.9582 ｜ R: 0.9846
2025-11-27 02:48:23,481 INFO The used dataset had no length, returning gathered tensors. You should drop the remainder yourself.
2025-11-27 02:48:23,521 INFO The used dataset had no length, returning gathered tensors. You should drop the remainder yourself.
2025-11-27 02:48:23,527 INFO Epoch 320/400 | LR: 4.75e-06 | Train Loss: 17.7167 (Main: 13.8520, Cons: 1.5222, Grad: 0.000935742761, RBA: 2.3415) | Val Loss: 27.2301 | MAE: 3.84 | Val_RBA: 6.34 | R²: 0.9532 ｜ R: 0.9813
2025-11-27 02:54:18,162 INFO The used dataset had no length, returning gathered tensors. You should drop the remainder yourself.
2025-11-27 02:54:18,204 INFO The used dataset had no length, returning gathered tensors. You should drop the remainder yourself.
2025-11-27 02:54:18,207 INFO Epoch 321/400 | LR: 8.16e-06 | Train Loss: 17.3489 (Main: 13.6021, Cons: 1.5230, Grad: 0.000971993563, RBA: 2.2229) | Val Loss: 26.3330 | MAE: 3.57 | Val_RBA: 6.32 | R²: 0.9553 ｜ R: 0.9844
2025-11-27 03:00:13,080 INFO The used dataset had no length, returning gathered tensors. You should drop the remainder yourself.
2025-11-27 03:00:13,120 INFO The used dataset had no length, returning gathered tensors. You should drop the remainder yourself.
2025-11-27 03:00:13,123 INFO Epoch 322/400 | LR: 6.81e-06 | Train Loss: 17.6783 (Main: 14.0262, Cons: 1.4887, Grad: 0.000926620785, RBA: 2.1625) | Val Loss: 26.6619 | MAE: 3.49 | Val_RBA: 6.31 | R²: 0.9549 ｜ R: 0.9844
2025-11-27 03:06:07,649 INFO The used dataset had no length, returning gathered tensors. You should drop the remainder yourself.
2025-11-27 03:06:07,689 INFO The used dataset had no length, returning gathered tensors. You should drop the remainder yourself.
2025-11-27 03:06:07,692 INFO Epoch 323/400 | LR: 1.16e-05 | Train Loss: 15.6775 (Main: 12.0849, Cons: 1.4692, Grad: 0.000912453822, RBA: 2.1225) | Val Loss: 25.5859 | MAE: 3.55 | Val_RBA: 6.28 | R²: 0.9565 ｜ R: 0.9845
2025-11-27 03:12:02,231 INFO The used dataset had no length, returning gathered tensors. You should drop the remainder yourself.
2025-11-27 03:12:02,271 INFO The used dataset had no length, returning gathered tensors. You should drop the remainder yourself.
2025-11-27 03:12:02,277 INFO Epoch 324/400 | LR: 9.10e-05 | Train Loss: 17.8803 (Main: 14.2966, Cons: 1.4931, Grad: 0.000917471195, RBA: 2.0897) | Val Loss: 37.7685 | MAE: 4.05 | Val_RBA: 6.96 | R²: 0.9367 ｜ R: 0.9773
2025-11-27 03:17:57,059 INFO The used dataset had no length, returning gathered tensors. You should drop the remainder yourself.
2025-11-27 03:17:57,099 INFO The used dataset had no length, returning gathered tensors. You should drop the remainder yourself.
2025-11-27 03:17:57,102 INFO Epoch 325/400 | LR: 1.80e-05 | Train Loss: 22.5408 (Main: 18.3829, Cons: 1.4770, Grad: 0.000863809602, RBA: 2.6800) | Val Loss: 24.4400 | MAE: 3.42 | Val_RBA: 5.84 | R²: 0.9574 ｜ R: 0.9804
2025-11-27 03:23:51,923 INFO The used dataset had no length, returning gathered tensors. You should drop the remainder yourself.
2025-11-27 03:23:51,958 INFO The used dataset had no length, returning gathered tensors. You should drop the remainder yourself.
2025-11-27 03:23:51,965 INFO Epoch 326/400 | LR: 9.98e-05 | Train Loss: 19.7521 (Main: 15.9881, Cons: 1.4138, Grad: 0.000911448604, RBA: 2.3492) | Val Loss: 31.2446 | MAE: 4.04 | Val_RBA: 7.08 | R²: 0.9469 ｜ R: 0.9812
2025-11-27 03:29:46,505 INFO The used dataset had no length, returning gathered tensors. You should drop the remainder yourself.
2025-11-27 03:29:46,544 INFO The used dataset had no length, returning gathered tensors. You should drop the remainder yourself.
2025-11-27 03:29:46,548 INFO Epoch 327/400 | LR: 8.05e-05 | Train Loss: 25.2456 (Main: 21.1603, Cons: 1.4369, Grad: 0.000865626838, RBA: 2.6475) | Val Loss: 41.6422 | MAE: 5.16 | Val_RBA: 7.92 | R²: 0.9266 ｜ R: 0.9776
2025-11-27 03:35:41,209 INFO The used dataset had no length, returning gathered tensors. You should drop the remainder yourself.
2025-11-27 03:35:41,245 INFO The used dataset had no length, returning gathered tensors. You should drop the remainder yourself.
2025-11-27 03:35:41,251 INFO Epoch 328/400 | LR: 2.35e-05 | Train Loss: 22.0850 (Main: 18.2288, Cons: 1.3621, Grad: 0.000879840351, RBA: 2.4932) | Val Loss: 57.1247 | MAE: 6.02 | Val_RBA: 6.67 | R²: 0.8991 ｜ R: 0.9692
2025-11-27 03:41:35,785 INFO The used dataset had no length, returning gathered tensors. You should drop the remainder yourself.
2025-11-27 03:41:35,824 INFO The used dataset had no length, returning gathered tensors. You should drop the remainder yourself.
2025-11-27 03:41:35,827 INFO Epoch 329/400 | LR: 9.42e-05 | Train Loss: 19.8235 (Main: 16.0234, Cons: 1.4610, Grad: 0.000875141655, RBA: 2.3382) | Val Loss: 36.1772 | MAE: 4.12 | Val_RBA: 7.40 | R²: 0.9392 ｜ R: 0.9809
2025-11-27 03:47:30,290 INFO The used dataset had no length, returning gathered tensors. You should drop the remainder yourself.
2025-11-27 03:47:30,330 INFO The used dataset had no length, returning gathered tensors. You should drop the remainder yourself.
2025-11-27 03:47:30,334 INFO Epoch 330/400 | LR: 2.24e-05 | Train Loss: 21.3716 (Main: 17.6497, Cons: 1.3410, Grad: 0.000833946384, RBA: 2.3801) | Val Loss: 124.9637 | MAE: 9.45 | Val_RBA: 9.68 | R²: 0.7775 ｜ R: 0.9485
2025-11-27 03:53:25,535 INFO The used dataset had no length, returning gathered tensors. You should drop the remainder yourself.
2025-11-27 03:53:25,574 INFO The used dataset had no length, returning gathered tensors. You should drop the remainder yourself.
2025-11-27 03:53:25,577 INFO Epoch 331/400 | LR: 3.85e-05 | Train Loss: 18.9186 (Main: 15.2525, Cons: 1.3723, Grad: 0.000852202509, RBA: 2.2929) | Val Loss: 21.4861 | MAE: 3.25 | Val_RBA: 6.11 | R²: 0.9631 ｜ R: 0.9842
2025-11-27 03:59:24,478 INFO The used dataset had no length, returning gathered tensors. You should drop the remainder yourself.
2025-11-27 03:59:24,515 INFO The used dataset had no length, returning gathered tensors. You should drop the remainder yourself.
2025-11-27 03:59:24,519 INFO Epoch 332/400 | LR: 2.68e-06 | Train Loss: 19.3791 (Main: 15.9689, Cons: 1.3418, Grad: 0.000835902782, RBA: 2.0676) | Val Loss: 27.9454 | MAE: 3.94 | Val_RBA: 6.95 | R²: 0.9521 ｜ R: 0.9838
2025-11-27 04:05:19,265 INFO The used dataset had no length, returning gathered tensors. You should drop the remainder yourself.
2025-11-27 04:05:19,306 INFO The used dataset had no length, returning gathered tensors. You should drop the remainder yourself.
2025-11-27 04:05:19,309 INFO Epoch 333/400 | LR: 1.59e-07 | Train Loss: 17.4070 (Main: 14.0161, Cons: 1.3546, Grad: 0.000811374536, RBA: 2.0355) | Val Loss: 29.6893 | MAE: 3.87 | Val_RBA: 7.00 | R²: 0.9497 ｜ R: 0.9824
2025-11-27 04:11:14,098 INFO The used dataset had no length, returning gathered tensors. You should drop the remainder yourself.
2025-11-27 04:11:14,138 INFO The used dataset had no length, returning gathered tensors. You should drop the remainder yourself.
2025-11-27 04:11:14,144 INFO Epoch 334/400 | LR: 2.99e-05 | Train Loss: 15.3892 (Main: 12.1055, Cons: 1.2943, Grad: 0.000829331324, RBA: 1.9885) | Val Loss: 22.6467 | MAE: 3.26 | Val_RBA: 6.24 | R²: 0.9614 ｜ R: 0.9844
2025-11-27 04:17:08,398 INFO The used dataset had no length, returning gathered tensors. You should drop the remainder yourself.
2025-11-27 04:17:08,437 INFO The used dataset had no length, returning gathered tensors. You should drop the remainder yourself.
2025-11-27 04:17:08,440 INFO Epoch 335/400 | LR: 9.79e-05 | Train Loss: 16.8477 (Main: 13.6910, Cons: 1.1983, Grad: 0.000832126400, RBA: 1.9575) | Val Loss: 33.6795 | MAE: 4.42 | Val_RBA: 6.71 | R²: 0.9413 ｜ R: 0.9777
2025-11-27 04:23:03,501 INFO The used dataset had no length, returning gathered tensors. You should drop the remainder yourself.
2025-11-27 04:23:03,541 INFO The used dataset had no length, returning gathered tensors. You should drop the remainder yourself.
2025-11-27 04:23:03,544 INFO Epoch 336/400 | LR: 4.94e-05 | Train Loss: 22.2843 (Main: 18.4933, Cons: 1.3142, Grad: 0.000835328134, RBA: 2.4760) | Val Loss: 230.6479 | MAE: 12.65 | Val_RBA: 12.01 | R²: 0.5877 ｜ R: 0.9132
2025-11-27 04:28:58,305 INFO The used dataset had no length, returning gathered tensors. You should drop the remainder yourself.
2025-11-27 04:28:58,345 INFO The used dataset had no length, returning gathered tensors. You should drop the remainder yourself.
2025-11-27 04:28:58,351 INFO Epoch 337/400 | LR: 1.00e-07 | Train Loss: 19.5091 (Main: 16.0434, Cons: 1.2924, Grad: 0.000807928949, RBA: 2.1725) | Val Loss: 29.9785 | MAE: 4.08 | Val_RBA: 6.83 | R²: 0.9487 ｜ R: 0.9819
2025-11-27 04:34:52,825 INFO The used dataset had no length, returning gathered tensors. You should drop the remainder yourself.
2025-11-27 04:34:52,865 INFO The used dataset had no length, returning gathered tensors. You should drop the remainder yourself.
2025-11-27 04:34:52,868 INFO Epoch 338/400 | LR: 1.83e-05 | Train Loss: 18.1389 (Main: 14.6334, Cons: 1.3491, Grad: 0.000764046275, RBA: 2.1557) | Val Loss: 24.3929 | MAE: 3.38 | Val_RBA: 6.08 | R²: 0.9584 ｜ R: 0.9833
2025-11-27 04:40:47,401 INFO The used dataset had no length, returning gathered tensors. You should drop the remainder yourself.
2025-11-27 04:40:47,439 INFO The used dataset had no length, returning gathered tensors. You should drop the remainder yourself.
2025-11-27 04:40:47,442 INFO Epoch 339/400 | LR: 9.22e-05 | Train Loss: 16.4710 (Main: 13.1393, Cons: 1.2971, Grad: 0.000809634256, RBA: 2.0338) | Val Loss: 37.1938 | MAE: 4.35 | Val_RBA: 7.73 | R²: 0.9373 ｜ R: 0.9817
2025-11-27 04:46:42,006 INFO The used dataset had no length, returning gathered tensors. You should drop the remainder yourself.
2025-11-27 04:46:42,046 INFO The used dataset had no length, returning gathered tensors. You should drop the remainder yourself.
2025-11-27 04:46:42,049 INFO Epoch 340/400 | LR: 2.44e-05 | Train Loss: 21.9016 (Main: 18.3848, Cons: 1.2828, Grad: 0.000785187625, RBA: 2.2332) | Val Loss: 23.4305 | MAE: 3.28 | Val_RBA: 7.03 | R²: 0.9596 ｜ R: 0.9827
2025-11-27 04:52:36,333 INFO The used dataset had no length, returning gathered tensors. You should drop the remainder yourself.
2025-11-27 04:52:36,372 INFO The used dataset had no length, returning gathered tensors. You should drop the remainder yourself.
2025-11-27 04:52:36,378 INFO Epoch 341/400 | LR: 9.94e-05 | Train Loss: 17.4007 (Main: 14.0554, Cons: 1.2705, Grad: 0.000772601030, RBA: 2.0741) | Val Loss: 32.0469 | MAE: 4.28 | Val_RBA: 7.32 | R²: 0.9453 ｜ R: 0.9832
2025-11-27 04:58:31,345 INFO The used dataset had no length, returning gathered tensors. You should drop the remainder yourself.
2025-11-27 04:58:31,385 INFO The used dataset had no length, returning gathered tensors. You should drop the remainder yourself.
2025-11-27 04:58:31,389 INFO Epoch 342/400 | LR: 2.99e-05 | Train Loss: 22.1500 (Main: 18.6084, Cons: 1.2397, Grad: 0.000764795208, RBA: 2.3012) | Val Loss: 22.6448 | MAE: 3.25 | Val_RBA: 5.64 | R²: 0.9610 ｜ R: 0.9811
2025-11-27 05:04:26,208 INFO The used dataset had no length, returning gathered tensors. You should drop the remainder yourself.
2025-11-27 05:04:26,248 INFO The used dataset had no length, returning gathered tensors. You should drop the remainder yourself.
2025-11-27 05:04:26,251 INFO Epoch 343/400 | LR: 1.72e-05 | Train Loss: 17.2013 (Main: 13.9462, Cons: 1.2544, Grad: 0.000742308662, RBA: 1.9999) | Val Loss: 24.5714 | MAE: 3.31 | Val_RBA: 6.41 | R²: 0.9583 ｜ R: 0.9835
2025-11-27 05:10:21,162 INFO The used dataset had no length, returning gathered tensors. You should drop the remainder yourself.
2025-11-27 05:10:21,202 INFO The used dataset had no length, returning gathered tensors. You should drop the remainder yourself.
2025-11-27 05:10:21,205 INFO Epoch 344/400 | LR: 3.80e-06 | Train Loss: 15.8617 (Main: 12.8744, Cons: 1.1490, Grad: 0.000721691341, RBA: 1.8377) | Val Loss: 27.5338 | MAE: 3.57 | Val_RBA: 6.77 | R²: 0.9534 ｜ R: 0.9835
2025-11-27 05:16:15,484 INFO The used dataset had no length, returning gathered tensors. You should drop the remainder yourself.
2025-11-27 05:16:15,524 INFO The used dataset had no length, returning gathered tensors. You should drop the remainder yourself.
2025-11-27 05:16:15,527 INFO Epoch 345/400 | LR: 5.57e-05 | Train Loss: 15.5553 (Main: 12.7201, Cons: 1.0917, Grad: 0.000766409231, RBA: 1.7427) | Val Loss: 48.5450 | MAE: 4.59 | Val_RBA: 8.22 | R²: 0.9188 ｜ R: 0.9798
2025-11-27 05:22:10,293 INFO The used dataset had no length, returning gathered tensors. You should drop the remainder yourself.
2025-11-27 05:22:10,334 INFO The used dataset had no length, returning gathered tensors. You should drop the remainder yourself.
2025-11-27 05:22:10,337 INFO Epoch 346/400 | LR: 3.47e-05 | Train Loss: 18.1215 (Main: 15.0205, Cons: 1.1712, Grad: 0.000769729892, RBA: 1.9291) | Val Loss: 21.9875 | MAE: 3.25 | Val_RBA: 6.36 | R²: 0.9622 ｜ R: 0.9840
2025-11-27 05:28:04,710 INFO The used dataset had no length, returning gathered tensors. You should drop the remainder yourself.
2025-11-27 05:28:04,750 INFO The used dataset had no length, returning gathered tensors. You should drop the remainder yourself.
2025-11-27 05:28:04,753 INFO Epoch 347/400 | LR: 9.31e-05 | Train Loss: 16.6229 (Main: 13.5571, Cons: 1.1853, Grad: 0.000773983146, RBA: 1.8798) | Val Loss: 36.7680 | MAE: 4.32 | Val_RBA: 7.33 | R²: 0.9378 ｜ R: 0.9775
2025-11-27 05:33:59,567 INFO The used dataset had no length, returning gathered tensors. You should drop the remainder yourself.
2025-11-27 05:33:59,607 INFO The used dataset had no length, returning gathered tensors. You should drop the remainder yourself.
2025-11-27 05:33:59,612 INFO Epoch 348/400 | LR: 1.72e-07 | Train Loss: 21.5437 (Main: 18.3004, Cons: 1.1711, Grad: 0.000750055713, RBA: 2.0714) | Val Loss: 69.3158 | MAE: 5.71 | Val_RBA: 9.88 | R²: 0.8837 ｜ R: 0.9670
2025-11-27 05:39:54,419 INFO The used dataset had no length, returning gathered tensors. You should drop the remainder yourself.
2025-11-27 05:39:54,460 INFO The used dataset had no length, returning gathered tensors. You should drop the remainder yourself.
2025-11-27 05:39:54,463 INFO Epoch 349/400 | LR: 2.02e-05 | Train Loss: 18.2552 (Main: 15.2296, Cons: 1.1042, Grad: 0.000717696541, RBA: 1.9207) | Val Loss: 24.0811 | MAE: 3.24 | Val_RBA: 6.31 | R²: 0.9591 ｜ R: 0.9822
2025-11-27 05:45:48,776 INFO The used dataset had no length, returning gathered tensors. You should drop the remainder yourself.
2025-11-27 05:45:48,815 INFO The used dataset had no length, returning gathered tensors. You should drop the remainder yourself.
2025-11-27 05:45:48,818 INFO Epoch 350/400 | LR: 5.80e-05 | Train Loss: 18.2314 (Main: 15.0013, Cons: 1.2208, Grad: 0.000766321905, RBA: 2.0085) | Val Loss: 18.9873 | MAE: 2.98 | Val_RBA: 5.64 | R²: 0.9672 ｜ R: 0.9848
2025-11-27 05:45:48,906 INFO Checkpoint saved at epoch 349
2025-11-27 05:51:43,461 INFO The used dataset had no length, returning gathered tensors. You should drop the remainder yourself.
2025-11-27 05:51:43,501 INFO The used dataset had no length, returning gathered tensors. You should drop the remainder yourself.
2025-11-27 05:51:43,505 INFO Epoch 351/400 | LR: 1.85e-05 | Train Loss: 18.5810 (Main: 15.5469, Cons: 1.1415, Grad: 0.000718923113, RBA: 1.8919) | Val Loss: 58.7119 | MAE: 6.01 | Val_RBA: 8.38 | R²: 0.8991 ｜ R: 0.9641
2025-11-27 05:57:37,851 INFO The used dataset had no length, returning gathered tensors. You should drop the remainder yourself.
2025-11-27 05:57:37,890 INFO The used dataset had no length, returning gathered tensors. You should drop the remainder yourself.
2025-11-27 05:57:37,893 INFO Epoch 352/400 | LR: 9.00e-07 | Train Loss: 16.5791 (Main: 13.6823, Cons: 1.1035, Grad: 0.000738775461, RBA: 1.7926) | Val Loss: 28.8590 | MAE: 3.65 | Val_RBA: 6.73 | R²: 0.9512 ｜ R: 0.9841
2025-11-27 06:03:32,669 INFO The used dataset had no length, returning gathered tensors. You should drop the remainder yourself.
2025-11-27 06:03:32,709 INFO The used dataset had no length, returning gathered tensors. You should drop the remainder yourself.
2025-11-27 06:03:32,712 INFO Epoch 353/400 | LR: 9.79e-05 | Train Loss: 15.9760 (Main: 13.1387, Cons: 1.1213, Grad: 0.000705788447, RBA: 1.7153) | Val Loss: 33.6945 | MAE: 3.94 | Val_RBA: 7.06 | R²: 0.9433 ｜ R: 0.9823
2025-11-27 06:09:27,396 INFO The used dataset had no length, returning gathered tensors. You should drop the remainder yourself.
2025-11-27 06:09:27,435 INFO The used dataset had no length, returning gathered tensors. You should drop the remainder yourself.
2025-11-27 06:09:27,441 INFO Epoch 354/400 | LR: 2.03e-05 | Train Loss: 20.3932 (Main: 17.3014, Cons: 1.0874, Grad: 0.000691880072, RBA: 2.0038) | Val Loss: 58.1275 | MAE: 5.22 | Val_RBA: 9.18 | R²: 0.9024 ｜ R: 0.9797
2025-11-27 06:15:22,017 INFO The used dataset had no length, returning gathered tensors. You should drop the remainder yourself.
2025-11-27 06:15:22,057 INFO The used dataset had no length, returning gathered tensors. You should drop the remainder yourself.
2025-11-27 06:15:22,063 INFO Epoch 355/400 | LR: 9.36e-05 | Train Loss: 16.4777 (Main: 13.5475, Cons: 1.1550, Grad: 0.000690452721, RBA: 1.7745) | Val Loss: 83.0625 | MAE: 5.93 | Val_RBA: 9.76 | R²: 0.8611 ｜ R: 0.9760
2025-11-27 06:21:16,279 INFO The used dataset had no length, returning gathered tensors. You should drop the remainder yourself.
2025-11-27 06:21:16,319 INFO The used dataset had no length, returning gathered tensors. You should drop the remainder yourself.
2025-11-27 06:21:16,322 INFO Epoch 356/400 | LR: 9.94e-05 | Train Loss: 20.2143 (Main: 17.2146, Cons: 1.0551, Grad: 0.000688262688, RBA: 1.9439) | Val Loss: 31.9500 | MAE: 3.79 | Val_RBA: 7.31 | R²: 0.9453 ｜ R: 0.9833
2025-11-27 06:27:10,560 INFO The used dataset had no length, returning gathered tensors. You should drop the remainder yourself.
2025-11-27 06:27:10,601 INFO The used dataset had no length, returning gathered tensors. You should drop the remainder yourself.
2025-11-27 06:27:10,606 INFO Epoch 357/400 | LR: 9.64e-05 | Train Loss: 19.6618 (Main: 16.6526, Cons: 1.0382, Grad: 0.000660525896, RBA: 1.9703) | Val Loss: 34.8723 | MAE: 4.37 | Val_RBA: 7.38 | R²: 0.9410 ｜ R: 0.9818
2025-11-27 06:33:04,889 INFO The used dataset had no length, returning gathered tensors. You should drop the remainder yourself.
2025-11-27 06:33:04,927 INFO The used dataset had no length, returning gathered tensors. You should drop the remainder yourself.
2025-11-27 06:33:04,933 INFO Epoch 358/400 | LR: 2.08e-05 | Train Loss: 18.8580 (Main: 15.8141, Cons: 1.0548, Grad: 0.000675059779, RBA: 1.9885) | Val Loss: 23.9847 | MAE: 3.57 | Val_RBA: 7.21 | R²: 0.9586 ｜ R: 0.9834
2025-11-27 06:38:58,734 INFO The used dataset had no length, returning gathered tensors. You should drop the remainder yourself.
2025-11-27 06:38:58,774 INFO The used dataset had no length, returning gathered tensors. You should drop the remainder yourself.
2025-11-27 06:38:58,778 INFO Epoch 359/400 | LR: 3.85e-05 | Train Loss: 17.4715 (Main: 14.7354, Cons: 1.0711, Grad: 0.000652642593, RBA: 1.6642) | Val Loss: 21.4860 | MAE: 3.38 | Val_RBA: 6.25 | R²: 0.9626 ｜ R: 0.9842
2025-11-27 06:44:52,393 INFO The used dataset had no length, returning gathered tensors. You should drop the remainder yourself.
2025-11-27 06:44:52,434 INFO The used dataset had no length, returning gathered tensors. You should drop the remainder yourself.
2025-11-27 06:44:52,439 INFO Epoch 360/400 | LR: 2.46e-05 | Train Loss: 17.6196 (Main: 14.9919, Cons: 0.9892, Grad: 0.000629659402, RBA: 1.6378) | Val Loss: 23.4007 | MAE: 3.40 | Val_RBA: 6.51 | R²: 0.9597 ｜ R: 0.9822
2025-11-27 06:50:46,480 INFO The used dataset had no length, returning gathered tensors. You should drop the remainder yourself.
2025-11-27 06:50:46,521 INFO The used dataset had no length, returning gathered tensors. You should drop the remainder yourself.
2025-11-27 06:50:46,524 INFO Epoch 361/400 | LR: 1.00e-04 | Train Loss: 16.1065 (Main: 13.6436, Cons: 0.9921, Grad: 0.000617010161, RBA: 1.4702) | Val Loss: 30.1907 | MAE: 3.97 | Val_RBA: 7.38 | R²: 0.9487 ｜ R: 0.9838
2025-11-27 06:56:40,370 INFO The used dataset had no length, returning gathered tensors. You should drop the remainder yourself.
2025-11-27 06:56:40,411 INFO The used dataset had no length, returning gathered tensors. You should drop the remainder yourself.
2025-11-27 06:56:40,414 INFO Epoch 362/400 | LR: 4.14e-05 | Train Loss: 20.1237 (Main: 17.1815, Cons: 0.9882, Grad: 0.000629476555, RBA: 1.9533) | Val Loss: 52.2232 | MAE: 5.66 | Val_RBA: 7.86 | R²: 0.9095 ｜ R: 0.9697
2025-11-27 07:02:34,454 INFO The used dataset had no length, returning gathered tensors. You should drop the remainder yourself.
2025-11-27 07:02:34,493 INFO The used dataset had no length, returning gathered tensors. You should drop the remainder yourself.
2025-11-27 07:02:34,496 INFO Epoch 363/400 | LR: 2.35e-05 | Train Loss: 16.8448 (Main: 14.1728, Cons: 0.9591, Grad: 0.000614021781, RBA: 1.7122) | Val Loss: 23.5698 | MAE: 3.38 | Val_RBA: 6.62 | R²: 0.9597 ｜ R: 0.9841
2025-11-27 07:08:28,859 INFO The used dataset had no length, returning gathered tensors. You should drop the remainder yourself.
2025-11-27 07:08:28,900 INFO The used dataset had no length, returning gathered tensors. You should drop the remainder yourself.
2025-11-27 07:08:28,903 INFO Epoch 364/400 | LR: 9.66e-05 | Train Loss: 16.1645 (Main: 13.6304, Cons: 0.9623, Grad: 0.000604595512, RBA: 1.5712) | Val Loss: 34.7367 | MAE: 4.08 | Val_RBA: 7.72 | R²: 0.9414 ｜ R: 0.9791
2025-11-27 07:14:22,676 INFO The used dataset had no length, returning gathered tensors. You should drop the remainder yourself.
2025-11-27 07:14:22,716 INFO The used dataset had no length, returning gathered tensors. You should drop the remainder yourself.
2025-11-27 07:14:22,719 INFO Epoch 365/400 | LR: 9.60e-05 | Train Loss: 20.6687 (Main: 17.6820, Cons: 1.0984, Grad: 0.000587387026, RBA: 1.8877) | Val Loss: 80.2160 | MAE: 7.56 | Val_RBA: 9.16 | R²: 0.8613 ｜ R: 0.9632
2025-11-27 07:20:16,571 INFO The used dataset had no length, returning gathered tensors. You should drop the remainder yourself.
2025-11-27 07:20:16,610 INFO The used dataset had no length, returning gathered tensors. You should drop the remainder yourself.
2025-11-27 07:20:16,616 INFO Epoch 366/400 | LR: 1.01e-05 | Train Loss: 21.3625 (Main: 18.5028, Cons: 0.9568, Grad: 0.000581182936, RBA: 1.9022) | Val Loss: 25.9003 | MAE: 3.46 | Val_RBA: 6.92 | R²: 0.9556 ｜ R: 0.9832
2025-11-27 07:26:10,634 INFO The used dataset had no length, returning gathered tensors. You should drop the remainder yourself.
2025-11-27 07:26:10,674 INFO The used dataset had no length, returning gathered tensors. You should drop the remainder yourself.
2025-11-27 07:26:10,677 INFO Epoch 367/400 | LR: 6.50e-05 | Train Loss: 15.2781 (Main: 12.8340, Cons: 0.9102, Grad: 0.000583866751, RBA: 1.5333) | Val Loss: 46.1342 | MAE: 4.46 | Val_RBA: 8.45 | R²: 0.9228 ｜ R: 0.9790
2025-11-27 07:32:04,806 INFO The used dataset had no length, returning gathered tensors. You should drop the remainder yourself.
2025-11-27 07:32:04,846 INFO The used dataset had no length, returning gathered tensors. You should drop the remainder yourself.
2025-11-27 07:32:04,854 INFO Epoch 368/400 | LR: 7.46e-05 | Train Loss: 17.1765 (Main: 14.6490, Cons: 0.9152, Grad: 0.000568403633, RBA: 1.6118) | Val Loss: 96.9200 | MAE: 6.35 | Val_RBA: 10.59 | R²: 0.8377 ｜ R: 0.9746
2025-11-27 07:37:58,960 INFO The used dataset had no length, returning gathered tensors. You should drop the remainder yourself.
2025-11-27 07:37:59,000 INFO The used dataset had no length, returning gathered tensors. You should drop the remainder yourself.
2025-11-27 07:37:59,004 INFO Epoch 369/400 | LR: 3.71e-05 | Train Loss: 17.9160 (Main: 15.2960, Cons: 0.9101, Grad: 0.000562209430, RBA: 1.7094) | Val Loss: 21.6639 | MAE: 3.20 | Val_RBA: 6.34 | R²: 0.9626 ｜ R: 0.9850
2025-11-27 07:43:53,089 INFO The used dataset had no length, returning gathered tensors. You should drop the remainder yourself.
2025-11-27 07:43:53,129 INFO The used dataset had no length, returning gathered tensors. You should drop the remainder yourself.
2025-11-27 07:43:53,132 INFO Epoch 370/400 | LR: 3.50e-05 | Train Loss: 16.8102 (Main: 14.4173, Cons: 0.8752, Grad: 0.000560608643, RBA: 1.5172) | Val Loss: 21.9484 | MAE: 3.38 | Val_RBA: 6.43 | R²: 0.9619 ｜ R: 0.9839
2025-11-27 07:49:47,193 INFO The used dataset had no length, returning gathered tensors. You should drop the remainder yourself.
2025-11-27 07:49:47,233 INFO The used dataset had no length, returning gathered tensors. You should drop the remainder yourself.
2025-11-27 07:49:47,237 INFO Epoch 371/400 | LR: 1.16e-06 | Train Loss: 15.9694 (Main: 13.6262, Cons: 0.8900, Grad: 0.000577839924, RBA: 1.4526) | Val Loss: 28.6839 | MAE: 3.56 | Val_RBA: 7.22 | R²: 0.9515 ｜ R: 0.9832
2025-11-27 07:55:41,221 INFO The used dataset had no length, returning gathered tensors. You should drop the remainder yourself.
2025-11-27 07:55:41,261 INFO The used dataset had no length, returning gathered tensors. You should drop the remainder yourself.
2025-11-27 07:55:41,264 INFO Epoch 372/400 | LR: 8.91e-06 | Train Loss: 13.7417 (Main: 11.4453, Cons: 0.9052, Grad: 0.000553802986, RBA: 1.3908) | Val Loss: 26.1616 | MAE: 3.50 | Val_RBA: 6.93 | R²: 0.9556 ｜ R: 0.9821
2025-11-27 08:01:35,484 INFO The used dataset had no length, returning gathered tensors. You should drop the remainder yourself.
2025-11-27 08:01:35,524 INFO The used dataset had no length, returning gathered tensors. You should drop the remainder yourself.
2025-11-27 08:01:35,528 INFO Epoch 373/400 | LR: 6.70e-06 | Train Loss: 13.7572 (Main: 11.5771, Cons: 0.8289, Grad: 0.000562335152, RBA: 1.3505) | Val Loss: 26.6896 | MAE: 3.80 | Val_RBA: 7.03 | R²: 0.9542 ｜ R: 0.9825
2025-11-27 08:07:29,768 INFO The used dataset had no length, returning gathered tensors. You should drop the remainder yourself.
2025-11-27 08:07:29,809 INFO The used dataset had no length, returning gathered tensors. You should drop the remainder yourself.
2025-11-27 08:07:29,812 INFO Epoch 374/400 | LR: 2.86e-05 | Train Loss: 13.7676 (Main: 11.5665, Cons: 0.8482, Grad: 0.000541508979, RBA: 1.3524) | Val Loss: 22.8229 | MAE: 3.32 | Val_RBA: 6.56 | R²: 0.9609 ｜ R: 0.9835
2025-11-27 08:13:23,481 INFO The used dataset had no length, returning gathered tensors. You should drop the remainder yourself.
2025-11-27 08:13:23,521 INFO The used dataset had no length, returning gathered tensors. You should drop the remainder yourself.
2025-11-27 08:13:23,524 INFO Epoch 375/400 | LR: 9.99e-05 | Train Loss: 14.8877 (Main: 12.6541, Cons: 0.8497, Grad: 0.000559766384, RBA: 1.3833) | Val Loss: 30.8565 | MAE: 4.06 | Val_RBA: 7.47 | R²: 0.9473 ｜ R: 0.9812
2025-11-27 08:19:17,100 INFO The used dataset had no length, returning gathered tensors. You should drop the remainder yourself.
2025-11-27 08:19:17,140 INFO The used dataset had no length, returning gathered tensors. You should drop the remainder yourself.
2025-11-27 08:19:17,145 INFO Epoch 376/400 | LR: 5.42e-06 | Train Loss: 21.5724 (Main: 19.0209, Cons: 0.8669, Grad: 0.000548160677, RBA: 1.6842) | Val Loss: 64.0728 | MAE: 5.43 | Val_RBA: 9.57 | R²: 0.8910 ｜ R: 0.9815
2025-11-27 08:25:10,891 INFO The used dataset had no length, returning gathered tensors. You should drop the remainder yourself.
2025-11-27 08:25:10,932 INFO The used dataset had no length, returning gathered tensors. You should drop the remainder yourself.
2025-11-27 08:25:10,935 INFO Epoch 377/400 | LR: 9.74e-05 | Train Loss: 16.0579 (Main: 13.7176, Cons: 0.8737, Grad: 0.000534932132, RBA: 1.4661) | Val Loss: 34.0929 | MAE: 3.96 | Val_RBA: 7.65 | R²: 0.9426 ｜ R: 0.9812
2025-11-27 08:31:04,779 INFO The used dataset had no length, returning gathered tensors. You should drop the remainder yourself.
2025-11-27 08:31:04,819 INFO The used dataset had no length, returning gathered tensors. You should drop the remainder yourself.
2025-11-27 08:31:04,822 INFO Epoch 378/400 | LR: 9.46e-05 | Train Loss: 16.6818 (Main: 14.2693, Cons: 0.8121, Grad: 0.000542035351, RBA: 1.5999) | Val Loss: 35.9653 | MAE: 4.54 | Val_RBA: 9.00 | R²: 0.9382 ｜ R: 0.9783
2025-11-27 08:36:58,821 INFO The used dataset had no length, returning gathered tensors. You should drop the remainder yourself.
2025-11-27 08:36:58,862 INFO The used dataset had no length, returning gathered tensors. You should drop the remainder yourself.
2025-11-27 08:36:58,867 INFO Epoch 379/400 | LR: 7.61e-05 | Train Loss: 18.4780 (Main: 15.9203, Cons: 0.8683, Grad: 0.000492999774, RBA: 1.6890) | Val Loss: 43.0270 | MAE: 5.08 | Val_RBA: 7.60 | R²: 0.9242 ｜ R: 0.9745
2025-11-27 08:42:52,729 INFO The used dataset had no length, returning gathered tensors. You should drop the remainder yourself.
2025-11-27 08:42:52,770 INFO The used dataset had no length, returning gathered tensors. You should drop the remainder yourself.
2025-11-27 08:42:52,773 INFO Epoch 380/400 | LR: 4.99e-05 | Train Loss: 16.9965 (Main: 14.7013, Cons: 0.7981, Grad: 0.000517650621, RBA: 1.4965) | Val Loss: 20.0208 | MAE: 2.94 | Val_RBA: 6.22 | R²: 0.9656 ｜ R: 0.9841
2025-11-27 08:42:52,858 INFO Checkpoint saved at epoch 379
2025-11-27 08:48:46,982 INFO The used dataset had no length, returning gathered tensors. You should drop the remainder yourself.
2025-11-27 08:48:47,020 INFO The used dataset had no length, returning gathered tensors. You should drop the remainder yourself.
2025-11-27 08:48:47,024 INFO Epoch 381/400 | LR: 1.47e-05 | Train Loss: 15.7311 (Main: 13.5798, Cons: 0.7758, Grad: 0.000505875354, RBA: 1.3750) | Val Loss: 25.0046 | MAE: 3.48 | Val_RBA: 6.83 | R²: 0.9573 ｜ R: 0.9840
2025-11-27 08:54:40,997 INFO The used dataset had no length, returning gathered tensors. You should drop the remainder yourself.
2025-11-27 08:54:41,037 INFO The used dataset had no length, returning gathered tensors. You should drop the remainder yourself.
2025-11-27 08:54:41,040 INFO Epoch 382/400 | LR: 4.80e-05 | Train Loss: 15.0035 (Main: 12.8013, Cons: 0.8582, Grad: 0.000501512266, RBA: 1.3435) | Val Loss: 20.2572 | MAE: 3.13 | Val_RBA: 5.95 | R²: 0.9649 ｜ R: 0.9838
2025-11-27 09:00:34,896 INFO The used dataset had no length, returning gathered tensors. You should drop the remainder yourself.
2025-11-27 09:00:34,937 INFO The used dataset had no length, returning gathered tensors. You should drop the remainder yourself.
2025-11-27 09:00:34,940 INFO Epoch 383/400 | LR: 9.97e-05 | Train Loss: 14.7776 (Main: 12.6741, Cons: 0.7696, Grad: 0.000511219931, RBA: 1.3333) | Val Loss: 31.3850 | MAE: 3.75 | Val_RBA: 7.42 | R²: 0.9469 ｜ R: 0.9836
2025-11-27 09:06:28,805 INFO The used dataset had no length, returning gathered tensors. You should drop the remainder yourself.
2025-11-27 09:06:28,844 INFO The used dataset had no length, returning gathered tensors. You should drop the remainder yourself.
2025-11-27 09:06:28,847 INFO Epoch 384/400 | LR: 6.07e-06 | Train Loss: 17.3474 (Main: 15.1671, Cons: 0.7590, Grad: 0.000478639889, RBA: 1.4208) | Val Loss: 26.8546 | MAE: 3.56 | Val_RBA: 7.30 | R²: 0.9542 ｜ R: 0.9801
2025-11-27 09:12:22,657 INFO The used dataset had no length, returning gathered tensors. You should drop the remainder yourself.
2025-11-27 09:12:22,697 INFO The used dataset had no length, returning gathered tensors. You should drop the remainder yourself.
2025-11-27 09:12:22,700 INFO Epoch 385/400 | LR: 5.97e-05 | Train Loss: 14.4583 (Main: 12.4564, Cons: 0.7181, Grad: 0.000454060034, RBA: 1.2833) | Val Loss: 47.5189 | MAE: 4.68 | Val_RBA: 8.87 | R²: 0.9203 ｜ R: 0.9779
2025-11-27 09:18:16,844 INFO The used dataset had no length, returning gathered tensors. You should drop the remainder yourself.
2025-11-27 09:18:16,884 INFO The used dataset had no length, returning gathered tensors. You should drop the remainder yourself.
2025-11-27 09:18:16,887 INFO Epoch 386/400 | LR: 9.99e-05 | Train Loss: 17.2446 (Main: 15.0839, Cons: 0.8053, Grad: 0.000466211468, RBA: 1.3549) | Val Loss: 30.8178 | MAE: 4.01 | Val_RBA: 7.71 | R²: 0.9476 ｜ R: 0.9836
2025-11-27 09:24:11,625 INFO The used dataset had no length, returning gathered tensors. You should drop the remainder yourself.
2025-11-27 09:24:11,665 INFO The used dataset had no length, returning gathered tensors. You should drop the remainder yourself.
2025-11-27 09:24:11,668 INFO Epoch 387/400 | LR: 9.97e-05 | Train Loss: 17.5716 (Main: 15.4188, Cons: 0.7265, Grad: 0.000464670694, RBA: 1.4259) | Val Loss: 31.3447 | MAE: 4.23 | Val_RBA: 7.51 | R²: 0.9458 ｜ R: 0.9799
2025-11-27 09:30:06,092 INFO The used dataset had no length, returning gathered tensors. You should drop the remainder yourself.
2025-11-27 09:30:06,132 INFO The used dataset had no length, returning gathered tensors. You should drop the remainder yourself.
2025-11-27 09:30:06,135 INFO Epoch 388/400 | LR: 2.96e-07 | Train Loss: 17.5547 (Main: 15.4136, Cons: 0.7176, Grad: 0.000464624692, RBA: 1.4231) | Val Loss: 29.4362 | MAE: 3.61 | Val_RBA: 7.67 | R²: 0.9502 ｜ R: 0.9790
2025-11-27 09:35:59,875 INFO The used dataset had no length, returning gathered tensors. You should drop the remainder yourself.
2025-11-27 09:35:59,913 INFO The used dataset had no length, returning gathered tensors. You should drop the remainder yourself.
2025-11-27 09:35:59,919 INFO Epoch 389/400 | LR: 9.21e-05 | Train Loss: 16.1990 (Main: 14.0774, Cons: 0.7180, Grad: 0.000409847462, RBA: 1.4033) | Val Loss: 37.2421 | MAE: 4.05 | Val_RBA: 8.44 | R²: 0.9374 ｜ R: 0.9787
2025-11-27 09:41:54,049 INFO The used dataset had no length, returning gathered tensors. You should drop the remainder yourself.
2025-11-27 09:41:54,090 INFO The used dataset had no length, returning gathered tensors. You should drop the remainder yourself.
2025-11-27 09:41:54,096 INFO Epoch 390/400 | LR: 4.74e-06 | Train Loss: 18.3177 (Main: 16.2070, Cons: 0.7342, Grad: 0.000451625481, RBA: 1.3760) | Val Loss: 27.2330 | MAE: 3.40 | Val_RBA: 7.86 | R²: 0.9538 ｜ R: 0.9802
2025-11-27 09:47:48,297 INFO The used dataset had no length, returning gathered tensors. You should drop the remainder yourself.
2025-11-27 09:47:48,337 INFO The used dataset had no length, returning gathered tensors. You should drop the remainder yourself.
2025-11-27 09:47:48,340 INFO Epoch 391/400 | LR: 9.90e-05 | Train Loss: 15.2004 (Main: 13.2474, Cons: 0.6926, Grad: 0.000433266336, RBA: 1.2599) | Val Loss: 32.5248 | MAE: 3.85 | Val_RBA: 7.98 | R²: 0.9452 ｜ R: 0.9827
2025-11-27 09:53:42,569 INFO The used dataset had no length, returning gathered tensors. You should drop the remainder yourself.
2025-11-27 09:53:42,608 INFO The used dataset had no length, returning gathered tensors. You should drop the remainder yourself.
2025-11-27 09:53:42,611 INFO Epoch 392/400 | LR: 9.34e-05 | Train Loss: 16.6882 (Main: 14.6741, Cons: 0.6775, Grad: 0.000434855559, RBA: 1.3362) | Val Loss: 36.5940 | MAE: 4.12 | Val_RBA: 7.75 | R²: 0.9377 ｜ R: 0.9837
2025-11-27 09:59:36,674 INFO The used dataset had no length, returning gathered tensors. You should drop the remainder yourself.
2025-11-27 09:59:36,714 INFO The used dataset had no length, returning gathered tensors. You should drop the remainder yourself.
2025-11-27 09:59:36,718 INFO Epoch 393/400 | LR: 9.05e-05 | Train Loss: 15.6048 (Main: 13.5667, Cons: 0.6983, Grad: 0.000426743681, RBA: 1.3394) | Val Loss: 37.9859 | MAE: 4.05 | Val_RBA: 8.54 | R²: 0.9363 ｜ R: 0.9802
2025-11-27 10:05:30,360 INFO The used dataset had no length, returning gathered tensors. You should drop the remainder yourself.
2025-11-27 10:05:30,400 INFO The used dataset had no length, returning gathered tensors. You should drop the remainder yourself.
2025-11-27 10:05:30,403 INFO Epoch 394/400 | LR: 8.85e-06 | Train Loss: 19.0545 (Main: 17.1116, Cons: 0.6854, Grad: 0.000413234167, RBA: 1.2570) | Val Loss: 26.1737 | MAE: 3.43 | Val_RBA: 7.46 | R²: 0.9556 ｜ R: 0.9821
2025-11-27 10:11:24,054 INFO The used dataset had no length, returning gathered tensors. You should drop the remainder yourself.
2025-11-27 10:11:24,095 INFO The used dataset had no length, returning gathered tensors. You should drop the remainder yourself.
2025-11-27 10:11:24,101 INFO Epoch 395/400 | LR: 9.06e-05 | Train Loss: 12.8768 (Main: 11.2217, Cons: 0.6105, Grad: 0.000399419890, RBA: 1.0442) | Val Loss: 37.9231 | MAE: 4.06 | Val_RBA: 8.29 | R²: 0.9364 ｜ R: 0.9794
2025-11-27 10:17:17,810 INFO The used dataset had no length, returning gathered tensors. You should drop the remainder yourself.
2025-11-27 10:17:17,850 INFO The used dataset had no length, returning gathered tensors. You should drop the remainder yourself.
2025-11-27 10:17:17,856 INFO Epoch 396/400 | LR: 8.48e-05 | Train Loss: 18.3184 (Main: 16.4409, Cons: 0.6373, Grad: 0.000404173893, RBA: 1.2397) | Val Loss: 40.1890 | MAE: 4.55 | Val_RBA: 8.73 | R²: 0.9316 ｜ R: 0.9827
2025-11-27 10:23:11,848 INFO The used dataset had no length, returning gathered tensors. You should drop the remainder yourself.
2025-11-27 10:23:11,889 INFO The used dataset had no length, returning gathered tensors. You should drop the remainder yourself.
2025-11-27 10:23:11,892 INFO Epoch 397/400 | LR: 6.51e-06 | Train Loss: 16.8185 (Main: 14.9136, Cons: 0.6357, Grad: 0.000405964722, RBA: 1.2688) | Val Loss: 63.4776 | MAE: 6.07 | Val_RBA: 10.09 | R²: 0.8913 ｜ R: 0.9615
2025-11-27 10:29:05,852 INFO The used dataset had no length, returning gathered tensors. You should drop the remainder yourself.
2025-11-27 10:29:05,893 INFO The used dataset had no length, returning gathered tensors. You should drop the remainder yourself.
2025-11-27 10:29:05,896 INFO Epoch 398/400 | LR: 1.81e-05 | Train Loss: 12.6436 (Main: 10.8695, Cons: 0.6163, Grad: 0.000407728111, RBA: 1.1573) | Val Loss: 24.4183 | MAE: 3.54 | Val_RBA: 7.03 | R²: 0.9580 ｜ R: 0.9833
2025-11-27 10:34:59,819 INFO The used dataset had no length, returning gathered tensors. You should drop the remainder yourself.
2025-11-27 10:34:59,860 INFO The used dataset had no length, returning gathered tensors. You should drop the remainder yourself.
2025-11-27 10:34:59,863 INFO Epoch 399/400 | LR: 2.50e-05 | Train Loss: 14.0193 (Main: 12.2678, Cons: 0.6404, Grad: 0.000384770617, RBA: 1.1107) | Val Loss: 23.3489 | MAE: 3.50 | Val_RBA: 6.82 | R²: 0.9594 ｜ R: 0.9831
2025-11-27 10:40:53,960 INFO The used dataset had no length, returning gathered tensors. You should drop the remainder yourself.
2025-11-27 10:40:54,001 INFO The used dataset had no length, returning gathered tensors. You should drop the remainder yourself.
2025-11-27 10:40:54,003 INFO 
Best Model Results (Epoch 0):
MAE: inf | MSE: inf | R²: 0.0000
2025-11-27 10:40:54,003 INFO 
Best Model Results (Epoch 0):
MAE: inf | MSE: inf | R²: 0.0000
2025-11-27 10:40:54,004 INFO 
Best Model Results (Epoch 0):
MAE: inf | MSE: inf | R²: 0.0000
2025-11-27 10:40:54,004 INFO 
Best Model Results (Epoch 0):
MAE: inf | MSE: inf | R²: 0.0000
2025-11-27 10:40:54,004 INFO 
Best Model Results (Epoch 0):
MAE: inf | MSE: inf | R²: 0.0000
2025-11-27 10:40:54,006 INFO Epoch 400/400 | LR: 8.28e-06 | Train Loss: 12.6299 (Main: 10.9452, Cons: 0.6084, Grad: 0.000387470256, RBA: 1.0759) | Val Loss: 26.3049 | MAE: 3.74 | Val_RBA: 6.89 | R²: 0.9544 ｜ R: 0.9810
2025-11-27 10:40:54,007 INFO 
Best Model Results (Epoch 380):
MAE: 2.94 | MSE: 20.0208 | R²: 0.9656
2025-11-27 10:40:54,006 INFO 
Best Model Results (Epoch 0):
MAE: inf | MSE: inf | R²: 0.0000
2025-11-27 10:40:54,007 INFO 
Best Model Results (Epoch 0):
MAE: inf | MSE: inf | R²: 0.0000
2025-11-27 15:56:15,341 INFO 
Hyperparameters:
train_csv           : /home/caojiaxiang/brain age/cjx/5-fold/train_1.csv
val_csv             : /home/caojiaxiang/brain age/cjx/5-fold/val_1.csv
batch_size          : 32
num_workers         : 0
channel             : 16
embed_dim           : 128
num_heads           : 8
num_layers          : 6
hidden_dim          : 512
dropout             : 0.1
lambda_consistency  : 0.02
lambda_grad         : 0.1
noise_sigma         : 0.1
num_regions         : 117
lambda_rba          : 0.001
epochs              : 400
learning_rate       : 0.0001
weight_decay        : 0.01
scheduler_T0        : 200
scheduler_eta_min   : 1e-05
log_dir             : ./training_logs
experiment_name     : T1wRBA
augmentation        : False
reshape             : (91, 109, 91)
resume_from_checkpoint: None
2025-11-27 15:56:15,581 INFO 
Hyperparameters:
train_csv           : /home/caojiaxiang/brain age/cjx/5-fold/train_1.csv
val_csv             : /home/caojiaxiang/brain age/cjx/5-fold/val_1.csv
batch_size          : 32
num_workers         : 0
channel             : 16
embed_dim           : 128
num_heads           : 8
num_layers          : 6
hidden_dim          : 512
dropout             : 0.1
lambda_consistency  : 0.02
lambda_grad         : 0.1
noise_sigma         : 0.1
num_regions         : 117
lambda_rba          : 0.001
epochs              : 400
learning_rate       : 0.0001
weight_decay        : 0.01
scheduler_T0        : 200
scheduler_eta_min   : 1e-05
log_dir             : ./training_logs
experiment_name     : T1wRBA
augmentation        : False
reshape             : (91, 109, 91)
resume_from_checkpoint: None
2025-11-27 15:56:15,582 INFO 
Hyperparameters:
train_csv           : /home/caojiaxiang/brain age/cjx/5-fold/train_1.csv
val_csv             : /home/caojiaxiang/brain age/cjx/5-fold/val_1.csv
batch_size          : 32
num_workers         : 0
channel             : 16
embed_dim           : 128
num_heads           : 8
num_layers          : 6
hidden_dim          : 512
dropout             : 0.1
lambda_consistency  : 0.02
lambda_grad         : 0.1
noise_sigma         : 0.1
num_regions         : 117
lambda_rba          : 0.001
epochs              : 400
learning_rate       : 0.0001
weight_decay        : 0.01
scheduler_T0        : 200
scheduler_eta_min   : 1e-05
log_dir             : ./training_logs
experiment_name     : T1wRBA
augmentation        : False
reshape             : (91, 109, 91)
resume_from_checkpoint: None
2025-11-27 15:56:15,610 INFO 
Hyperparameters:
train_csv           : /home/caojiaxiang/brain age/cjx/5-fold/train_1.csv
val_csv             : /home/caojiaxiang/brain age/cjx/5-fold/val_1.csv
batch_size          : 32
num_workers         : 0
channel             : 16
embed_dim           : 128
num_heads           : 8
num_layers          : 6
hidden_dim          : 512
dropout             : 0.1
lambda_consistency  : 0.02
lambda_grad         : 0.1
noise_sigma         : 0.1
num_regions         : 117
lambda_rba          : 0.001
epochs              : 400
learning_rate       : 0.0001
weight_decay        : 0.01
scheduler_T0        : 200
scheduler_eta_min   : 1e-05
log_dir             : ./training_logs
experiment_name     : T1wRBA
augmentation        : False
reshape             : (91, 109, 91)
resume_from_checkpoint: None
2025-11-27 15:56:15,631 INFO 
Hyperparameters:
train_csv           : /home/caojiaxiang/brain age/cjx/5-fold/train_1.csv
val_csv             : /home/caojiaxiang/brain age/cjx/5-fold/val_1.csv
batch_size          : 32
num_workers         : 0
channel             : 16
embed_dim           : 128
num_heads           : 8
num_layers          : 6
hidden_dim          : 512
dropout             : 0.1
lambda_consistency  : 0.02
lambda_grad         : 0.1
noise_sigma         : 0.1
num_regions         : 117
lambda_rba          : 0.001
epochs              : 400
learning_rate       : 0.0001
weight_decay        : 0.01
scheduler_T0        : 200
scheduler_eta_min   : 1e-05
log_dir             : ./training_logs
experiment_name     : T1wRBA
augmentation        : False
reshape             : (91, 109, 91)
resume_from_checkpoint: None
2025-11-27 15:56:15,665 INFO 
Hyperparameters:
train_csv           : /home/caojiaxiang/brain age/cjx/5-fold/train_1.csv
val_csv             : /home/caojiaxiang/brain age/cjx/5-fold/val_1.csv
batch_size          : 32
num_workers         : 0
channel             : 16
embed_dim           : 128
num_heads           : 8
num_layers          : 6
hidden_dim          : 512
dropout             : 0.1
lambda_consistency  : 0.02
lambda_grad         : 0.1
noise_sigma         : 0.1
num_regions         : 117
lambda_rba          : 0.001
epochs              : 400
learning_rate       : 0.0001
weight_decay        : 0.01
scheduler_T0        : 200
scheduler_eta_min   : 1e-05
log_dir             : ./training_logs
experiment_name     : T1wRBA
augmentation        : False
reshape             : (91, 109, 91)
resume_from_checkpoint: None
2025-11-27 15:56:15,674 INFO 
Hyperparameters:
train_csv           : /home/caojiaxiang/brain age/cjx/5-fold/train_1.csv
val_csv             : /home/caojiaxiang/brain age/cjx/5-fold/val_1.csv
batch_size          : 32
num_workers         : 0
channel             : 16
embed_dim           : 128
num_heads           : 8
num_layers          : 6
hidden_dim          : 512
dropout             : 0.1
lambda_consistency  : 0.02
lambda_grad         : 0.1
noise_sigma         : 0.1
num_regions         : 117
lambda_rba          : 0.001
epochs              : 400
learning_rate       : 0.0001
weight_decay        : 0.01
scheduler_T0        : 200
scheduler_eta_min   : 1e-05
log_dir             : ./training_logs
experiment_name     : T1wRBA
augmentation        : False
reshape             : (91, 109, 91)
resume_from_checkpoint: None
2025-11-27 15:56:15,680 INFO 
Hyperparameters:
train_csv           : /home/caojiaxiang/brain age/cjx/5-fold/train_1.csv
val_csv             : /home/caojiaxiang/brain age/cjx/5-fold/val_1.csv
batch_size          : 32
num_workers         : 0
channel             : 16
embed_dim           : 128
num_heads           : 8
num_layers          : 6
hidden_dim          : 512
dropout             : 0.1
lambda_consistency  : 0.02
lambda_grad         : 0.1
noise_sigma         : 0.1
num_regions         : 117
lambda_rba          : 0.001
epochs              : 400
learning_rate       : 0.0001
weight_decay        : 0.01
scheduler_T0        : 200
scheduler_eta_min   : 1e-05
log_dir             : ./training_logs
experiment_name     : T1wRBA
augmentation        : False
reshape             : (91, 109, 91)
resume_from_checkpoint: None
2025-12-02 21:34:03,365 INFO 
Hyperparameters:
train_csv           : /home/caojiaxiang/brain age/cjx/5-fold/train_1.csv
val_csv             : /home/caojiaxiang/brain age/cjx/5-fold/val_1.csv
batch_size          : 64
num_workers         : 2
channel             : 16
embed_dim           : 128
num_heads           : 8
num_layers          : 6
hidden_dim          : 512
dropout             : 0.1
lambda_consistency  : 0.02
lambda_grad         : 0.1
noise_sigma         : 0.1
num_regions         : 117
lambda_rba          : 0.001
epochs              : 400
learning_rate       : 0.0002
weight_decay        : 0.01
scheduler_T0        : 200
scheduler_eta_min   : 1e-05
log_dir             : ./training_logs
experiment_name     : T1wRBA
augmentation        : False
reshape             : (91, 109, 91)
resume_from_checkpoint: None
2025-12-02 21:34:03,449 INFO 
Hyperparameters:
train_csv           : /home/caojiaxiang/brain age/cjx/5-fold/train_1.csv
val_csv             : /home/caojiaxiang/brain age/cjx/5-fold/val_1.csv
batch_size          : 64
num_workers         : 2
channel             : 16
embed_dim           : 128
num_heads           : 8
num_layers          : 6
hidden_dim          : 512
dropout             : 0.1
lambda_consistency  : 0.02
lambda_grad         : 0.1
noise_sigma         : 0.1
num_regions         : 117
lambda_rba          : 0.001
epochs              : 400
learning_rate       : 0.0002
weight_decay        : 0.01
scheduler_T0        : 200
scheduler_eta_min   : 1e-05
log_dir             : ./training_logs
experiment_name     : T1wRBA
augmentation        : False
reshape             : (91, 109, 91)
resume_from_checkpoint: None
2025-12-02 21:34:03,516 INFO 
Hyperparameters:
train_csv           : /home/caojiaxiang/brain age/cjx/5-fold/train_1.csv
val_csv             : /home/caojiaxiang/brain age/cjx/5-fold/val_1.csv
batch_size          : 64
num_workers         : 2
channel             : 16
embed_dim           : 128
num_heads           : 8
num_layers          : 6
hidden_dim          : 512
dropout             : 0.1
lambda_consistency  : 0.02
lambda_grad         : 0.1
noise_sigma         : 0.1
num_regions         : 117
lambda_rba          : 0.001
epochs              : 400
learning_rate       : 0.0002
weight_decay        : 0.01
scheduler_T0        : 200
scheduler_eta_min   : 1e-05
log_dir             : ./training_logs
experiment_name     : T1wRBA
augmentation        : False
reshape             : (91, 109, 91)
resume_from_checkpoint: None
2025-12-02 21:34:03,521 INFO 
Hyperparameters:
train_csv           : /home/caojiaxiang/brain age/cjx/5-fold/train_1.csv
val_csv             : /home/caojiaxiang/brain age/cjx/5-fold/val_1.csv
batch_size          : 64
num_workers         : 2
channel             : 16
embed_dim           : 128
num_heads           : 8
num_layers          : 6
hidden_dim          : 512
dropout             : 0.1
lambda_consistency  : 0.02
lambda_grad         : 0.1
noise_sigma         : 0.1
num_regions         : 117
lambda_rba          : 0.001
epochs              : 400
learning_rate       : 0.0002
weight_decay        : 0.01
scheduler_T0        : 200
scheduler_eta_min   : 1e-05
log_dir             : ./training_logs
experiment_name     : T1wRBA
augmentation        : False
reshape             : (91, 109, 91)
resume_from_checkpoint: None
2025-12-02 21:34:03,531 INFO 
Hyperparameters:
train_csv           : /home/caojiaxiang/brain age/cjx/5-fold/train_1.csv
val_csv             : /home/caojiaxiang/brain age/cjx/5-fold/val_1.csv
batch_size          : 64
num_workers         : 2
channel             : 16
embed_dim           : 128
num_heads           : 8
num_layers          : 6
hidden_dim          : 512
dropout             : 0.1
lambda_consistency  : 0.02
lambda_grad         : 0.1
noise_sigma         : 0.1
num_regions         : 117
lambda_rba          : 0.001
epochs              : 400
learning_rate       : 0.0002
weight_decay        : 0.01
scheduler_T0        : 200
scheduler_eta_min   : 1e-05
log_dir             : ./training_logs
experiment_name     : T1wRBA
augmentation        : False
reshape             : (91, 109, 91)
resume_from_checkpoint: None
2025-12-02 21:34:03,536 INFO 
Hyperparameters:
train_csv           : /home/caojiaxiang/brain age/cjx/5-fold/train_1.csv
val_csv             : /home/caojiaxiang/brain age/cjx/5-fold/val_1.csv
batch_size          : 64
num_workers         : 2
channel             : 16
embed_dim           : 128
num_heads           : 8
num_layers          : 6
hidden_dim          : 512
dropout             : 0.1
lambda_consistency  : 0.02
lambda_grad         : 0.1
noise_sigma         : 0.1
num_regions         : 117
lambda_rba          : 0.001
epochs              : 400
learning_rate       : 0.0002
weight_decay        : 0.01
scheduler_T0        : 200
scheduler_eta_min   : 1e-05
log_dir             : ./training_logs
experiment_name     : T1wRBA
augmentation        : False
reshape             : (91, 109, 91)
resume_from_checkpoint: None
2025-12-02 21:34:03,538 INFO 
Hyperparameters:
train_csv           : /home/caojiaxiang/brain age/cjx/5-fold/train_1.csv
val_csv             : /home/caojiaxiang/brain age/cjx/5-fold/val_1.csv
batch_size          : 64
num_workers         : 2
channel             : 16
embed_dim           : 128
num_heads           : 8
num_layers          : 6
hidden_dim          : 512
dropout             : 0.1
lambda_consistency  : 0.02
lambda_grad         : 0.1
noise_sigma         : 0.1
num_regions         : 117
lambda_rba          : 0.001
epochs              : 400
learning_rate       : 0.0002
weight_decay        : 0.01
scheduler_T0        : 200
scheduler_eta_min   : 1e-05
log_dir             : ./training_logs
experiment_name     : T1wRBA
augmentation        : False
reshape             : (91, 109, 91)
resume_from_checkpoint: None
2025-12-02 21:34:03,539 INFO 
Hyperparameters:
train_csv           : /home/caojiaxiang/brain age/cjx/5-fold/train_1.csv
val_csv             : /home/caojiaxiang/brain age/cjx/5-fold/val_1.csv
batch_size          : 64
num_workers         : 2
channel             : 16
embed_dim           : 128
num_heads           : 8
num_layers          : 6
hidden_dim          : 512
dropout             : 0.1
lambda_consistency  : 0.02
lambda_grad         : 0.1
noise_sigma         : 0.1
num_regions         : 117
lambda_rba          : 0.001
epochs              : 400
learning_rate       : 0.0002
weight_decay        : 0.01
scheduler_T0        : 200
scheduler_eta_min   : 1e-05
log_dir             : ./training_logs
experiment_name     : T1wRBA
augmentation        : False
reshape             : (91, 109, 91)
resume_from_checkpoint: None
2025-12-02 21:36:21,882 INFO 
Hyperparameters:
train_csv           : /home/caojiaxiang/brain age/cjx/5-fold/train_1.csv
val_csv             : /home/caojiaxiang/brain age/cjx/5-fold/val_1.csv
batch_size          : 64
num_workers         : 2
channel             : 16
embed_dim           : 128
num_heads           : 8
num_layers          : 6
hidden_dim          : 512
dropout             : 0.1
lambda_consistency  : 0.02
lambda_grad         : 0.1
noise_sigma         : 0.1
num_regions         : 117
lambda_rba          : 0.001
epochs              : 400
learning_rate       : 0.0002
weight_decay        : 0.01
scheduler_T0        : 200
scheduler_eta_min   : 1e-05
log_dir             : ./training_logs
experiment_name     : T1wRBA
augmentation        : False
reshape             : (91, 109, 91)
resume_from_checkpoint: None
2025-12-02 21:36:21,996 INFO 
Hyperparameters:
train_csv           : /home/caojiaxiang/brain age/cjx/5-fold/train_1.csv
val_csv             : /home/caojiaxiang/brain age/cjx/5-fold/val_1.csv
batch_size          : 64
num_workers         : 2
channel             : 16
embed_dim           : 128
num_heads           : 8
num_layers          : 6
hidden_dim          : 512
dropout             : 0.1
lambda_consistency  : 0.02
lambda_grad         : 0.1
noise_sigma         : 0.1
num_regions         : 117
lambda_rba          : 0.001
epochs              : 400
learning_rate       : 0.0002
weight_decay        : 0.01
scheduler_T0        : 200
scheduler_eta_min   : 1e-05
log_dir             : ./training_logs
experiment_name     : T1wRBA
augmentation        : False
reshape             : (91, 109, 91)
resume_from_checkpoint: None
2025-12-02 21:36:22,039 INFO 
Hyperparameters:
train_csv           : /home/caojiaxiang/brain age/cjx/5-fold/train_1.csv
val_csv             : /home/caojiaxiang/brain age/cjx/5-fold/val_1.csv
batch_size          : 64
num_workers         : 2
channel             : 16
embed_dim           : 128
num_heads           : 8
num_layers          : 6
hidden_dim          : 512
dropout             : 0.1
lambda_consistency  : 0.02
lambda_grad         : 0.1
noise_sigma         : 0.1
num_regions         : 117
lambda_rba          : 0.001
epochs              : 400
learning_rate       : 0.0002
weight_decay        : 0.01
scheduler_T0        : 200
scheduler_eta_min   : 1e-05
log_dir             : ./training_logs
experiment_name     : T1wRBA
augmentation        : False
reshape             : (91, 109, 91)
resume_from_checkpoint: None
2025-12-02 21:36:22,054 INFO 
Hyperparameters:
train_csv           : /home/caojiaxiang/brain age/cjx/5-fold/train_1.csv
val_csv             : /home/caojiaxiang/brain age/cjx/5-fold/val_1.csv
batch_size          : 64
num_workers         : 2
channel             : 16
embed_dim           : 128
num_heads           : 8
num_layers          : 6
hidden_dim          : 512
dropout             : 0.1
lambda_consistency  : 0.02
lambda_grad         : 0.1
noise_sigma         : 0.1
num_regions         : 117
lambda_rba          : 0.001
epochs              : 400
learning_rate       : 0.0002
weight_decay        : 0.01
scheduler_T0        : 200
scheduler_eta_min   : 1e-05
log_dir             : ./training_logs
experiment_name     : T1wRBA
augmentation        : False
reshape             : (91, 109, 91)
resume_from_checkpoint: None
2025-12-02 21:36:22,065 INFO 
Hyperparameters:
train_csv           : /home/caojiaxiang/brain age/cjx/5-fold/train_1.csv
val_csv             : /home/caojiaxiang/brain age/cjx/5-fold/val_1.csv
batch_size          : 64
num_workers         : 2
channel             : 16
embed_dim           : 128
num_heads           : 8
num_layers          : 6
hidden_dim          : 512
dropout             : 0.1
lambda_consistency  : 0.02
lambda_grad         : 0.1
noise_sigma         : 0.1
num_regions         : 117
lambda_rba          : 0.001
epochs              : 400
learning_rate       : 0.0002
weight_decay        : 0.01
scheduler_T0        : 200
scheduler_eta_min   : 1e-05
log_dir             : ./training_logs
experiment_name     : T1wRBA
augmentation        : False
reshape             : (91, 109, 91)
resume_from_checkpoint: None
2025-12-02 21:36:22,067 INFO 
Hyperparameters:
train_csv           : /home/caojiaxiang/brain age/cjx/5-fold/train_1.csv
val_csv             : /home/caojiaxiang/brain age/cjx/5-fold/val_1.csv
batch_size          : 64
num_workers         : 2
channel             : 16
embed_dim           : 128
num_heads           : 8
num_layers          : 6
hidden_dim          : 512
dropout             : 0.1
lambda_consistency  : 0.02
lambda_grad         : 0.1
noise_sigma         : 0.1
num_regions         : 117
lambda_rba          : 0.001
epochs              : 400
learning_rate       : 0.0002
weight_decay        : 0.01
scheduler_T0        : 200
scheduler_eta_min   : 1e-05
log_dir             : ./training_logs
experiment_name     : T1wRBA
augmentation        : False
reshape             : (91, 109, 91)
resume_from_checkpoint: None
2025-12-02 21:36:22,067 INFO 
Hyperparameters:
train_csv           : /home/caojiaxiang/brain age/cjx/5-fold/train_1.csv
val_csv             : /home/caojiaxiang/brain age/cjx/5-fold/val_1.csv
batch_size          : 64
num_workers         : 2
channel             : 16
embed_dim           : 128
num_heads           : 8
num_layers          : 6
hidden_dim          : 512
dropout             : 0.1
lambda_consistency  : 0.02
lambda_grad         : 0.1
noise_sigma         : 0.1
num_regions         : 117
lambda_rba          : 0.001
epochs              : 400
learning_rate       : 0.0002
weight_decay        : 0.01
scheduler_T0        : 200
scheduler_eta_min   : 1e-05
log_dir             : ./training_logs
experiment_name     : T1wRBA
augmentation        : False
reshape             : (91, 109, 91)
resume_from_checkpoint: None
2025-12-02 21:36:22,074 INFO 
Hyperparameters:
train_csv           : /home/caojiaxiang/brain age/cjx/5-fold/train_1.csv
val_csv             : /home/caojiaxiang/brain age/cjx/5-fold/val_1.csv
batch_size          : 64
num_workers         : 2
channel             : 16
embed_dim           : 128
num_heads           : 8
num_layers          : 6
hidden_dim          : 512
dropout             : 0.1
lambda_consistency  : 0.02
lambda_grad         : 0.1
noise_sigma         : 0.1
num_regions         : 117
lambda_rba          : 0.001
epochs              : 400
learning_rate       : 0.0002
weight_decay        : 0.01
scheduler_T0        : 200
scheduler_eta_min   : 1e-05
log_dir             : ./training_logs
experiment_name     : T1wRBA
augmentation        : False
reshape             : (91, 109, 91)
resume_from_checkpoint: None
2025-12-02 21:37:39,014 INFO 
Hyperparameters:
train_csv           : /home/caojiaxiang/brain age/cjx/5-fold/train_1.csv
val_csv             : /home/caojiaxiang/brain age/cjx/5-fold/val_1.csv
batch_size          : 32
num_workers         : 1
channel             : 16
embed_dim           : 128
num_heads           : 8
num_layers          : 6
hidden_dim          : 512
dropout             : 0.1
lambda_consistency  : 0.02
lambda_grad         : 0.1
noise_sigma         : 0.1
num_regions         : 117
lambda_rba          : 0.001
epochs              : 400
learning_rate       : 0.0002
weight_decay        : 0.01
scheduler_T0        : 200
scheduler_eta_min   : 1e-05
log_dir             : ./training_logs
experiment_name     : T1wRBA
augmentation        : False
reshape             : (91, 109, 91)
resume_from_checkpoint: None
2025-12-02 21:37:39,017 INFO 
Hyperparameters:
train_csv           : /home/caojiaxiang/brain age/cjx/5-fold/train_1.csv
val_csv             : /home/caojiaxiang/brain age/cjx/5-fold/val_1.csv
batch_size          : 32
num_workers         : 1
channel             : 16
embed_dim           : 128
num_heads           : 8
num_layers          : 6
hidden_dim          : 512
dropout             : 0.1
lambda_consistency  : 0.02
lambda_grad         : 0.1
noise_sigma         : 0.1
num_regions         : 117
lambda_rba          : 0.001
epochs              : 400
learning_rate       : 0.0002
weight_decay        : 0.01
scheduler_T0        : 200
scheduler_eta_min   : 1e-05
log_dir             : ./training_logs
experiment_name     : T1wRBA
augmentation        : False
reshape             : (91, 109, 91)
resume_from_checkpoint: None
2025-12-02 21:37:39,229 INFO 
Hyperparameters:
train_csv           : /home/caojiaxiang/brain age/cjx/5-fold/train_1.csv
val_csv             : /home/caojiaxiang/brain age/cjx/5-fold/val_1.csv
batch_size          : 32
num_workers         : 1
channel             : 16
embed_dim           : 128
num_heads           : 8
num_layers          : 6
hidden_dim          : 512
dropout             : 0.1
lambda_consistency  : 0.02
lambda_grad         : 0.1
noise_sigma         : 0.1
num_regions         : 117
lambda_rba          : 0.001
epochs              : 400
learning_rate       : 0.0002
weight_decay        : 0.01
scheduler_T0        : 200
scheduler_eta_min   : 1e-05
log_dir             : ./training_logs
experiment_name     : T1wRBA
augmentation        : False
reshape             : (91, 109, 91)
resume_from_checkpoint: None
2025-12-02 21:37:39,267 INFO 
Hyperparameters:
train_csv           : /home/caojiaxiang/brain age/cjx/5-fold/train_1.csv
val_csv             : /home/caojiaxiang/brain age/cjx/5-fold/val_1.csv
batch_size          : 32
num_workers         : 1
channel             : 16
embed_dim           : 128
num_heads           : 8
num_layers          : 6
hidden_dim          : 512
dropout             : 0.1
lambda_consistency  : 0.02
lambda_grad         : 0.1
noise_sigma         : 0.1
num_regions         : 117
lambda_rba          : 0.001
epochs              : 400
learning_rate       : 0.0002
weight_decay        : 0.01
scheduler_T0        : 200
scheduler_eta_min   : 1e-05
log_dir             : ./training_logs
experiment_name     : T1wRBA
augmentation        : False
reshape             : (91, 109, 91)
resume_from_checkpoint: None
2025-12-02 21:37:39,462 INFO 
Hyperparameters:
train_csv           : /home/caojiaxiang/brain age/cjx/5-fold/train_1.csv
val_csv             : /home/caojiaxiang/brain age/cjx/5-fold/val_1.csv
batch_size          : 32
num_workers         : 1
channel             : 16
embed_dim           : 128
num_heads           : 8
num_layers          : 6
hidden_dim          : 512
dropout             : 0.1
lambda_consistency  : 0.02
lambda_grad         : 0.1
noise_sigma         : 0.1
num_regions         : 117
lambda_rba          : 0.001
epochs              : 400
learning_rate       : 0.0002
weight_decay        : 0.01
scheduler_T0        : 200
scheduler_eta_min   : 1e-05
log_dir             : ./training_logs
experiment_name     : T1wRBA
augmentation        : False
reshape             : (91, 109, 91)
resume_from_checkpoint: None
2025-12-02 21:37:39,474 INFO 
Hyperparameters:
train_csv           : /home/caojiaxiang/brain age/cjx/5-fold/train_1.csv
val_csv             : /home/caojiaxiang/brain age/cjx/5-fold/val_1.csv
batch_size          : 32
num_workers         : 1
channel             : 16
embed_dim           : 128
num_heads           : 8
num_layers          : 6
hidden_dim          : 512
dropout             : 0.1
lambda_consistency  : 0.02
lambda_grad         : 0.1
noise_sigma         : 0.1
num_regions         : 117
lambda_rba          : 0.001
epochs              : 400
learning_rate       : 0.0002
weight_decay        : 0.01
scheduler_T0        : 200
scheduler_eta_min   : 1e-05
log_dir             : ./training_logs
experiment_name     : T1wRBA
augmentation        : False
reshape             : (91, 109, 91)
resume_from_checkpoint: None
2025-12-02 21:37:39,597 INFO 
Hyperparameters:
train_csv           : /home/caojiaxiang/brain age/cjx/5-fold/train_1.csv
val_csv             : /home/caojiaxiang/brain age/cjx/5-fold/val_1.csv
batch_size          : 32
num_workers         : 1
channel             : 16
embed_dim           : 128
num_heads           : 8
num_layers          : 6
hidden_dim          : 512
dropout             : 0.1
lambda_consistency  : 0.02
lambda_grad         : 0.1
noise_sigma         : 0.1
num_regions         : 117
lambda_rba          : 0.001
epochs              : 400
learning_rate       : 0.0002
weight_decay        : 0.01
scheduler_T0        : 200
scheduler_eta_min   : 1e-05
log_dir             : ./training_logs
experiment_name     : T1wRBA
augmentation        : False
reshape             : (91, 109, 91)
resume_from_checkpoint: None
2025-12-02 21:37:39,619 INFO 
Hyperparameters:
train_csv           : /home/caojiaxiang/brain age/cjx/5-fold/train_1.csv
val_csv             : /home/caojiaxiang/brain age/cjx/5-fold/val_1.csv
batch_size          : 32
num_workers         : 1
channel             : 16
embed_dim           : 128
num_heads           : 8
num_layers          : 6
hidden_dim          : 512
dropout             : 0.1
lambda_consistency  : 0.02
lambda_grad         : 0.1
noise_sigma         : 0.1
num_regions         : 117
lambda_rba          : 0.001
epochs              : 400
learning_rate       : 0.0002
weight_decay        : 0.01
scheduler_T0        : 200
scheduler_eta_min   : 1e-05
log_dir             : ./training_logs
experiment_name     : T1wRBA
augmentation        : False
reshape             : (91, 109, 91)
resume_from_checkpoint: None
2025-12-02 21:41:28,144 INFO 
Hyperparameters:
train_csv           : /home/caojiaxiang/brain age/cjx/5-fold/train_1.csv
val_csv             : /home/caojiaxiang/brain age/cjx/5-fold/val_1.csv
batch_size          : 32
num_workers         : 1
channel             : 16
embed_dim           : 128
num_heads           : 8
num_layers          : 6
hidden_dim          : 512
dropout             : 0.1
lambda_consistency  : 0.02
lambda_grad         : 0.1
noise_sigma         : 0.1
num_regions         : 117
lambda_rba          : 0.001
epochs              : 400
learning_rate       : 0.0002
weight_decay        : 0.01
scheduler_T0        : 200
scheduler_eta_min   : 1e-05
log_dir             : ./training_logs
experiment_name     : T1wRBA
augmentation        : False
reshape             : (91, 109, 91)
resume_from_checkpoint: None
2025-12-02 21:41:28,162 INFO 
Hyperparameters:
train_csv           : /home/caojiaxiang/brain age/cjx/5-fold/train_1.csv
val_csv             : /home/caojiaxiang/brain age/cjx/5-fold/val_1.csv
batch_size          : 32
num_workers         : 1
channel             : 16
embed_dim           : 128
num_heads           : 8
num_layers          : 6
hidden_dim          : 512
dropout             : 0.1
lambda_consistency  : 0.02
lambda_grad         : 0.1
noise_sigma         : 0.1
num_regions         : 117
lambda_rba          : 0.001
epochs              : 400
learning_rate       : 0.0002
weight_decay        : 0.01
scheduler_T0        : 200
scheduler_eta_min   : 1e-05
log_dir             : ./training_logs
experiment_name     : T1wRBA
augmentation        : False
reshape             : (91, 109, 91)
resume_from_checkpoint: None
2025-12-02 21:41:28,312 INFO 
Hyperparameters:
train_csv           : /home/caojiaxiang/brain age/cjx/5-fold/train_1.csv
val_csv             : /home/caojiaxiang/brain age/cjx/5-fold/val_1.csv
batch_size          : 32
num_workers         : 1
channel             : 16
embed_dim           : 128
num_heads           : 8
num_layers          : 6
hidden_dim          : 512
dropout             : 0.1
lambda_consistency  : 0.02
lambda_grad         : 0.1
noise_sigma         : 0.1
num_regions         : 117
lambda_rba          : 0.001
epochs              : 400
learning_rate       : 0.0002
weight_decay        : 0.01
scheduler_T0        : 200
scheduler_eta_min   : 1e-05
log_dir             : ./training_logs
experiment_name     : T1wRBA
augmentation        : False
reshape             : (91, 109, 91)
resume_from_checkpoint: None
2025-12-02 21:41:28,685 INFO 
Hyperparameters:
train_csv           : /home/caojiaxiang/brain age/cjx/5-fold/train_1.csv
val_csv             : /home/caojiaxiang/brain age/cjx/5-fold/val_1.csv
batch_size          : 32
num_workers         : 1
channel             : 16
embed_dim           : 128
num_heads           : 8
num_layers          : 6
hidden_dim          : 512
dropout             : 0.1
lambda_consistency  : 0.02
lambda_grad         : 0.1
noise_sigma         : 0.1
num_regions         : 117
lambda_rba          : 0.001
epochs              : 400
learning_rate       : 0.0002
weight_decay        : 0.01
scheduler_T0        : 200
scheduler_eta_min   : 1e-05
log_dir             : ./training_logs
experiment_name     : T1wRBA
augmentation        : False
reshape             : (91, 109, 91)
resume_from_checkpoint: None
2025-12-02 21:41:28,723 INFO 
Hyperparameters:
train_csv           : /home/caojiaxiang/brain age/cjx/5-fold/train_1.csv
val_csv             : /home/caojiaxiang/brain age/cjx/5-fold/val_1.csv
batch_size          : 32
num_workers         : 1
channel             : 16
embed_dim           : 128
num_heads           : 8
num_layers          : 6
hidden_dim          : 512
dropout             : 0.1
lambda_consistency  : 0.02
lambda_grad         : 0.1
noise_sigma         : 0.1
num_regions         : 117
lambda_rba          : 0.001
epochs              : 400
learning_rate       : 0.0002
weight_decay        : 0.01
scheduler_T0        : 200
scheduler_eta_min   : 1e-05
log_dir             : ./training_logs
experiment_name     : T1wRBA
augmentation        : False
reshape             : (91, 109, 91)
resume_from_checkpoint: None
2025-12-02 21:41:28,733 INFO 
Hyperparameters:
train_csv           : /home/caojiaxiang/brain age/cjx/5-fold/train_1.csv
val_csv             : /home/caojiaxiang/brain age/cjx/5-fold/val_1.csv
batch_size          : 32
num_workers         : 1
channel             : 16
embed_dim           : 128
num_heads           : 8
num_layers          : 6
hidden_dim          : 512
dropout             : 0.1
lambda_consistency  : 0.02
lambda_grad         : 0.1
noise_sigma         : 0.1
num_regions         : 117
lambda_rba          : 0.001
epochs              : 400
learning_rate       : 0.0002
weight_decay        : 0.01
scheduler_T0        : 200
scheduler_eta_min   : 1e-05
log_dir             : ./training_logs
experiment_name     : T1wRBA
augmentation        : False
reshape             : (91, 109, 91)
resume_from_checkpoint: None
2025-12-02 21:41:28,762 INFO 
Hyperparameters:
train_csv           : /home/caojiaxiang/brain age/cjx/5-fold/train_1.csv
val_csv             : /home/caojiaxiang/brain age/cjx/5-fold/val_1.csv
batch_size          : 32
num_workers         : 1
channel             : 16
embed_dim           : 128
num_heads           : 8
num_layers          : 6
hidden_dim          : 512
dropout             : 0.1
lambda_consistency  : 0.02
lambda_grad         : 0.1
noise_sigma         : 0.1
num_regions         : 117
lambda_rba          : 0.001
epochs              : 400
learning_rate       : 0.0002
weight_decay        : 0.01
scheduler_T0        : 200
scheduler_eta_min   : 1e-05
log_dir             : ./training_logs
experiment_name     : T1wRBA
augmentation        : False
reshape             : (91, 109, 91)
resume_from_checkpoint: None
2025-12-02 21:41:28,789 INFO 
Hyperparameters:
train_csv           : /home/caojiaxiang/brain age/cjx/5-fold/train_1.csv
val_csv             : /home/caojiaxiang/brain age/cjx/5-fold/val_1.csv
batch_size          : 32
num_workers         : 1
channel             : 16
embed_dim           : 128
num_heads           : 8
num_layers          : 6
hidden_dim          : 512
dropout             : 0.1
lambda_consistency  : 0.02
lambda_grad         : 0.1
noise_sigma         : 0.1
num_regions         : 117
lambda_rba          : 0.001
epochs              : 400
learning_rate       : 0.0002
weight_decay        : 0.01
scheduler_T0        : 200
scheduler_eta_min   : 1e-05
log_dir             : ./training_logs
experiment_name     : T1wRBA
augmentation        : False
reshape             : (91, 109, 91)
resume_from_checkpoint: None
2025-12-02 21:46:39,480 INFO 
Hyperparameters:
train_csv           : /home/caojiaxiang/brain age/cjx/5-fold/train_1.csv
val_csv             : /home/caojiaxiang/brain age/cjx/5-fold/val_1.csv
batch_size          : 32
num_workers         : 1
channel             : 16
embed_dim           : 128
num_heads           : 8
num_layers          : 6
hidden_dim          : 512
dropout             : 0.1
lambda_consistency  : 0.02
lambda_grad         : 0.1
noise_sigma         : 0.1
num_regions         : 117
lambda_rba          : 0.001
epochs              : 400
learning_rate       : 0.0002
weight_decay        : 0.01
scheduler_T0        : 200
scheduler_eta_min   : 1e-05
log_dir             : ./training_logs
experiment_name     : T1wRBA
augmentation        : False
reshape             : (91, 109, 91)
resume_from_checkpoint: None
2025-12-02 21:46:39,521 INFO 
Hyperparameters:
train_csv           : /home/caojiaxiang/brain age/cjx/5-fold/train_1.csv
val_csv             : /home/caojiaxiang/brain age/cjx/5-fold/val_1.csv
batch_size          : 32
num_workers         : 1
channel             : 16
embed_dim           : 128
num_heads           : 8
num_layers          : 6
hidden_dim          : 512
dropout             : 0.1
lambda_consistency  : 0.02
lambda_grad         : 0.1
noise_sigma         : 0.1
num_regions         : 117
lambda_rba          : 0.001
epochs              : 400
learning_rate       : 0.0002
weight_decay        : 0.01
scheduler_T0        : 200
scheduler_eta_min   : 1e-05
log_dir             : ./training_logs
experiment_name     : T1wRBA
augmentation        : False
reshape             : (91, 109, 91)
resume_from_checkpoint: None
2025-12-02 21:46:39,538 INFO 
Hyperparameters:
train_csv           : /home/caojiaxiang/brain age/cjx/5-fold/train_1.csv
val_csv             : /home/caojiaxiang/brain age/cjx/5-fold/val_1.csv
batch_size          : 32
num_workers         : 1
channel             : 16
embed_dim           : 128
num_heads           : 8
num_layers          : 6
hidden_dim          : 512
dropout             : 0.1
lambda_consistency  : 0.02
lambda_grad         : 0.1
noise_sigma         : 0.1
num_regions         : 117
lambda_rba          : 0.001
epochs              : 400
learning_rate       : 0.0002
weight_decay        : 0.01
scheduler_T0        : 200
scheduler_eta_min   : 1e-05
log_dir             : ./training_logs
experiment_name     : T1wRBA
augmentation        : False
reshape             : (91, 109, 91)
resume_from_checkpoint: None
2025-12-02 21:46:39,545 INFO 
Hyperparameters:
train_csv           : /home/caojiaxiang/brain age/cjx/5-fold/train_1.csv
val_csv             : /home/caojiaxiang/brain age/cjx/5-fold/val_1.csv
batch_size          : 32
num_workers         : 1
channel             : 16
embed_dim           : 128
num_heads           : 8
num_layers          : 6
hidden_dim          : 512
dropout             : 0.1
lambda_consistency  : 0.02
lambda_grad         : 0.1
noise_sigma         : 0.1
num_regions         : 117
lambda_rba          : 0.001
epochs              : 400
learning_rate       : 0.0002
weight_decay        : 0.01
scheduler_T0        : 200
scheduler_eta_min   : 1e-05
log_dir             : ./training_logs
experiment_name     : T1wRBA
augmentation        : False
reshape             : (91, 109, 91)
resume_from_checkpoint: None
2025-12-02 21:46:39,554 INFO 
Hyperparameters:
train_csv           : /home/caojiaxiang/brain age/cjx/5-fold/train_1.csv
val_csv             : /home/caojiaxiang/brain age/cjx/5-fold/val_1.csv
batch_size          : 32
num_workers         : 1
channel             : 16
embed_dim           : 128
num_heads           : 8
num_layers          : 6
hidden_dim          : 512
dropout             : 0.1
lambda_consistency  : 0.02
lambda_grad         : 0.1
noise_sigma         : 0.1
num_regions         : 117
lambda_rba          : 0.001
epochs              : 400
learning_rate       : 0.0002
weight_decay        : 0.01
scheduler_T0        : 200
scheduler_eta_min   : 1e-05
log_dir             : ./training_logs
experiment_name     : T1wRBA
augmentation        : False
reshape             : (91, 109, 91)
resume_from_checkpoint: None
2025-12-02 21:46:39,579 INFO 
Hyperparameters:
train_csv           : /home/caojiaxiang/brain age/cjx/5-fold/train_1.csv
val_csv             : /home/caojiaxiang/brain age/cjx/5-fold/val_1.csv
batch_size          : 32
num_workers         : 1
channel             : 16
embed_dim           : 128
num_heads           : 8
num_layers          : 6
hidden_dim          : 512
dropout             : 0.1
lambda_consistency  : 0.02
lambda_grad         : 0.1
noise_sigma         : 0.1
num_regions         : 117
lambda_rba          : 0.001
epochs              : 400
learning_rate       : 0.0002
weight_decay        : 0.01
scheduler_T0        : 200
scheduler_eta_min   : 1e-05
log_dir             : ./training_logs
experiment_name     : T1wRBA
augmentation        : False
reshape             : (91, 109, 91)
resume_from_checkpoint: None
2025-12-02 21:46:39,625 INFO 
Hyperparameters:
train_csv           : /home/caojiaxiang/brain age/cjx/5-fold/train_1.csv
val_csv             : /home/caojiaxiang/brain age/cjx/5-fold/val_1.csv
batch_size          : 32
num_workers         : 1
channel             : 16
embed_dim           : 128
num_heads           : 8
num_layers          : 6
hidden_dim          : 512
dropout             : 0.1
lambda_consistency  : 0.02
lambda_grad         : 0.1
noise_sigma         : 0.1
num_regions         : 117
lambda_rba          : 0.001
epochs              : 400
learning_rate       : 0.0002
weight_decay        : 0.01
scheduler_T0        : 200
scheduler_eta_min   : 1e-05
log_dir             : ./training_logs
experiment_name     : T1wRBA
augmentation        : False
reshape             : (91, 109, 91)
resume_from_checkpoint: None
2025-12-02 21:46:39,633 INFO 
Hyperparameters:
train_csv           : /home/caojiaxiang/brain age/cjx/5-fold/train_1.csv
val_csv             : /home/caojiaxiang/brain age/cjx/5-fold/val_1.csv
batch_size          : 32
num_workers         : 1
channel             : 16
embed_dim           : 128
num_heads           : 8
num_layers          : 6
hidden_dim          : 512
dropout             : 0.1
lambda_consistency  : 0.02
lambda_grad         : 0.1
noise_sigma         : 0.1
num_regions         : 117
lambda_rba          : 0.001
epochs              : 400
learning_rate       : 0.0002
weight_decay        : 0.01
scheduler_T0        : 200
scheduler_eta_min   : 1e-05
log_dir             : ./training_logs
experiment_name     : T1wRBA
augmentation        : False
reshape             : (91, 109, 91)
resume_from_checkpoint: None
2025-12-02 21:49:29,484 INFO 
Hyperparameters:
train_csv           : /home/caojiaxiang/brain age/cjx/5-fold/train_1.csv
val_csv             : /home/caojiaxiang/brain age/cjx/5-fold/val_1.csv
batch_size          : 32
num_workers         : 0
channel             : 16
embed_dim           : 64
num_heads           : 8
num_layers          : 6
hidden_dim          : 512
dropout             : 0.1
lambda_consistency  : 0.02
lambda_grad         : 0.1
noise_sigma         : 0.1
num_regions         : 117
lambda_rba          : 0.001
epochs              : 400
learning_rate       : 0.0002
weight_decay        : 0.01
scheduler_T0        : 200
scheduler_eta_min   : 1e-05
log_dir             : ./training_logs
experiment_name     : T1wRBA
augmentation        : False
reshape             : (91, 109, 91)
resume_from_checkpoint: None
2025-12-02 21:49:29,792 INFO 
Hyperparameters:
train_csv           : /home/caojiaxiang/brain age/cjx/5-fold/train_1.csv
val_csv             : /home/caojiaxiang/brain age/cjx/5-fold/val_1.csv
batch_size          : 32
num_workers         : 0
channel             : 16
embed_dim           : 64
num_heads           : 8
num_layers          : 6
hidden_dim          : 512
dropout             : 0.1
lambda_consistency  : 0.02
lambda_grad         : 0.1
noise_sigma         : 0.1
num_regions         : 117
lambda_rba          : 0.001
epochs              : 400
learning_rate       : 0.0002
weight_decay        : 0.01
scheduler_T0        : 200
scheduler_eta_min   : 1e-05
log_dir             : ./training_logs
experiment_name     : T1wRBA
augmentation        : False
reshape             : (91, 109, 91)
resume_from_checkpoint: None
2025-12-02 21:49:29,797 INFO 
Hyperparameters:
train_csv           : /home/caojiaxiang/brain age/cjx/5-fold/train_1.csv
val_csv             : /home/caojiaxiang/brain age/cjx/5-fold/val_1.csv
batch_size          : 32
num_workers         : 0
channel             : 16
embed_dim           : 64
num_heads           : 8
num_layers          : 6
hidden_dim          : 512
dropout             : 0.1
lambda_consistency  : 0.02
lambda_grad         : 0.1
noise_sigma         : 0.1
num_regions         : 117
lambda_rba          : 0.001
epochs              : 400
learning_rate       : 0.0002
weight_decay        : 0.01
scheduler_T0        : 200
scheduler_eta_min   : 1e-05
log_dir             : ./training_logs
experiment_name     : T1wRBA
augmentation        : False
reshape             : (91, 109, 91)
resume_from_checkpoint: None
2025-12-02 21:49:29,848 INFO 
Hyperparameters:
train_csv           : /home/caojiaxiang/brain age/cjx/5-fold/train_1.csv
val_csv             : /home/caojiaxiang/brain age/cjx/5-fold/val_1.csv
batch_size          : 32
num_workers         : 0
channel             : 16
embed_dim           : 64
num_heads           : 8
num_layers          : 6
hidden_dim          : 512
dropout             : 0.1
lambda_consistency  : 0.02
lambda_grad         : 0.1
noise_sigma         : 0.1
num_regions         : 117
lambda_rba          : 0.001
epochs              : 400
learning_rate       : 0.0002
weight_decay        : 0.01
scheduler_T0        : 200
scheduler_eta_min   : 1e-05
log_dir             : ./training_logs
experiment_name     : T1wRBA
augmentation        : False
reshape             : (91, 109, 91)
resume_from_checkpoint: None
2025-12-02 21:49:29,854 INFO 
Hyperparameters:
train_csv           : /home/caojiaxiang/brain age/cjx/5-fold/train_1.csv
val_csv             : /home/caojiaxiang/brain age/cjx/5-fold/val_1.csv
batch_size          : 32
num_workers         : 0
channel             : 16
embed_dim           : 64
num_heads           : 8
num_layers          : 6
hidden_dim          : 512
dropout             : 0.1
lambda_consistency  : 0.02
lambda_grad         : 0.1
noise_sigma         : 0.1
num_regions         : 117
lambda_rba          : 0.001
epochs              : 400
learning_rate       : 0.0002
weight_decay        : 0.01
scheduler_T0        : 200
scheduler_eta_min   : 1e-05
log_dir             : ./training_logs
experiment_name     : T1wRBA
augmentation        : False
reshape             : (91, 109, 91)
resume_from_checkpoint: None
2025-12-02 21:49:29,861 INFO 
Hyperparameters:
train_csv           : /home/caojiaxiang/brain age/cjx/5-fold/train_1.csv
val_csv             : /home/caojiaxiang/brain age/cjx/5-fold/val_1.csv
batch_size          : 32
num_workers         : 0
channel             : 16
embed_dim           : 64
num_heads           : 8
num_layers          : 6
hidden_dim          : 512
dropout             : 0.1
lambda_consistency  : 0.02
lambda_grad         : 0.1
noise_sigma         : 0.1
num_regions         : 117
lambda_rba          : 0.001
epochs              : 400
learning_rate       : 0.0002
weight_decay        : 0.01
scheduler_T0        : 200
scheduler_eta_min   : 1e-05
log_dir             : ./training_logs
experiment_name     : T1wRBA
augmentation        : False
reshape             : (91, 109, 91)
resume_from_checkpoint: None
2025-12-02 21:49:29,872 INFO 
Hyperparameters:
train_csv           : /home/caojiaxiang/brain age/cjx/5-fold/train_1.csv
val_csv             : /home/caojiaxiang/brain age/cjx/5-fold/val_1.csv
batch_size          : 32
num_workers         : 0
channel             : 16
embed_dim           : 64
num_heads           : 8
num_layers          : 6
hidden_dim          : 512
dropout             : 0.1
lambda_consistency  : 0.02
lambda_grad         : 0.1
noise_sigma         : 0.1
num_regions         : 117
lambda_rba          : 0.001
epochs              : 400
learning_rate       : 0.0002
weight_decay        : 0.01
scheduler_T0        : 200
scheduler_eta_min   : 1e-05
log_dir             : ./training_logs
experiment_name     : T1wRBA
augmentation        : False
reshape             : (91, 109, 91)
resume_from_checkpoint: None
2025-12-02 21:49:29,875 INFO 
Hyperparameters:
train_csv           : /home/caojiaxiang/brain age/cjx/5-fold/train_1.csv
val_csv             : /home/caojiaxiang/brain age/cjx/5-fold/val_1.csv
batch_size          : 32
num_workers         : 0
channel             : 16
embed_dim           : 64
num_heads           : 8
num_layers          : 6
hidden_dim          : 512
dropout             : 0.1
lambda_consistency  : 0.02
lambda_grad         : 0.1
noise_sigma         : 0.1
num_regions         : 117
lambda_rba          : 0.001
epochs              : 400
learning_rate       : 0.0002
weight_decay        : 0.01
scheduler_T0        : 200
scheduler_eta_min   : 1e-05
log_dir             : ./training_logs
experiment_name     : T1wRBA
augmentation        : False
reshape             : (91, 109, 91)
resume_from_checkpoint: None
2025-12-02 21:51:31,806 INFO 
Hyperparameters:
train_csv           : /home/caojiaxiang/brain age/cjx/5-fold/train_1.csv
val_csv             : /home/caojiaxiang/brain age/cjx/5-fold/val_1.csv
batch_size          : 32
num_workers         : 0
channel             : 16
embed_dim           : 64
num_heads           : 8
num_layers          : 6
hidden_dim          : 512
dropout             : 0.1
lambda_consistency  : 0.02
lambda_grad         : 0.1
noise_sigma         : 0.1
num_regions         : 117
lambda_rba          : 0.001
epochs              : 400
learning_rate       : 0.0002
weight_decay        : 0.01
scheduler_T0        : 200
scheduler_eta_min   : 1e-05
log_dir             : ./training_logs
experiment_name     : T1wRBA
augmentation        : False
reshape             : (91, 109, 91)
resume_from_checkpoint: None
2025-12-02 21:51:31,861 INFO 
Hyperparameters:
train_csv           : /home/caojiaxiang/brain age/cjx/5-fold/train_1.csv
val_csv             : /home/caojiaxiang/brain age/cjx/5-fold/val_1.csv
batch_size          : 32
num_workers         : 0
channel             : 16
embed_dim           : 64
num_heads           : 8
num_layers          : 6
hidden_dim          : 512
dropout             : 0.1
lambda_consistency  : 0.02
lambda_grad         : 0.1
noise_sigma         : 0.1
num_regions         : 117
lambda_rba          : 0.001
epochs              : 400
learning_rate       : 0.0002
weight_decay        : 0.01
scheduler_T0        : 200
scheduler_eta_min   : 1e-05
log_dir             : ./training_logs
experiment_name     : T1wRBA
augmentation        : False
reshape             : (91, 109, 91)
resume_from_checkpoint: None
2025-12-02 21:51:31,915 INFO 
Hyperparameters:
train_csv           : /home/caojiaxiang/brain age/cjx/5-fold/train_1.csv
val_csv             : /home/caojiaxiang/brain age/cjx/5-fold/val_1.csv
batch_size          : 32
num_workers         : 0
channel             : 16
embed_dim           : 64
num_heads           : 8
num_layers          : 6
hidden_dim          : 512
dropout             : 0.1
lambda_consistency  : 0.02
lambda_grad         : 0.1
noise_sigma         : 0.1
num_regions         : 117
lambda_rba          : 0.001
epochs              : 400
learning_rate       : 0.0002
weight_decay        : 0.01
scheduler_T0        : 200
scheduler_eta_min   : 1e-05
log_dir             : ./training_logs
experiment_name     : T1wRBA
augmentation        : False
reshape             : (91, 109, 91)
resume_from_checkpoint: None
2025-12-02 21:51:31,937 INFO 
Hyperparameters:
train_csv           : /home/caojiaxiang/brain age/cjx/5-fold/train_1.csv
val_csv             : /home/caojiaxiang/brain age/cjx/5-fold/val_1.csv
batch_size          : 32
num_workers         : 0
channel             : 16
embed_dim           : 64
num_heads           : 8
num_layers          : 6
hidden_dim          : 512
dropout             : 0.1
lambda_consistency  : 0.02
lambda_grad         : 0.1
noise_sigma         : 0.1
num_regions         : 117
lambda_rba          : 0.001
epochs              : 400
learning_rate       : 0.0002
weight_decay        : 0.01
scheduler_T0        : 200
scheduler_eta_min   : 1e-05
log_dir             : ./training_logs
experiment_name     : T1wRBA
augmentation        : False
reshape             : (91, 109, 91)
resume_from_checkpoint: None
2025-12-02 21:51:31,949 INFO 
Hyperparameters:
train_csv           : /home/caojiaxiang/brain age/cjx/5-fold/train_1.csv
val_csv             : /home/caojiaxiang/brain age/cjx/5-fold/val_1.csv
batch_size          : 32
num_workers         : 0
channel             : 16
embed_dim           : 64
num_heads           : 8
num_layers          : 6
hidden_dim          : 512
dropout             : 0.1
lambda_consistency  : 0.02
lambda_grad         : 0.1
noise_sigma         : 0.1
num_regions         : 117
lambda_rba          : 0.001
epochs              : 400
learning_rate       : 0.0002
weight_decay        : 0.01
scheduler_T0        : 200
scheduler_eta_min   : 1e-05
log_dir             : ./training_logs
experiment_name     : T1wRBA
augmentation        : False
reshape             : (91, 109, 91)
resume_from_checkpoint: None
2025-12-02 21:51:31,952 INFO 
Hyperparameters:
train_csv           : /home/caojiaxiang/brain age/cjx/5-fold/train_1.csv
val_csv             : /home/caojiaxiang/brain age/cjx/5-fold/val_1.csv
batch_size          : 32
num_workers         : 0
channel             : 16
embed_dim           : 64
num_heads           : 8
num_layers          : 6
hidden_dim          : 512
dropout             : 0.1
lambda_consistency  : 0.02
lambda_grad         : 0.1
noise_sigma         : 0.1
num_regions         : 117
lambda_rba          : 0.001
epochs              : 400
learning_rate       : 0.0002
weight_decay        : 0.01
scheduler_T0        : 200
scheduler_eta_min   : 1e-05
log_dir             : ./training_logs
experiment_name     : T1wRBA
augmentation        : False
reshape             : (91, 109, 91)
resume_from_checkpoint: None
2025-12-02 21:51:31,961 INFO 
Hyperparameters:
train_csv           : /home/caojiaxiang/brain age/cjx/5-fold/train_1.csv
val_csv             : /home/caojiaxiang/brain age/cjx/5-fold/val_1.csv
batch_size          : 32
num_workers         : 0
channel             : 16
embed_dim           : 64
num_heads           : 8
num_layers          : 6
hidden_dim          : 512
dropout             : 0.1
lambda_consistency  : 0.02
lambda_grad         : 0.1
noise_sigma         : 0.1
num_regions         : 117
lambda_rba          : 0.001
epochs              : 400
learning_rate       : 0.0002
weight_decay        : 0.01
scheduler_T0        : 200
scheduler_eta_min   : 1e-05
log_dir             : ./training_logs
experiment_name     : T1wRBA
augmentation        : False
reshape             : (91, 109, 91)
resume_from_checkpoint: None
2025-12-02 21:51:31,965 INFO 
Hyperparameters:
train_csv           : /home/caojiaxiang/brain age/cjx/5-fold/train_1.csv
val_csv             : /home/caojiaxiang/brain age/cjx/5-fold/val_1.csv
batch_size          : 32
num_workers         : 0
channel             : 16
embed_dim           : 64
num_heads           : 8
num_layers          : 6
hidden_dim          : 512
dropout             : 0.1
lambda_consistency  : 0.02
lambda_grad         : 0.1
noise_sigma         : 0.1
num_regions         : 117
lambda_rba          : 0.001
epochs              : 400
learning_rate       : 0.0002
weight_decay        : 0.01
scheduler_T0        : 200
scheduler_eta_min   : 1e-05
log_dir             : ./training_logs
experiment_name     : T1wRBA
augmentation        : False
reshape             : (91, 109, 91)
resume_from_checkpoint: None
2025-12-02 21:52:56,632 INFO 
Hyperparameters:
train_csv           : /home/caojiaxiang/brain age/cjx/5-fold/train_1.csv
val_csv             : /home/caojiaxiang/brain age/cjx/5-fold/val_1.csv
batch_size          : 32
num_workers         : 0
channel             : 16
embed_dim           : 64
num_heads           : 8
num_layers          : 6
hidden_dim          : 512
dropout             : 0.1
lambda_consistency  : 0.02
lambda_grad         : 0.1
noise_sigma         : 0.1
num_regions         : 117
lambda_rba          : 0.001
epochs              : 400
learning_rate       : 0.0002
weight_decay        : 0.01
scheduler_T0        : 200
scheduler_eta_min   : 1e-05
log_dir             : ./training_logs
experiment_name     : T1wRBA
augmentation        : False
reshape             : (91, 109, 91)
resume_from_checkpoint: None
2025-12-02 21:52:56,747 INFO 
Hyperparameters:
train_csv           : /home/caojiaxiang/brain age/cjx/5-fold/train_1.csv
val_csv             : /home/caojiaxiang/brain age/cjx/5-fold/val_1.csv
batch_size          : 32
num_workers         : 0
channel             : 16
embed_dim           : 64
num_heads           : 8
num_layers          : 6
hidden_dim          : 512
dropout             : 0.1
lambda_consistency  : 0.02
lambda_grad         : 0.1
noise_sigma         : 0.1
num_regions         : 117
lambda_rba          : 0.001
epochs              : 400
learning_rate       : 0.0002
weight_decay        : 0.01
scheduler_T0        : 200
scheduler_eta_min   : 1e-05
log_dir             : ./training_logs
experiment_name     : T1wRBA
augmentation        : False
reshape             : (91, 109, 91)
resume_from_checkpoint: None
2025-12-02 21:52:56,845 INFO 
Hyperparameters:
train_csv           : /home/caojiaxiang/brain age/cjx/5-fold/train_1.csv
val_csv             : /home/caojiaxiang/brain age/cjx/5-fold/val_1.csv
batch_size          : 32
num_workers         : 0
channel             : 16
embed_dim           : 64
num_heads           : 8
num_layers          : 6
hidden_dim          : 512
dropout             : 0.1
lambda_consistency  : 0.02
lambda_grad         : 0.1
noise_sigma         : 0.1
num_regions         : 117
lambda_rba          : 0.001
epochs              : 400
learning_rate       : 0.0002
weight_decay        : 0.01
scheduler_T0        : 200
scheduler_eta_min   : 1e-05
log_dir             : ./training_logs
experiment_name     : T1wRBA
augmentation        : False
reshape             : (91, 109, 91)
resume_from_checkpoint: None
2025-12-02 21:52:56,955 INFO 
Hyperparameters:
train_csv           : /home/caojiaxiang/brain age/cjx/5-fold/train_1.csv
val_csv             : /home/caojiaxiang/brain age/cjx/5-fold/val_1.csv
batch_size          : 32
num_workers         : 0
channel             : 16
embed_dim           : 64
num_heads           : 8
num_layers          : 6
hidden_dim          : 512
dropout             : 0.1
lambda_consistency  : 0.02
lambda_grad         : 0.1
noise_sigma         : 0.1
num_regions         : 117
lambda_rba          : 0.001
epochs              : 400
learning_rate       : 0.0002
weight_decay        : 0.01
scheduler_T0        : 200
scheduler_eta_min   : 1e-05
log_dir             : ./training_logs
experiment_name     : T1wRBA
augmentation        : False
reshape             : (91, 109, 91)
resume_from_checkpoint: None
2025-12-02 21:52:57,052 INFO 
Hyperparameters:
train_csv           : /home/caojiaxiang/brain age/cjx/5-fold/train_1.csv
val_csv             : /home/caojiaxiang/brain age/cjx/5-fold/val_1.csv
batch_size          : 32
num_workers         : 0
channel             : 16
embed_dim           : 64
num_heads           : 8
num_layers          : 6
hidden_dim          : 512
dropout             : 0.1
lambda_consistency  : 0.02
lambda_grad         : 0.1
noise_sigma         : 0.1
num_regions         : 117
lambda_rba          : 0.001
epochs              : 400
learning_rate       : 0.0002
weight_decay        : 0.01
scheduler_T0        : 200
scheduler_eta_min   : 1e-05
log_dir             : ./training_logs
experiment_name     : T1wRBA
augmentation        : False
reshape             : (91, 109, 91)
resume_from_checkpoint: None
2025-12-02 21:52:57,184 INFO 
Hyperparameters:
train_csv           : /home/caojiaxiang/brain age/cjx/5-fold/train_1.csv
val_csv             : /home/caojiaxiang/brain age/cjx/5-fold/val_1.csv
batch_size          : 32
num_workers         : 0
channel             : 16
embed_dim           : 64
num_heads           : 8
num_layers          : 6
hidden_dim          : 512
dropout             : 0.1
lambda_consistency  : 0.02
lambda_grad         : 0.1
noise_sigma         : 0.1
num_regions         : 117
lambda_rba          : 0.001
epochs              : 400
learning_rate       : 0.0002
weight_decay        : 0.01
scheduler_T0        : 200
scheduler_eta_min   : 1e-05
log_dir             : ./training_logs
experiment_name     : T1wRBA
augmentation        : False
reshape             : (91, 109, 91)
resume_from_checkpoint: None
2025-12-02 21:52:57,198 INFO 
Hyperparameters:
train_csv           : /home/caojiaxiang/brain age/cjx/5-fold/train_1.csv
val_csv             : /home/caojiaxiang/brain age/cjx/5-fold/val_1.csv
batch_size          : 32
num_workers         : 0
channel             : 16
embed_dim           : 64
num_heads           : 8
num_layers          : 6
hidden_dim          : 512
dropout             : 0.1
lambda_consistency  : 0.02
lambda_grad         : 0.1
noise_sigma         : 0.1
num_regions         : 117
lambda_rba          : 0.001
epochs              : 400
learning_rate       : 0.0002
weight_decay        : 0.01
scheduler_T0        : 200
scheduler_eta_min   : 1e-05
log_dir             : ./training_logs
experiment_name     : T1wRBA
augmentation        : False
reshape             : (91, 109, 91)
resume_from_checkpoint: None
2025-12-02 21:52:57,239 INFO 
Hyperparameters:
train_csv           : /home/caojiaxiang/brain age/cjx/5-fold/train_1.csv
val_csv             : /home/caojiaxiang/brain age/cjx/5-fold/val_1.csv
batch_size          : 32
num_workers         : 0
channel             : 16
embed_dim           : 64
num_heads           : 8
num_layers          : 6
hidden_dim          : 512
dropout             : 0.1
lambda_consistency  : 0.02
lambda_grad         : 0.1
noise_sigma         : 0.1
num_regions         : 117
lambda_rba          : 0.001
epochs              : 400
learning_rate       : 0.0002
weight_decay        : 0.01
scheduler_T0        : 200
scheduler_eta_min   : 1e-05
log_dir             : ./training_logs
experiment_name     : T1wRBA
augmentation        : False
reshape             : (91, 109, 91)
resume_from_checkpoint: None
2025-12-02 21:57:58,401 INFO 
Hyperparameters:
train_csv           : /home/caojiaxiang/brain age/cjx/5-fold/train_1.csv
val_csv             : /home/caojiaxiang/brain age/cjx/5-fold/val_1.csv
batch_size          : 32
num_workers         : 0
channel             : 16
embed_dim           : 64
num_heads           : 8
num_layers          : 6
hidden_dim          : 512
dropout             : 0.1
lambda_consistency  : 0.02
lambda_grad         : 0.1
noise_sigma         : 0.1
num_regions         : 117
lambda_rba          : 0.001
epochs              : 400
learning_rate       : 0.0002
weight_decay        : 0.01
scheduler_T0        : 200
scheduler_eta_min   : 1e-05
log_dir             : ./training_logs
experiment_name     : T1wRBA
augmentation        : False
reshape             : (91, 109, 91)
resume_from_checkpoint: None
2025-12-02 21:57:58,465 INFO 
Hyperparameters:
train_csv           : /home/caojiaxiang/brain age/cjx/5-fold/train_1.csv
val_csv             : /home/caojiaxiang/brain age/cjx/5-fold/val_1.csv
batch_size          : 32
num_workers         : 0
channel             : 16
embed_dim           : 64
num_heads           : 8
num_layers          : 6
hidden_dim          : 512
dropout             : 0.1
lambda_consistency  : 0.02
lambda_grad         : 0.1
noise_sigma         : 0.1
num_regions         : 117
lambda_rba          : 0.001
epochs              : 400
learning_rate       : 0.0002
weight_decay        : 0.01
scheduler_T0        : 200
scheduler_eta_min   : 1e-05
log_dir             : ./training_logs
experiment_name     : T1wRBA
augmentation        : False
reshape             : (91, 109, 91)
resume_from_checkpoint: None
2025-12-02 21:57:58,481 INFO 
Hyperparameters:
train_csv           : /home/caojiaxiang/brain age/cjx/5-fold/train_1.csv
val_csv             : /home/caojiaxiang/brain age/cjx/5-fold/val_1.csv
batch_size          : 32
num_workers         : 0
channel             : 16
embed_dim           : 64
num_heads           : 8
num_layers          : 6
hidden_dim          : 512
dropout             : 0.1
lambda_consistency  : 0.02
lambda_grad         : 0.1
noise_sigma         : 0.1
num_regions         : 117
lambda_rba          : 0.001
epochs              : 400
learning_rate       : 0.0002
weight_decay        : 0.01
scheduler_T0        : 200
scheduler_eta_min   : 1e-05
log_dir             : ./training_logs
experiment_name     : T1wRBA
augmentation        : False
reshape             : (91, 109, 91)
resume_from_checkpoint: None
2025-12-02 21:57:58,494 INFO 
Hyperparameters:
train_csv           : /home/caojiaxiang/brain age/cjx/5-fold/train_1.csv
val_csv             : /home/caojiaxiang/brain age/cjx/5-fold/val_1.csv
batch_size          : 32
num_workers         : 0
channel             : 16
embed_dim           : 64
num_heads           : 8
num_layers          : 6
hidden_dim          : 512
dropout             : 0.1
lambda_consistency  : 0.02
lambda_grad         : 0.1
noise_sigma         : 0.1
num_regions         : 117
lambda_rba          : 0.001
epochs              : 400
learning_rate       : 0.0002
weight_decay        : 0.01
scheduler_T0        : 200
scheduler_eta_min   : 1e-05
log_dir             : ./training_logs
experiment_name     : T1wRBA
augmentation        : False
reshape             : (91, 109, 91)
resume_from_checkpoint: None
2025-12-02 21:57:58,498 INFO 
Hyperparameters:
train_csv           : /home/caojiaxiang/brain age/cjx/5-fold/train_1.csv
val_csv             : /home/caojiaxiang/brain age/cjx/5-fold/val_1.csv
batch_size          : 32
num_workers         : 0
channel             : 16
embed_dim           : 64
num_heads           : 8
num_layers          : 6
hidden_dim          : 512
dropout             : 0.1
lambda_consistency  : 0.02
lambda_grad         : 0.1
noise_sigma         : 0.1
num_regions         : 117
lambda_rba          : 0.001
epochs              : 400
learning_rate       : 0.0002
weight_decay        : 0.01
scheduler_T0        : 200
scheduler_eta_min   : 1e-05
log_dir             : ./training_logs
experiment_name     : T1wRBA
augmentation        : False
reshape             : (91, 109, 91)
resume_from_checkpoint: None
2025-12-02 21:57:58,504 INFO 
Hyperparameters:
train_csv           : /home/caojiaxiang/brain age/cjx/5-fold/train_1.csv
val_csv             : /home/caojiaxiang/brain age/cjx/5-fold/val_1.csv
batch_size          : 32
num_workers         : 0
channel             : 16
embed_dim           : 64
num_heads           : 8
num_layers          : 6
hidden_dim          : 512
dropout             : 0.1
lambda_consistency  : 0.02
lambda_grad         : 0.1
noise_sigma         : 0.1
num_regions         : 117
lambda_rba          : 0.001
epochs              : 400
learning_rate       : 0.0002
weight_decay        : 0.01
scheduler_T0        : 200
scheduler_eta_min   : 1e-05
log_dir             : ./training_logs
experiment_name     : T1wRBA
augmentation        : False
reshape             : (91, 109, 91)
resume_from_checkpoint: None
2025-12-02 21:57:58,553 INFO 
Hyperparameters:
train_csv           : /home/caojiaxiang/brain age/cjx/5-fold/train_1.csv
val_csv             : /home/caojiaxiang/brain age/cjx/5-fold/val_1.csv
batch_size          : 32
num_workers         : 0
channel             : 16
embed_dim           : 64
num_heads           : 8
num_layers          : 6
hidden_dim          : 512
dropout             : 0.1
lambda_consistency  : 0.02
lambda_grad         : 0.1
noise_sigma         : 0.1
num_regions         : 117
lambda_rba          : 0.001
epochs              : 400
learning_rate       : 0.0002
weight_decay        : 0.01
scheduler_T0        : 200
scheduler_eta_min   : 1e-05
log_dir             : ./training_logs
experiment_name     : T1wRBA
augmentation        : False
reshape             : (91, 109, 91)
resume_from_checkpoint: None
2025-12-02 21:57:58,557 INFO 
Hyperparameters:
train_csv           : /home/caojiaxiang/brain age/cjx/5-fold/train_1.csv
val_csv             : /home/caojiaxiang/brain age/cjx/5-fold/val_1.csv
batch_size          : 32
num_workers         : 0
channel             : 16
embed_dim           : 64
num_heads           : 8
num_layers          : 6
hidden_dim          : 512
dropout             : 0.1
lambda_consistency  : 0.02
lambda_grad         : 0.1
noise_sigma         : 0.1
num_regions         : 117
lambda_rba          : 0.001
epochs              : 400
learning_rate       : 0.0002
weight_decay        : 0.01
scheduler_T0        : 200
scheduler_eta_min   : 1e-05
log_dir             : ./training_logs
experiment_name     : T1wRBA
augmentation        : False
reshape             : (91, 109, 91)
resume_from_checkpoint: None
2025-12-02 22:04:23,024 INFO 
Hyperparameters:
train_csv           : /home/caojiaxiang/brain age/cjx/5-fold/train_1.csv
val_csv             : /home/caojiaxiang/brain age/cjx/5-fold/val_1.csv
batch_size          : 32
num_workers         : 0
channel             : 16
embed_dim           : 64
num_heads           : 8
num_layers          : 6
hidden_dim          : 512
dropout             : 0.1
lambda_consistency  : 0.02
lambda_grad         : 0.1
noise_sigma         : 0.1
num_regions         : 117
lambda_rba          : 0.001
epochs              : 400
learning_rate       : 0.0002
weight_decay        : 0.01
scheduler_T0        : 200
scheduler_eta_min   : 1e-05
log_dir             : ./training_logs
experiment_name     : T1wRBA
augmentation        : False
reshape             : (91, 109, 91)
resume_from_checkpoint: None
2025-12-02 22:04:23,318 INFO 
Hyperparameters:
train_csv           : /home/caojiaxiang/brain age/cjx/5-fold/train_1.csv
val_csv             : /home/caojiaxiang/brain age/cjx/5-fold/val_1.csv
batch_size          : 32
num_workers         : 0
channel             : 16
embed_dim           : 64
num_heads           : 8
num_layers          : 6
hidden_dim          : 512
dropout             : 0.1
lambda_consistency  : 0.02
lambda_grad         : 0.1
noise_sigma         : 0.1
num_regions         : 117
lambda_rba          : 0.001
epochs              : 400
learning_rate       : 0.0002
weight_decay        : 0.01
scheduler_T0        : 200
scheduler_eta_min   : 1e-05
log_dir             : ./training_logs
experiment_name     : T1wRBA
augmentation        : False
reshape             : (91, 109, 91)
resume_from_checkpoint: None
2025-12-02 22:04:23,375 INFO 
Hyperparameters:
train_csv           : /home/caojiaxiang/brain age/cjx/5-fold/train_1.csv
val_csv             : /home/caojiaxiang/brain age/cjx/5-fold/val_1.csv
batch_size          : 32
num_workers         : 0
channel             : 16
embed_dim           : 64
num_heads           : 8
num_layers          : 6
hidden_dim          : 512
dropout             : 0.1
lambda_consistency  : 0.02
lambda_grad         : 0.1
noise_sigma         : 0.1
num_regions         : 117
lambda_rba          : 0.001
epochs              : 400
learning_rate       : 0.0002
weight_decay        : 0.01
scheduler_T0        : 200
scheduler_eta_min   : 1e-05
log_dir             : ./training_logs
experiment_name     : T1wRBA
augmentation        : False
reshape             : (91, 109, 91)
resume_from_checkpoint: None
2025-12-02 22:04:23,401 INFO 
Hyperparameters:
train_csv           : /home/caojiaxiang/brain age/cjx/5-fold/train_1.csv
val_csv             : /home/caojiaxiang/brain age/cjx/5-fold/val_1.csv
batch_size          : 32
num_workers         : 0
channel             : 16
embed_dim           : 64
num_heads           : 8
num_layers          : 6
hidden_dim          : 512
dropout             : 0.1
lambda_consistency  : 0.02
lambda_grad         : 0.1
noise_sigma         : 0.1
num_regions         : 117
lambda_rba          : 0.001
epochs              : 400
learning_rate       : 0.0002
weight_decay        : 0.01
scheduler_T0        : 200
scheduler_eta_min   : 1e-05
log_dir             : ./training_logs
experiment_name     : T1wRBA
augmentation        : False
reshape             : (91, 109, 91)
resume_from_checkpoint: None
2025-12-02 22:04:23,411 INFO 
Hyperparameters:
train_csv           : /home/caojiaxiang/brain age/cjx/5-fold/train_1.csv
val_csv             : /home/caojiaxiang/brain age/cjx/5-fold/val_1.csv
batch_size          : 32
num_workers         : 0
channel             : 16
embed_dim           : 64
num_heads           : 8
num_layers          : 6
hidden_dim          : 512
dropout             : 0.1
lambda_consistency  : 0.02
lambda_grad         : 0.1
noise_sigma         : 0.1
num_regions         : 117
lambda_rba          : 0.001
epochs              : 400
learning_rate       : 0.0002
weight_decay        : 0.01
scheduler_T0        : 200
scheduler_eta_min   : 1e-05
log_dir             : ./training_logs
experiment_name     : T1wRBA
augmentation        : False
reshape             : (91, 109, 91)
resume_from_checkpoint: None
2025-12-02 22:04:23,430 INFO 
Hyperparameters:
train_csv           : /home/caojiaxiang/brain age/cjx/5-fold/train_1.csv
val_csv             : /home/caojiaxiang/brain age/cjx/5-fold/val_1.csv
batch_size          : 32
num_workers         : 0
channel             : 16
embed_dim           : 64
num_heads           : 8
num_layers          : 6
hidden_dim          : 512
dropout             : 0.1
lambda_consistency  : 0.02
lambda_grad         : 0.1
noise_sigma         : 0.1
num_regions         : 117
lambda_rba          : 0.001
epochs              : 400
learning_rate       : 0.0002
weight_decay        : 0.01
scheduler_T0        : 200
scheduler_eta_min   : 1e-05
log_dir             : ./training_logs
experiment_name     : T1wRBA
augmentation        : False
reshape             : (91, 109, 91)
resume_from_checkpoint: None
2025-12-02 22:04:23,434 INFO 
Hyperparameters:
train_csv           : /home/caojiaxiang/brain age/cjx/5-fold/train_1.csv
val_csv             : /home/caojiaxiang/brain age/cjx/5-fold/val_1.csv
batch_size          : 32
num_workers         : 0
channel             : 16
embed_dim           : 64
num_heads           : 8
num_layers          : 6
hidden_dim          : 512
dropout             : 0.1
lambda_consistency  : 0.02
lambda_grad         : 0.1
noise_sigma         : 0.1
num_regions         : 117
lambda_rba          : 0.001
epochs              : 400
learning_rate       : 0.0002
weight_decay        : 0.01
scheduler_T0        : 200
scheduler_eta_min   : 1e-05
log_dir             : ./training_logs
experiment_name     : T1wRBA
augmentation        : False
reshape             : (91, 109, 91)
resume_from_checkpoint: None
2025-12-02 22:04:23,447 INFO 
Hyperparameters:
train_csv           : /home/caojiaxiang/brain age/cjx/5-fold/train_1.csv
val_csv             : /home/caojiaxiang/brain age/cjx/5-fold/val_1.csv
batch_size          : 32
num_workers         : 0
channel             : 16
embed_dim           : 64
num_heads           : 8
num_layers          : 6
hidden_dim          : 512
dropout             : 0.1
lambda_consistency  : 0.02
lambda_grad         : 0.1
noise_sigma         : 0.1
num_regions         : 117
lambda_rba          : 0.001
epochs              : 400
learning_rate       : 0.0002
weight_decay        : 0.01
scheduler_T0        : 200
scheduler_eta_min   : 1e-05
log_dir             : ./training_logs
experiment_name     : T1wRBA
augmentation        : False
reshape             : (91, 109, 91)
resume_from_checkpoint: None
2025-12-02 22:15:42,961 INFO 
Hyperparameters:
train_csv           : /home/caojiaxiang/brain age/cjx/5-fold/train_1.csv
val_csv             : /home/caojiaxiang/brain age/cjx/5-fold/val_1.csv
batch_size          : 8
num_workers         : 0
channel             : 16
embed_dim           : 64
num_heads           : 8
num_layers          : 6
hidden_dim          : 512
dropout             : 0.1
lambda_consistency  : 0.02
lambda_grad         : 0.1
noise_sigma         : 0.1
num_regions         : 117
lambda_rba          : 0.001
epochs              : 400
learning_rate       : 0.0002
weight_decay        : 0.01
scheduler_T0        : 200
scheduler_eta_min   : 1e-05
log_dir             : ./training_logs
experiment_name     : T1wRBA
augmentation        : False
reshape             : (91, 109, 91)
resume_from_checkpoint: None
2025-12-02 22:15:42,986 INFO 
Hyperparameters:
train_csv           : /home/caojiaxiang/brain age/cjx/5-fold/train_1.csv
val_csv             : /home/caojiaxiang/brain age/cjx/5-fold/val_1.csv
batch_size          : 8
num_workers         : 0
channel             : 16
embed_dim           : 64
num_heads           : 8
num_layers          : 6
hidden_dim          : 512
dropout             : 0.1
lambda_consistency  : 0.02
lambda_grad         : 0.1
noise_sigma         : 0.1
num_regions         : 117
lambda_rba          : 0.001
epochs              : 400
learning_rate       : 0.0002
weight_decay        : 0.01
scheduler_T0        : 200
scheduler_eta_min   : 1e-05
log_dir             : ./training_logs
experiment_name     : T1wRBA
augmentation        : False
reshape             : (91, 109, 91)
resume_from_checkpoint: None
2025-12-02 22:15:42,993 INFO 
Hyperparameters:
train_csv           : /home/caojiaxiang/brain age/cjx/5-fold/train_1.csv
val_csv             : /home/caojiaxiang/brain age/cjx/5-fold/val_1.csv
batch_size          : 8
num_workers         : 0
channel             : 16
embed_dim           : 64
num_heads           : 8
num_layers          : 6
hidden_dim          : 512
dropout             : 0.1
lambda_consistency  : 0.02
lambda_grad         : 0.1
noise_sigma         : 0.1
num_regions         : 117
lambda_rba          : 0.001
epochs              : 400
learning_rate       : 0.0002
weight_decay        : 0.01
scheduler_T0        : 200
scheduler_eta_min   : 1e-05
log_dir             : ./training_logs
experiment_name     : T1wRBA
augmentation        : False
reshape             : (91, 109, 91)
resume_from_checkpoint: None
2025-12-02 22:15:43,010 INFO 
Hyperparameters:
train_csv           : /home/caojiaxiang/brain age/cjx/5-fold/train_1.csv
val_csv             : /home/caojiaxiang/brain age/cjx/5-fold/val_1.csv
batch_size          : 8
num_workers         : 0
channel             : 16
embed_dim           : 64
num_heads           : 8
num_layers          : 6
hidden_dim          : 512
dropout             : 0.1
lambda_consistency  : 0.02
lambda_grad         : 0.1
noise_sigma         : 0.1
num_regions         : 117
lambda_rba          : 0.001
epochs              : 400
learning_rate       : 0.0002
weight_decay        : 0.01
scheduler_T0        : 200
scheduler_eta_min   : 1e-05
log_dir             : ./training_logs
experiment_name     : T1wRBA
augmentation        : False
reshape             : (91, 109, 91)
resume_from_checkpoint: None
2025-12-02 22:15:43,033 INFO 
Hyperparameters:
train_csv           : /home/caojiaxiang/brain age/cjx/5-fold/train_1.csv
val_csv             : /home/caojiaxiang/brain age/cjx/5-fold/val_1.csv
batch_size          : 8
num_workers         : 0
channel             : 16
embed_dim           : 64
num_heads           : 8
num_layers          : 6
hidden_dim          : 512
dropout             : 0.1
lambda_consistency  : 0.02
lambda_grad         : 0.1
noise_sigma         : 0.1
num_regions         : 117
lambda_rba          : 0.001
epochs              : 400
learning_rate       : 0.0002
weight_decay        : 0.01
scheduler_T0        : 200
scheduler_eta_min   : 1e-05
log_dir             : ./training_logs
experiment_name     : T1wRBA
augmentation        : False
reshape             : (91, 109, 91)
resume_from_checkpoint: None
2025-12-02 22:15:43,045 INFO 
Hyperparameters:
train_csv           : /home/caojiaxiang/brain age/cjx/5-fold/train_1.csv
val_csv             : /home/caojiaxiang/brain age/cjx/5-fold/val_1.csv
batch_size          : 8
num_workers         : 0
channel             : 16
embed_dim           : 64
num_heads           : 8
num_layers          : 6
hidden_dim          : 512
dropout             : 0.1
lambda_consistency  : 0.02
lambda_grad         : 0.1
noise_sigma         : 0.1
num_regions         : 117
lambda_rba          : 0.001
epochs              : 400
learning_rate       : 0.0002
weight_decay        : 0.01
scheduler_T0        : 200
scheduler_eta_min   : 1e-05
log_dir             : ./training_logs
experiment_name     : T1wRBA
augmentation        : False
reshape             : (91, 109, 91)
resume_from_checkpoint: None
2025-12-02 22:15:43,045 INFO 
Hyperparameters:
train_csv           : /home/caojiaxiang/brain age/cjx/5-fold/train_1.csv
val_csv             : /home/caojiaxiang/brain age/cjx/5-fold/val_1.csv
batch_size          : 8
num_workers         : 0
channel             : 16
embed_dim           : 64
num_heads           : 8
num_layers          : 6
hidden_dim          : 512
dropout             : 0.1
lambda_consistency  : 0.02
lambda_grad         : 0.1
noise_sigma         : 0.1
num_regions         : 117
lambda_rba          : 0.001
epochs              : 400
learning_rate       : 0.0002
weight_decay        : 0.01
scheduler_T0        : 200
scheduler_eta_min   : 1e-05
log_dir             : ./training_logs
experiment_name     : T1wRBA
augmentation        : False
reshape             : (91, 109, 91)
resume_from_checkpoint: None
2025-12-02 22:15:43,054 INFO 
Hyperparameters:
train_csv           : /home/caojiaxiang/brain age/cjx/5-fold/train_1.csv
val_csv             : /home/caojiaxiang/brain age/cjx/5-fold/val_1.csv
batch_size          : 8
num_workers         : 0
channel             : 16
embed_dim           : 64
num_heads           : 8
num_layers          : 6
hidden_dim          : 512
dropout             : 0.1
lambda_consistency  : 0.02
lambda_grad         : 0.1
noise_sigma         : 0.1
num_regions         : 117
lambda_rba          : 0.001
epochs              : 400
learning_rate       : 0.0002
weight_decay        : 0.01
scheduler_T0        : 200
scheduler_eta_min   : 1e-05
log_dir             : ./training_logs
experiment_name     : T1wRBA
augmentation        : False
reshape             : (91, 109, 91)
resume_from_checkpoint: None
2025-12-02 22:16:42,547 INFO 
Hyperparameters:
train_csv           : /home/caojiaxiang/brain age/cjx/5-fold/train_1.csv
val_csv             : /home/caojiaxiang/brain age/cjx/5-fold/val_1.csv
batch_size          : 8
num_workers         : 1
channel             : 16
embed_dim           : 64
num_heads           : 8
num_layers          : 6
hidden_dim          : 512
dropout             : 0.1
lambda_consistency  : 0.02
lambda_grad         : 0.1
noise_sigma         : 0.1
num_regions         : 117
lambda_rba          : 0.001
epochs              : 400
learning_rate       : 0.0002
weight_decay        : 0.01
scheduler_T0        : 200
scheduler_eta_min   : 1e-05
log_dir             : ./training_logs
experiment_name     : T1wRBA
augmentation        : False
reshape             : (91, 109, 91)
resume_from_checkpoint: None
2025-12-02 22:16:42,745 INFO 
Hyperparameters:
train_csv           : /home/caojiaxiang/brain age/cjx/5-fold/train_1.csv
val_csv             : /home/caojiaxiang/brain age/cjx/5-fold/val_1.csv
batch_size          : 8
num_workers         : 1
channel             : 16
embed_dim           : 64
num_heads           : 8
num_layers          : 6
hidden_dim          : 512
dropout             : 0.1
lambda_consistency  : 0.02
lambda_grad         : 0.1
noise_sigma         : 0.1
num_regions         : 117
lambda_rba          : 0.001
epochs              : 400
learning_rate       : 0.0002
weight_decay        : 0.01
scheduler_T0        : 200
scheduler_eta_min   : 1e-05
log_dir             : ./training_logs
experiment_name     : T1wRBA
augmentation        : False
reshape             : (91, 109, 91)
resume_from_checkpoint: None
2025-12-02 22:16:42,771 INFO 
Hyperparameters:
train_csv           : /home/caojiaxiang/brain age/cjx/5-fold/train_1.csv
val_csv             : /home/caojiaxiang/brain age/cjx/5-fold/val_1.csv
batch_size          : 8
num_workers         : 1
channel             : 16
embed_dim           : 64
num_heads           : 8
num_layers          : 6
hidden_dim          : 512
dropout             : 0.1
lambda_consistency  : 0.02
lambda_grad         : 0.1
noise_sigma         : 0.1
num_regions         : 117
lambda_rba          : 0.001
epochs              : 400
learning_rate       : 0.0002
weight_decay        : 0.01
scheduler_T0        : 200
scheduler_eta_min   : 1e-05
log_dir             : ./training_logs
experiment_name     : T1wRBA
augmentation        : False
reshape             : (91, 109, 91)
resume_from_checkpoint: None
2025-12-02 22:16:42,777 INFO 
Hyperparameters:
train_csv           : /home/caojiaxiang/brain age/cjx/5-fold/train_1.csv
val_csv             : /home/caojiaxiang/brain age/cjx/5-fold/val_1.csv
batch_size          : 8
num_workers         : 1
channel             : 16
embed_dim           : 64
num_heads           : 8
num_layers          : 6
hidden_dim          : 512
dropout             : 0.1
lambda_consistency  : 0.02
lambda_grad         : 0.1
noise_sigma         : 0.1
num_regions         : 117
lambda_rba          : 0.001
epochs              : 400
learning_rate       : 0.0002
weight_decay        : 0.01
scheduler_T0        : 200
scheduler_eta_min   : 1e-05
log_dir             : ./training_logs
experiment_name     : T1wRBA
augmentation        : False
reshape             : (91, 109, 91)
resume_from_checkpoint: None
2025-12-02 22:16:42,826 INFO 
Hyperparameters:
train_csv           : /home/caojiaxiang/brain age/cjx/5-fold/train_1.csv
val_csv             : /home/caojiaxiang/brain age/cjx/5-fold/val_1.csv
batch_size          : 8
num_workers         : 1
channel             : 16
embed_dim           : 64
num_heads           : 8
num_layers          : 6
hidden_dim          : 512
dropout             : 0.1
lambda_consistency  : 0.02
lambda_grad         : 0.1
noise_sigma         : 0.1
num_regions         : 117
lambda_rba          : 0.001
epochs              : 400
learning_rate       : 0.0002
weight_decay        : 0.01
scheduler_T0        : 200
scheduler_eta_min   : 1e-05
log_dir             : ./training_logs
experiment_name     : T1wRBA
augmentation        : False
reshape             : (91, 109, 91)
resume_from_checkpoint: None
2025-12-02 22:16:42,863 INFO 
Hyperparameters:
train_csv           : /home/caojiaxiang/brain age/cjx/5-fold/train_1.csv
val_csv             : /home/caojiaxiang/brain age/cjx/5-fold/val_1.csv
batch_size          : 8
num_workers         : 1
channel             : 16
embed_dim           : 64
num_heads           : 8
num_layers          : 6
hidden_dim          : 512
dropout             : 0.1
lambda_consistency  : 0.02
lambda_grad         : 0.1
noise_sigma         : 0.1
num_regions         : 117
lambda_rba          : 0.001
epochs              : 400
learning_rate       : 0.0002
weight_decay        : 0.01
scheduler_T0        : 200
scheduler_eta_min   : 1e-05
log_dir             : ./training_logs
experiment_name     : T1wRBA
augmentation        : False
reshape             : (91, 109, 91)
resume_from_checkpoint: None
2025-12-02 22:16:43,135 INFO 
Hyperparameters:
train_csv           : /home/caojiaxiang/brain age/cjx/5-fold/train_1.csv
val_csv             : /home/caojiaxiang/brain age/cjx/5-fold/val_1.csv
batch_size          : 8
num_workers         : 1
channel             : 16
embed_dim           : 64
num_heads           : 8
num_layers          : 6
hidden_dim          : 512
dropout             : 0.1
lambda_consistency  : 0.02
lambda_grad         : 0.1
noise_sigma         : 0.1
num_regions         : 117
lambda_rba          : 0.001
epochs              : 400
learning_rate       : 0.0002
weight_decay        : 0.01
scheduler_T0        : 200
scheduler_eta_min   : 1e-05
log_dir             : ./training_logs
experiment_name     : T1wRBA
augmentation        : False
reshape             : (91, 109, 91)
resume_from_checkpoint: None
2025-12-02 22:16:43,249 INFO 
Hyperparameters:
train_csv           : /home/caojiaxiang/brain age/cjx/5-fold/train_1.csv
val_csv             : /home/caojiaxiang/brain age/cjx/5-fold/val_1.csv
batch_size          : 8
num_workers         : 1
channel             : 16
embed_dim           : 64
num_heads           : 8
num_layers          : 6
hidden_dim          : 512
dropout             : 0.1
lambda_consistency  : 0.02
lambda_grad         : 0.1
noise_sigma         : 0.1
num_regions         : 117
lambda_rba          : 0.001
epochs              : 400
learning_rate       : 0.0002
weight_decay        : 0.01
scheduler_T0        : 200
scheduler_eta_min   : 1e-05
log_dir             : ./training_logs
experiment_name     : T1wRBA
augmentation        : False
reshape             : (91, 109, 91)
resume_from_checkpoint: None
2025-12-02 22:17:47,873 INFO 
Hyperparameters:
train_csv           : /home/caojiaxiang/brain age/cjx/5-fold/train_1.csv
val_csv             : /home/caojiaxiang/brain age/cjx/5-fold/val_1.csv
batch_size          : 4
num_workers         : 1
channel             : 16
embed_dim           : 64
num_heads           : 8
num_layers          : 6
hidden_dim          : 512
dropout             : 0.1
lambda_consistency  : 0.02
lambda_grad         : 0.1
noise_sigma         : 0.1
num_regions         : 117
lambda_rba          : 0.001
epochs              : 400
learning_rate       : 0.0002
weight_decay        : 0.01
scheduler_T0        : 200
scheduler_eta_min   : 1e-05
log_dir             : ./training_logs
experiment_name     : T1wRBA
augmentation        : False
reshape             : (91, 109, 91)
resume_from_checkpoint: None
2025-12-02 22:17:47,888 INFO 
Hyperparameters:
train_csv           : /home/caojiaxiang/brain age/cjx/5-fold/train_1.csv
val_csv             : /home/caojiaxiang/brain age/cjx/5-fold/val_1.csv
batch_size          : 4
num_workers         : 1
channel             : 16
embed_dim           : 64
num_heads           : 8
num_layers          : 6
hidden_dim          : 512
dropout             : 0.1
lambda_consistency  : 0.02
lambda_grad         : 0.1
noise_sigma         : 0.1
num_regions         : 117
lambda_rba          : 0.001
epochs              : 400
learning_rate       : 0.0002
weight_decay        : 0.01
scheduler_T0        : 200
scheduler_eta_min   : 1e-05
log_dir             : ./training_logs
experiment_name     : T1wRBA
augmentation        : False
reshape             : (91, 109, 91)
resume_from_checkpoint: None
2025-12-02 22:17:47,912 INFO 
Hyperparameters:
train_csv           : /home/caojiaxiang/brain age/cjx/5-fold/train_1.csv
val_csv             : /home/caojiaxiang/brain age/cjx/5-fold/val_1.csv
batch_size          : 4
num_workers         : 1
channel             : 16
embed_dim           : 64
num_heads           : 8
num_layers          : 6
hidden_dim          : 512
dropout             : 0.1
lambda_consistency  : 0.02
lambda_grad         : 0.1
noise_sigma         : 0.1
num_regions         : 117
lambda_rba          : 0.001
epochs              : 400
learning_rate       : 0.0002
weight_decay        : 0.01
scheduler_T0        : 200
scheduler_eta_min   : 1e-05
log_dir             : ./training_logs
experiment_name     : T1wRBA
augmentation        : False
reshape             : (91, 109, 91)
resume_from_checkpoint: None
2025-12-02 22:17:47,920 INFO 
Hyperparameters:
train_csv           : /home/caojiaxiang/brain age/cjx/5-fold/train_1.csv
val_csv             : /home/caojiaxiang/brain age/cjx/5-fold/val_1.csv
batch_size          : 4
num_workers         : 1
channel             : 16
embed_dim           : 64
num_heads           : 8
num_layers          : 6
hidden_dim          : 512
dropout             : 0.1
lambda_consistency  : 0.02
lambda_grad         : 0.1
noise_sigma         : 0.1
num_regions         : 117
lambda_rba          : 0.001
epochs              : 400
learning_rate       : 0.0002
weight_decay        : 0.01
scheduler_T0        : 200
scheduler_eta_min   : 1e-05
log_dir             : ./training_logs
experiment_name     : T1wRBA
augmentation        : False
reshape             : (91, 109, 91)
resume_from_checkpoint: None
2025-12-02 22:17:47,922 INFO 
Hyperparameters:
train_csv           : /home/caojiaxiang/brain age/cjx/5-fold/train_1.csv
val_csv             : /home/caojiaxiang/brain age/cjx/5-fold/val_1.csv
batch_size          : 4
num_workers         : 1
channel             : 16
embed_dim           : 64
num_heads           : 8
num_layers          : 6
hidden_dim          : 512
dropout             : 0.1
lambda_consistency  : 0.02
lambda_grad         : 0.1
noise_sigma         : 0.1
num_regions         : 117
lambda_rba          : 0.001
epochs              : 400
learning_rate       : 0.0002
weight_decay        : 0.01
scheduler_T0        : 200
scheduler_eta_min   : 1e-05
log_dir             : ./training_logs
experiment_name     : T1wRBA
augmentation        : False
reshape             : (91, 109, 91)
resume_from_checkpoint: None
2025-12-02 22:17:47,937 INFO 
Hyperparameters:
train_csv           : /home/caojiaxiang/brain age/cjx/5-fold/train_1.csv
val_csv             : /home/caojiaxiang/brain age/cjx/5-fold/val_1.csv
batch_size          : 4
num_workers         : 1
channel             : 16
embed_dim           : 64
num_heads           : 8
num_layers          : 6
hidden_dim          : 512
dropout             : 0.1
lambda_consistency  : 0.02
lambda_grad         : 0.1
noise_sigma         : 0.1
num_regions         : 117
lambda_rba          : 0.001
epochs              : 400
learning_rate       : 0.0002
weight_decay        : 0.01
scheduler_T0        : 200
scheduler_eta_min   : 1e-05
log_dir             : ./training_logs
experiment_name     : T1wRBA
augmentation        : False
reshape             : (91, 109, 91)
resume_from_checkpoint: None
2025-12-02 22:17:47,965 INFO 
Hyperparameters:
train_csv           : /home/caojiaxiang/brain age/cjx/5-fold/train_1.csv
val_csv             : /home/caojiaxiang/brain age/cjx/5-fold/val_1.csv
batch_size          : 4
num_workers         : 1
channel             : 16
embed_dim           : 64
num_heads           : 8
num_layers          : 6
hidden_dim          : 512
dropout             : 0.1
lambda_consistency  : 0.02
lambda_grad         : 0.1
noise_sigma         : 0.1
num_regions         : 117
lambda_rba          : 0.001
epochs              : 400
learning_rate       : 0.0002
weight_decay        : 0.01
scheduler_T0        : 200
scheduler_eta_min   : 1e-05
log_dir             : ./training_logs
experiment_name     : T1wRBA
augmentation        : False
reshape             : (91, 109, 91)
resume_from_checkpoint: None
2025-12-02 22:17:47,977 INFO 
Hyperparameters:
train_csv           : /home/caojiaxiang/brain age/cjx/5-fold/train_1.csv
val_csv             : /home/caojiaxiang/brain age/cjx/5-fold/val_1.csv
batch_size          : 4
num_workers         : 1
channel             : 16
embed_dim           : 64
num_heads           : 8
num_layers          : 6
hidden_dim          : 512
dropout             : 0.1
lambda_consistency  : 0.02
lambda_grad         : 0.1
noise_sigma         : 0.1
num_regions         : 117
lambda_rba          : 0.001
epochs              : 400
learning_rate       : 0.0002
weight_decay        : 0.01
scheduler_T0        : 200
scheduler_eta_min   : 1e-05
log_dir             : ./training_logs
experiment_name     : T1wRBA
augmentation        : False
reshape             : (91, 109, 91)
resume_from_checkpoint: None
2025-12-02 22:25:02,423 INFO The used dataset had no length, returning gathered tensors. You should drop the remainder yourself.
2025-12-02 22:25:02,473 INFO The used dataset had no length, returning gathered tensors. You should drop the remainder yourself.
2025-12-02 22:25:02,487 INFO Epoch 1/400 | LR: 1.33e-05 | Train Loss: 3489.0689 (Main: 1677.0383, Cons: 0.0207, Grad: 0.002928293691, RBA: 1812.0070) | Val Loss: 1672.8035 | MAE: 32.81 | Val_RBA: 34.63 | R²: -1.8718 ｜ R: 0.3519
2025-12-02 22:25:02,554 INFO Checkpoint saved at epoch 0
2025-12-02 22:28:05,586 INFO 
Hyperparameters:
train_csv           : /home/caojiaxiang/brain age/cjx/5-fold/train_1.csv
val_csv             : /home/caojiaxiang/brain age/cjx/5-fold/val_1.csv
batch_size          : 4
num_workers         : 1
channel             : 16
embed_dim           : 64
num_heads           : 8
num_layers          : 6
hidden_dim          : 512
dropout             : 0.1
lambda_consistency  : 0.02
lambda_grad         : 0.1
noise_sigma         : 0.1
num_regions         : 117
lambda_rba          : 0.001
epochs              : 400
learning_rate       : 0.0002
weight_decay        : 0.01
scheduler_T0        : 200
scheduler_eta_min   : 1e-05
log_dir             : ./training_logs
experiment_name     : T1wRBA
augmentation        : False
reshape             : (91, 109, 91)
resume_from_checkpoint: None
2025-12-02 22:28:05,685 INFO 
Hyperparameters:
train_csv           : /home/caojiaxiang/brain age/cjx/5-fold/train_1.csv
val_csv             : /home/caojiaxiang/brain age/cjx/5-fold/val_1.csv
batch_size          : 4
num_workers         : 1
channel             : 16
embed_dim           : 64
num_heads           : 8
num_layers          : 6
hidden_dim          : 512
dropout             : 0.1
lambda_consistency  : 0.02
lambda_grad         : 0.1
noise_sigma         : 0.1
num_regions         : 117
lambda_rba          : 0.001
epochs              : 400
learning_rate       : 0.0002
weight_decay        : 0.01
scheduler_T0        : 200
scheduler_eta_min   : 1e-05
log_dir             : ./training_logs
experiment_name     : T1wRBA
augmentation        : False
reshape             : (91, 109, 91)
resume_from_checkpoint: None
2025-12-02 22:28:05,770 INFO 
Hyperparameters:
train_csv           : /home/caojiaxiang/brain age/cjx/5-fold/train_1.csv
val_csv             : /home/caojiaxiang/brain age/cjx/5-fold/val_1.csv
batch_size          : 4
num_workers         : 1
channel             : 16
embed_dim           : 64
num_heads           : 8
num_layers          : 6
hidden_dim          : 512
dropout             : 0.1
lambda_consistency  : 0.02
lambda_grad         : 0.1
noise_sigma         : 0.1
num_regions         : 117
lambda_rba          : 0.001
epochs              : 400
learning_rate       : 0.0002
weight_decay        : 0.01
scheduler_T0        : 200
scheduler_eta_min   : 1e-05
log_dir             : ./training_logs
experiment_name     : T1wRBA
augmentation        : False
reshape             : (91, 109, 91)
resume_from_checkpoint: None
2025-12-02 22:28:05,785 INFO 
Hyperparameters:
train_csv           : /home/caojiaxiang/brain age/cjx/5-fold/train_1.csv
val_csv             : /home/caojiaxiang/brain age/cjx/5-fold/val_1.csv
batch_size          : 4
num_workers         : 1
channel             : 16
embed_dim           : 64
num_heads           : 8
num_layers          : 6
hidden_dim          : 512
dropout             : 0.1
lambda_consistency  : 0.02
lambda_grad         : 0.1
noise_sigma         : 0.1
num_regions         : 117
lambda_rba          : 0.001
epochs              : 400
learning_rate       : 0.0002
weight_decay        : 0.01
scheduler_T0        : 200
scheduler_eta_min   : 1e-05
log_dir             : ./training_logs
experiment_name     : T1wRBA
augmentation        : False
reshape             : (91, 109, 91)
resume_from_checkpoint: None
2025-12-02 22:28:05,788 INFO 
Hyperparameters:
train_csv           : /home/caojiaxiang/brain age/cjx/5-fold/train_1.csv
val_csv             : /home/caojiaxiang/brain age/cjx/5-fold/val_1.csv
batch_size          : 4
num_workers         : 1
channel             : 16
embed_dim           : 64
num_heads           : 8
num_layers          : 6
hidden_dim          : 512
dropout             : 0.1
lambda_consistency  : 0.02
lambda_grad         : 0.1
noise_sigma         : 0.1
num_regions         : 117
lambda_rba          : 0.001
epochs              : 400
learning_rate       : 0.0002
weight_decay        : 0.01
scheduler_T0        : 200
scheduler_eta_min   : 1e-05
log_dir             : ./training_logs
experiment_name     : T1wRBA
augmentation        : False
reshape             : (91, 109, 91)
resume_from_checkpoint: None
2025-12-02 22:28:05,790 INFO 
Hyperparameters:
train_csv           : /home/caojiaxiang/brain age/cjx/5-fold/train_1.csv
val_csv             : /home/caojiaxiang/brain age/cjx/5-fold/val_1.csv
batch_size          : 4
num_workers         : 1
channel             : 16
embed_dim           : 64
num_heads           : 8
num_layers          : 6
hidden_dim          : 512
dropout             : 0.1
lambda_consistency  : 0.02
lambda_grad         : 0.1
noise_sigma         : 0.1
num_regions         : 117
lambda_rba          : 0.001
epochs              : 400
learning_rate       : 0.0002
weight_decay        : 0.01
scheduler_T0        : 200
scheduler_eta_min   : 1e-05
log_dir             : ./training_logs
experiment_name     : T1wRBA
augmentation        : False
reshape             : (91, 109, 91)
resume_from_checkpoint: None
2025-12-02 22:28:05,828 INFO 
Hyperparameters:
train_csv           : /home/caojiaxiang/brain age/cjx/5-fold/train_1.csv
val_csv             : /home/caojiaxiang/brain age/cjx/5-fold/val_1.csv
batch_size          : 4
num_workers         : 1
channel             : 16
embed_dim           : 64
num_heads           : 8
num_layers          : 6
hidden_dim          : 512
dropout             : 0.1
lambda_consistency  : 0.02
lambda_grad         : 0.1
noise_sigma         : 0.1
num_regions         : 117
lambda_rba          : 0.001
epochs              : 400
learning_rate       : 0.0002
weight_decay        : 0.01
scheduler_T0        : 200
scheduler_eta_min   : 1e-05
log_dir             : ./training_logs
experiment_name     : T1wRBA
augmentation        : False
reshape             : (91, 109, 91)
resume_from_checkpoint: None
2025-12-02 22:28:05,834 INFO 
Hyperparameters:
train_csv           : /home/caojiaxiang/brain age/cjx/5-fold/train_1.csv
val_csv             : /home/caojiaxiang/brain age/cjx/5-fold/val_1.csv
batch_size          : 4
num_workers         : 1
channel             : 16
embed_dim           : 64
num_heads           : 8
num_layers          : 6
hidden_dim          : 512
dropout             : 0.1
lambda_consistency  : 0.02
lambda_grad         : 0.1
noise_sigma         : 0.1
num_regions         : 117
lambda_rba          : 0.001
epochs              : 400
learning_rate       : 0.0002
weight_decay        : 0.01
scheduler_T0        : 200
scheduler_eta_min   : 1e-05
log_dir             : ./training_logs
experiment_name     : T1wRBA
augmentation        : False
reshape             : (91, 109, 91)
resume_from_checkpoint: None
2025-12-02 22:37:21,294 INFO The used dataset had no length, returning gathered tensors. You should drop the remainder yourself.
2025-12-02 22:37:21,326 INFO The used dataset had no length, returning gathered tensors. You should drop the remainder yourself.
2025-12-02 22:37:21,334 INFO Epoch 1/400 | LR: 1.33e-05 | Train Loss: 3642.6510 (Main: 1822.2730, Cons: 0.0236, Grad: 0.000004194166, RBA: 1820.3544) | Val Loss: 1791.5566 | MAE: 34.54 | Val_RBA: 34.72 | R²: -2.0785 ｜ R: -0.2658
2025-12-02 22:37:21,366 INFO Checkpoint saved at epoch 0
2025-12-02 22:41:52,647 INFO 
Hyperparameters:
train_csv           : /home/caojiaxiang/brain age/cjx/5-fold/train_1.csv
val_csv             : /home/caojiaxiang/brain age/cjx/5-fold/val_1.csv
batch_size          : 4
num_workers         : 1
channel             : 16
embed_dim           : 64
num_heads           : 8
num_layers          : 6
hidden_dim          : 512
dropout             : 0.1
lambda_consistency  : 0.02
lambda_grad         : 0.1
noise_sigma         : 0.1
num_regions         : 117
lambda_rba          : 0.001
epochs              : 400
learning_rate       : 0.0002
weight_decay        : 0.01
scheduler_T0        : 200
scheduler_eta_min   : 1e-05
log_dir             : ./training_logs
experiment_name     : T1wRBA
augmentation        : False
reshape             : (91, 109, 91)
resume_from_checkpoint: None
2025-12-02 22:41:52,691 INFO 
Hyperparameters:
train_csv           : /home/caojiaxiang/brain age/cjx/5-fold/train_1.csv
val_csv             : /home/caojiaxiang/brain age/cjx/5-fold/val_1.csv
batch_size          : 4
num_workers         : 1
channel             : 16
embed_dim           : 64
num_heads           : 8
num_layers          : 6
hidden_dim          : 512
dropout             : 0.1
lambda_consistency  : 0.02
lambda_grad         : 0.1
noise_sigma         : 0.1
num_regions         : 117
lambda_rba          : 0.001
epochs              : 400
learning_rate       : 0.0002
weight_decay        : 0.01
scheduler_T0        : 200
scheduler_eta_min   : 1e-05
log_dir             : ./training_logs
experiment_name     : T1wRBA
augmentation        : False
reshape             : (91, 109, 91)
resume_from_checkpoint: None
2025-12-02 22:41:52,730 INFO 
Hyperparameters:
train_csv           : /home/caojiaxiang/brain age/cjx/5-fold/train_1.csv
val_csv             : /home/caojiaxiang/brain age/cjx/5-fold/val_1.csv
batch_size          : 4
num_workers         : 1
channel             : 16
embed_dim           : 64
num_heads           : 8
num_layers          : 6
hidden_dim          : 512
dropout             : 0.1
lambda_consistency  : 0.02
lambda_grad         : 0.1
noise_sigma         : 0.1
num_regions         : 117
lambda_rba          : 0.001
epochs              : 400
learning_rate       : 0.0002
weight_decay        : 0.01
scheduler_T0        : 200
scheduler_eta_min   : 1e-05
log_dir             : ./training_logs
experiment_name     : T1wRBA
augmentation        : False
reshape             : (91, 109, 91)
resume_from_checkpoint: None
2025-12-02 22:41:52,749 INFO 
Hyperparameters:
train_csv           : /home/caojiaxiang/brain age/cjx/5-fold/train_1.csv
val_csv             : /home/caojiaxiang/brain age/cjx/5-fold/val_1.csv
batch_size          : 4
num_workers         : 1
channel             : 16
embed_dim           : 64
num_heads           : 8
num_layers          : 6
hidden_dim          : 512
dropout             : 0.1
lambda_consistency  : 0.02
lambda_grad         : 0.1
noise_sigma         : 0.1
num_regions         : 117
lambda_rba          : 0.001
epochs              : 400
learning_rate       : 0.0002
weight_decay        : 0.01
scheduler_T0        : 200
scheduler_eta_min   : 1e-05
log_dir             : ./training_logs
experiment_name     : T1wRBA
augmentation        : False
reshape             : (91, 109, 91)
resume_from_checkpoint: None
2025-12-02 22:41:52,755 INFO 
Hyperparameters:
train_csv           : /home/caojiaxiang/brain age/cjx/5-fold/train_1.csv
val_csv             : /home/caojiaxiang/brain age/cjx/5-fold/val_1.csv
batch_size          : 4
num_workers         : 1
channel             : 16
embed_dim           : 64
num_heads           : 8
num_layers          : 6
hidden_dim          : 512
dropout             : 0.1
lambda_consistency  : 0.02
lambda_grad         : 0.1
noise_sigma         : 0.1
num_regions         : 117
lambda_rba          : 0.001
epochs              : 400
learning_rate       : 0.0002
weight_decay        : 0.01
scheduler_T0        : 200
scheduler_eta_min   : 1e-05
log_dir             : ./training_logs
experiment_name     : T1wRBA
augmentation        : False
reshape             : (91, 109, 91)
resume_from_checkpoint: None
2025-12-02 22:41:52,787 INFO 
Hyperparameters:
train_csv           : /home/caojiaxiang/brain age/cjx/5-fold/train_1.csv
val_csv             : /home/caojiaxiang/brain age/cjx/5-fold/val_1.csv
batch_size          : 4
num_workers         : 1
channel             : 16
embed_dim           : 64
num_heads           : 8
num_layers          : 6
hidden_dim          : 512
dropout             : 0.1
lambda_consistency  : 0.02
lambda_grad         : 0.1
noise_sigma         : 0.1
num_regions         : 117
lambda_rba          : 0.001
epochs              : 400
learning_rate       : 0.0002
weight_decay        : 0.01
scheduler_T0        : 200
scheduler_eta_min   : 1e-05
log_dir             : ./training_logs
experiment_name     : T1wRBA
augmentation        : False
reshape             : (91, 109, 91)
resume_from_checkpoint: None
2025-12-02 22:41:52,797 INFO 
Hyperparameters:
train_csv           : /home/caojiaxiang/brain age/cjx/5-fold/train_1.csv
val_csv             : /home/caojiaxiang/brain age/cjx/5-fold/val_1.csv
batch_size          : 4
num_workers         : 1
channel             : 16
embed_dim           : 64
num_heads           : 8
num_layers          : 6
hidden_dim          : 512
dropout             : 0.1
lambda_consistency  : 0.02
lambda_grad         : 0.1
noise_sigma         : 0.1
num_regions         : 117
lambda_rba          : 0.001
epochs              : 400
learning_rate       : 0.0002
weight_decay        : 0.01
scheduler_T0        : 200
scheduler_eta_min   : 1e-05
log_dir             : ./training_logs
experiment_name     : T1wRBA
augmentation        : False
reshape             : (91, 109, 91)
resume_from_checkpoint: None
2025-12-02 22:41:52,801 INFO 
Hyperparameters:
train_csv           : /home/caojiaxiang/brain age/cjx/5-fold/train_1.csv
val_csv             : /home/caojiaxiang/brain age/cjx/5-fold/val_1.csv
batch_size          : 4
num_workers         : 1
channel             : 16
embed_dim           : 64
num_heads           : 8
num_layers          : 6
hidden_dim          : 512
dropout             : 0.1
lambda_consistency  : 0.02
lambda_grad         : 0.1
noise_sigma         : 0.1
num_regions         : 117
lambda_rba          : 0.001
epochs              : 400
learning_rate       : 0.0002
weight_decay        : 0.01
scheduler_T0        : 200
scheduler_eta_min   : 1e-05
log_dir             : ./training_logs
experiment_name     : T1wRBA
augmentation        : False
reshape             : (91, 109, 91)
resume_from_checkpoint: None
2025-12-02 23:10:02,072 INFO 
Hyperparameters:
train_csv           : /home/caojiaxiang/brain age/cjx/5-fold/train_1.csv
val_csv             : /home/caojiaxiang/brain age/cjx/5-fold/val_1.csv
batch_size          : 4
num_workers         : 1
channel             : 16
embed_dim           : 64
num_heads           : 8
num_layers          : 6
hidden_dim          : 512
dropout             : 0.1
lambda_consistency  : 0.02
lambda_grad         : 0.1
noise_sigma         : 0.1
num_regions         : 117
lambda_rba          : 0.001
epochs              : 400
learning_rate       : 0.0002
weight_decay        : 0.01
scheduler_T0        : 200
scheduler_eta_min   : 1e-05
log_dir             : ./training_logs
experiment_name     : T1wRBA
augmentation        : False
reshape             : (91, 109, 91)
resume_from_checkpoint: None
2025-12-02 23:10:02,082 INFO 
Hyperparameters:
train_csv           : /home/caojiaxiang/brain age/cjx/5-fold/train_1.csv
val_csv             : /home/caojiaxiang/brain age/cjx/5-fold/val_1.csv
batch_size          : 4
num_workers         : 1
channel             : 16
embed_dim           : 64
num_heads           : 8
num_layers          : 6
hidden_dim          : 512
dropout             : 0.1
lambda_consistency  : 0.02
lambda_grad         : 0.1
noise_sigma         : 0.1
num_regions         : 117
lambda_rba          : 0.001
epochs              : 400
learning_rate       : 0.0002
weight_decay        : 0.01
scheduler_T0        : 200
scheduler_eta_min   : 1e-05
log_dir             : ./training_logs
experiment_name     : T1wRBA
augmentation        : False
reshape             : (91, 109, 91)
resume_from_checkpoint: None
2025-12-02 23:10:02,120 INFO 
Hyperparameters:
train_csv           : /home/caojiaxiang/brain age/cjx/5-fold/train_1.csv
val_csv             : /home/caojiaxiang/brain age/cjx/5-fold/val_1.csv
batch_size          : 4
num_workers         : 1
channel             : 16
embed_dim           : 64
num_heads           : 8
num_layers          : 6
hidden_dim          : 512
dropout             : 0.1
lambda_consistency  : 0.02
lambda_grad         : 0.1
noise_sigma         : 0.1
num_regions         : 117
lambda_rba          : 0.001
epochs              : 400
learning_rate       : 0.0002
weight_decay        : 0.01
scheduler_T0        : 200
scheduler_eta_min   : 1e-05
log_dir             : ./training_logs
experiment_name     : T1wRBA
augmentation        : False
reshape             : (91, 109, 91)
resume_from_checkpoint: None
2025-12-02 23:10:02,123 INFO 
Hyperparameters:
train_csv           : /home/caojiaxiang/brain age/cjx/5-fold/train_1.csv
val_csv             : /home/caojiaxiang/brain age/cjx/5-fold/val_1.csv
batch_size          : 4
num_workers         : 1
channel             : 16
embed_dim           : 64
num_heads           : 8
num_layers          : 6
hidden_dim          : 512
dropout             : 0.1
lambda_consistency  : 0.02
lambda_grad         : 0.1
noise_sigma         : 0.1
num_regions         : 117
lambda_rba          : 0.001
epochs              : 400
learning_rate       : 0.0002
weight_decay        : 0.01
scheduler_T0        : 200
scheduler_eta_min   : 1e-05
log_dir             : ./training_logs
experiment_name     : T1wRBA
augmentation        : False
reshape             : (91, 109, 91)
resume_from_checkpoint: None
2025-12-02 23:10:02,126 INFO 
Hyperparameters:
train_csv           : /home/caojiaxiang/brain age/cjx/5-fold/train_1.csv
val_csv             : /home/caojiaxiang/brain age/cjx/5-fold/val_1.csv
batch_size          : 4
num_workers         : 1
channel             : 16
embed_dim           : 64
num_heads           : 8
num_layers          : 6
hidden_dim          : 512
dropout             : 0.1
lambda_consistency  : 0.02
lambda_grad         : 0.1
noise_sigma         : 0.1
num_regions         : 117
lambda_rba          : 0.001
epochs              : 400
learning_rate       : 0.0002
weight_decay        : 0.01
scheduler_T0        : 200
scheduler_eta_min   : 1e-05
log_dir             : ./training_logs
experiment_name     : T1wRBA
augmentation        : False
reshape             : (91, 109, 91)
resume_from_checkpoint: None
2025-12-02 23:10:02,137 INFO 
Hyperparameters:
train_csv           : /home/caojiaxiang/brain age/cjx/5-fold/train_1.csv
val_csv             : /home/caojiaxiang/brain age/cjx/5-fold/val_1.csv
batch_size          : 4
num_workers         : 1
channel             : 16
embed_dim           : 64
num_heads           : 8
num_layers          : 6
hidden_dim          : 512
dropout             : 0.1
lambda_consistency  : 0.02
lambda_grad         : 0.1
noise_sigma         : 0.1
num_regions         : 117
lambda_rba          : 0.001
epochs              : 400
learning_rate       : 0.0002
weight_decay        : 0.01
scheduler_T0        : 200
scheduler_eta_min   : 1e-05
log_dir             : ./training_logs
experiment_name     : T1wRBA
augmentation        : False
reshape             : (91, 109, 91)
resume_from_checkpoint: None
2025-12-02 23:10:02,147 INFO 
Hyperparameters:
train_csv           : /home/caojiaxiang/brain age/cjx/5-fold/train_1.csv
val_csv             : /home/caojiaxiang/brain age/cjx/5-fold/val_1.csv
batch_size          : 4
num_workers         : 1
channel             : 16
embed_dim           : 64
num_heads           : 8
num_layers          : 6
hidden_dim          : 512
dropout             : 0.1
lambda_consistency  : 0.02
lambda_grad         : 0.1
noise_sigma         : 0.1
num_regions         : 117
lambda_rba          : 0.001
epochs              : 400
learning_rate       : 0.0002
weight_decay        : 0.01
scheduler_T0        : 200
scheduler_eta_min   : 1e-05
log_dir             : ./training_logs
experiment_name     : T1wRBA
augmentation        : False
reshape             : (91, 109, 91)
resume_from_checkpoint: None
2025-12-02 23:10:02,379 INFO 
Hyperparameters:
train_csv           : /home/caojiaxiang/brain age/cjx/5-fold/train_1.csv
val_csv             : /home/caojiaxiang/brain age/cjx/5-fold/val_1.csv
batch_size          : 4
num_workers         : 1
channel             : 16
embed_dim           : 64
num_heads           : 8
num_layers          : 6
hidden_dim          : 512
dropout             : 0.1
lambda_consistency  : 0.02
lambda_grad         : 0.1
noise_sigma         : 0.1
num_regions         : 117
lambda_rba          : 0.001
epochs              : 400
learning_rate       : 0.0002
weight_decay        : 0.01
scheduler_T0        : 200
scheduler_eta_min   : 1e-05
log_dir             : ./training_logs
experiment_name     : T1wRBA
augmentation        : False
reshape             : (91, 109, 91)
resume_from_checkpoint: None
2025-12-02 23:11:17,648 INFO 
Hyperparameters:
train_csv           : /home/caojiaxiang/brain age/cjx/5-fold/train_1.csv
val_csv             : /home/caojiaxiang/brain age/cjx/5-fold/val_1.csv
batch_size          : 4
num_workers         : 1
channel             : 16
embed_dim           : 64
num_heads           : 8
num_layers          : 6
hidden_dim          : 512
dropout             : 0.1
lambda_consistency  : 0.02
lambda_grad         : 0.1
noise_sigma         : 0.1
num_regions         : 117
lambda_rba          : 0.001
epochs              : 400
learning_rate       : 0.0002
weight_decay        : 0.01
scheduler_T0        : 200
scheduler_eta_min   : 1e-05
log_dir             : ./training_logs
experiment_name     : T1wRBA
augmentation        : False
reshape             : (91, 109, 91)
resume_from_checkpoint: None
2025-12-02 23:11:17,807 INFO 
Hyperparameters:
train_csv           : /home/caojiaxiang/brain age/cjx/5-fold/train_1.csv
val_csv             : /home/caojiaxiang/brain age/cjx/5-fold/val_1.csv
batch_size          : 4
num_workers         : 1
channel             : 16
embed_dim           : 64
num_heads           : 8
num_layers          : 6
hidden_dim          : 512
dropout             : 0.1
lambda_consistency  : 0.02
lambda_grad         : 0.1
noise_sigma         : 0.1
num_regions         : 117
lambda_rba          : 0.001
epochs              : 400
learning_rate       : 0.0002
weight_decay        : 0.01
scheduler_T0        : 200
scheduler_eta_min   : 1e-05
log_dir             : ./training_logs
experiment_name     : T1wRBA
augmentation        : False
reshape             : (91, 109, 91)
resume_from_checkpoint: None
2025-12-02 23:11:17,866 INFO 
Hyperparameters:
train_csv           : /home/caojiaxiang/brain age/cjx/5-fold/train_1.csv
val_csv             : /home/caojiaxiang/brain age/cjx/5-fold/val_1.csv
batch_size          : 4
num_workers         : 1
channel             : 16
embed_dim           : 64
num_heads           : 8
num_layers          : 6
hidden_dim          : 512
dropout             : 0.1
lambda_consistency  : 0.02
lambda_grad         : 0.1
noise_sigma         : 0.1
num_regions         : 117
lambda_rba          : 0.001
epochs              : 400
learning_rate       : 0.0002
weight_decay        : 0.01
scheduler_T0        : 200
scheduler_eta_min   : 1e-05
log_dir             : ./training_logs
experiment_name     : T1wRBA
augmentation        : False
reshape             : (91, 109, 91)
resume_from_checkpoint: None
2025-12-02 23:11:17,872 INFO 
Hyperparameters:
train_csv           : /home/caojiaxiang/brain age/cjx/5-fold/train_1.csv
val_csv             : /home/caojiaxiang/brain age/cjx/5-fold/val_1.csv
batch_size          : 4
num_workers         : 1
channel             : 16
embed_dim           : 64
num_heads           : 8
num_layers          : 6
hidden_dim          : 512
dropout             : 0.1
lambda_consistency  : 0.02
lambda_grad         : 0.1
noise_sigma         : 0.1
num_regions         : 117
lambda_rba          : 0.001
epochs              : 400
learning_rate       : 0.0002
weight_decay        : 0.01
scheduler_T0        : 200
scheduler_eta_min   : 1e-05
log_dir             : ./training_logs
experiment_name     : T1wRBA
augmentation        : False
reshape             : (91, 109, 91)
resume_from_checkpoint: None
2025-12-02 23:11:17,913 INFO 
Hyperparameters:
train_csv           : /home/caojiaxiang/brain age/cjx/5-fold/train_1.csv
val_csv             : /home/caojiaxiang/brain age/cjx/5-fold/val_1.csv
batch_size          : 4
num_workers         : 1
channel             : 16
embed_dim           : 64
num_heads           : 8
num_layers          : 6
hidden_dim          : 512
dropout             : 0.1
lambda_consistency  : 0.02
lambda_grad         : 0.1
noise_sigma         : 0.1
num_regions         : 117
lambda_rba          : 0.001
epochs              : 400
learning_rate       : 0.0002
weight_decay        : 0.01
scheduler_T0        : 200
scheduler_eta_min   : 1e-05
log_dir             : ./training_logs
experiment_name     : T1wRBA
augmentation        : False
reshape             : (91, 109, 91)
resume_from_checkpoint: None
2025-12-02 23:11:17,970 INFO 
Hyperparameters:
train_csv           : /home/caojiaxiang/brain age/cjx/5-fold/train_1.csv
val_csv             : /home/caojiaxiang/brain age/cjx/5-fold/val_1.csv
batch_size          : 4
num_workers         : 1
channel             : 16
embed_dim           : 64
num_heads           : 8
num_layers          : 6
hidden_dim          : 512
dropout             : 0.1
lambda_consistency  : 0.02
lambda_grad         : 0.1
noise_sigma         : 0.1
num_regions         : 117
lambda_rba          : 0.001
epochs              : 400
learning_rate       : 0.0002
weight_decay        : 0.01
scheduler_T0        : 200
scheduler_eta_min   : 1e-05
log_dir             : ./training_logs
experiment_name     : T1wRBA
augmentation        : False
reshape             : (91, 109, 91)
resume_from_checkpoint: None
2025-12-02 23:11:18,015 INFO 
Hyperparameters:
train_csv           : /home/caojiaxiang/brain age/cjx/5-fold/train_1.csv
val_csv             : /home/caojiaxiang/brain age/cjx/5-fold/val_1.csv
batch_size          : 4
num_workers         : 1
channel             : 16
embed_dim           : 64
num_heads           : 8
num_layers          : 6
hidden_dim          : 512
dropout             : 0.1
lambda_consistency  : 0.02
lambda_grad         : 0.1
noise_sigma         : 0.1
num_regions         : 117
lambda_rba          : 0.001
epochs              : 400
learning_rate       : 0.0002
weight_decay        : 0.01
scheduler_T0        : 200
scheduler_eta_min   : 1e-05
log_dir             : ./training_logs
experiment_name     : T1wRBA
augmentation        : False
reshape             : (91, 109, 91)
resume_from_checkpoint: None
2025-12-02 23:11:18,016 INFO 
Hyperparameters:
train_csv           : /home/caojiaxiang/brain age/cjx/5-fold/train_1.csv
val_csv             : /home/caojiaxiang/brain age/cjx/5-fold/val_1.csv
batch_size          : 4
num_workers         : 1
channel             : 16
embed_dim           : 64
num_heads           : 8
num_layers          : 6
hidden_dim          : 512
dropout             : 0.1
lambda_consistency  : 0.02
lambda_grad         : 0.1
noise_sigma         : 0.1
num_regions         : 117
lambda_rba          : 0.001
epochs              : 400
learning_rate       : 0.0002
weight_decay        : 0.01
scheduler_T0        : 200
scheduler_eta_min   : 1e-05
log_dir             : ./training_logs
experiment_name     : T1wRBA
augmentation        : False
reshape             : (91, 109, 91)
resume_from_checkpoint: None
2025-12-02 23:13:46,500 INFO 
Hyperparameters:
train_csv           : /home/caojiaxiang/brain age/cjx/5-fold/train_1.csv
val_csv             : /home/caojiaxiang/brain age/cjx/5-fold/val_1.csv
batch_size          : 4
num_workers         : 1
channel             : 16
embed_dim           : 64
num_heads           : 8
num_layers          : 6
hidden_dim          : 512
dropout             : 0.1
lambda_consistency  : 0.02
lambda_grad         : 0.1
noise_sigma         : 0.1
num_regions         : 117
lambda_rba          : 0.001
epochs              : 400
learning_rate       : 0.0002
weight_decay        : 0.01
scheduler_T0        : 200
scheduler_eta_min   : 1e-05
log_dir             : ./training_logs
experiment_name     : T1wRBA
augmentation        : False
reshape             : (91, 109, 91)
resume_from_checkpoint: None
2025-12-02 23:13:46,522 INFO 
Hyperparameters:
train_csv           : /home/caojiaxiang/brain age/cjx/5-fold/train_1.csv
val_csv             : /home/caojiaxiang/brain age/cjx/5-fold/val_1.csv
batch_size          : 4
num_workers         : 1
channel             : 16
embed_dim           : 64
num_heads           : 8
num_layers          : 6
hidden_dim          : 512
dropout             : 0.1
lambda_consistency  : 0.02
lambda_grad         : 0.1
noise_sigma         : 0.1
num_regions         : 117
lambda_rba          : 0.001
epochs              : 400
learning_rate       : 0.0002
weight_decay        : 0.01
scheduler_T0        : 200
scheduler_eta_min   : 1e-05
log_dir             : ./training_logs
experiment_name     : T1wRBA
augmentation        : False
reshape             : (91, 109, 91)
resume_from_checkpoint: None
2025-12-02 23:13:46,570 INFO 
Hyperparameters:
train_csv           : /home/caojiaxiang/brain age/cjx/5-fold/train_1.csv
val_csv             : /home/caojiaxiang/brain age/cjx/5-fold/val_1.csv
batch_size          : 4
num_workers         : 1
channel             : 16
embed_dim           : 64
num_heads           : 8
num_layers          : 6
hidden_dim          : 512
dropout             : 0.1
lambda_consistency  : 0.02
lambda_grad         : 0.1
noise_sigma         : 0.1
num_regions         : 117
lambda_rba          : 0.001
epochs              : 400
learning_rate       : 0.0002
weight_decay        : 0.01
scheduler_T0        : 200
scheduler_eta_min   : 1e-05
log_dir             : ./training_logs
experiment_name     : T1wRBA
augmentation        : False
reshape             : (91, 109, 91)
resume_from_checkpoint: None
2025-12-02 23:13:46,593 INFO 
Hyperparameters:
train_csv           : /home/caojiaxiang/brain age/cjx/5-fold/train_1.csv
val_csv             : /home/caojiaxiang/brain age/cjx/5-fold/val_1.csv
batch_size          : 4
num_workers         : 1
channel             : 16
embed_dim           : 64
num_heads           : 8
num_layers          : 6
hidden_dim          : 512
dropout             : 0.1
lambda_consistency  : 0.02
lambda_grad         : 0.1
noise_sigma         : 0.1
num_regions         : 117
lambda_rba          : 0.001
epochs              : 400
learning_rate       : 0.0002
weight_decay        : 0.01
scheduler_T0        : 200
scheduler_eta_min   : 1e-05
log_dir             : ./training_logs
experiment_name     : T1wRBA
augmentation        : False
reshape             : (91, 109, 91)
resume_from_checkpoint: None
2025-12-02 23:13:46,644 INFO 
Hyperparameters:
train_csv           : /home/caojiaxiang/brain age/cjx/5-fold/train_1.csv
val_csv             : /home/caojiaxiang/brain age/cjx/5-fold/val_1.csv
batch_size          : 4
num_workers         : 1
channel             : 16
embed_dim           : 64
num_heads           : 8
num_layers          : 6
hidden_dim          : 512
dropout             : 0.1
lambda_consistency  : 0.02
lambda_grad         : 0.1
noise_sigma         : 0.1
num_regions         : 117
lambda_rba          : 0.001
epochs              : 400
learning_rate       : 0.0002
weight_decay        : 0.01
scheduler_T0        : 200
scheduler_eta_min   : 1e-05
log_dir             : ./training_logs
experiment_name     : T1wRBA
augmentation        : False
reshape             : (91, 109, 91)
resume_from_checkpoint: None
2025-12-02 23:13:46,647 INFO 
Hyperparameters:
train_csv           : /home/caojiaxiang/brain age/cjx/5-fold/train_1.csv
val_csv             : /home/caojiaxiang/brain age/cjx/5-fold/val_1.csv
batch_size          : 4
num_workers         : 1
channel             : 16
embed_dim           : 64
num_heads           : 8
num_layers          : 6
hidden_dim          : 512
dropout             : 0.1
lambda_consistency  : 0.02
lambda_grad         : 0.1
noise_sigma         : 0.1
num_regions         : 117
lambda_rba          : 0.001
epochs              : 400
learning_rate       : 0.0002
weight_decay        : 0.01
scheduler_T0        : 200
scheduler_eta_min   : 1e-05
log_dir             : ./training_logs
experiment_name     : T1wRBA
augmentation        : False
reshape             : (91, 109, 91)
resume_from_checkpoint: None
2025-12-02 23:13:46,660 INFO 
Hyperparameters:
train_csv           : /home/caojiaxiang/brain age/cjx/5-fold/train_1.csv
val_csv             : /home/caojiaxiang/brain age/cjx/5-fold/val_1.csv
batch_size          : 4
num_workers         : 1
channel             : 16
embed_dim           : 64
num_heads           : 8
num_layers          : 6
hidden_dim          : 512
dropout             : 0.1
lambda_consistency  : 0.02
lambda_grad         : 0.1
noise_sigma         : 0.1
num_regions         : 117
lambda_rba          : 0.001
epochs              : 400
learning_rate       : 0.0002
weight_decay        : 0.01
scheduler_T0        : 200
scheduler_eta_min   : 1e-05
log_dir             : ./training_logs
experiment_name     : T1wRBA
augmentation        : False
reshape             : (91, 109, 91)
resume_from_checkpoint: None
2025-12-02 23:13:46,660 INFO 
Hyperparameters:
train_csv           : /home/caojiaxiang/brain age/cjx/5-fold/train_1.csv
val_csv             : /home/caojiaxiang/brain age/cjx/5-fold/val_1.csv
batch_size          : 4
num_workers         : 1
channel             : 16
embed_dim           : 64
num_heads           : 8
num_layers          : 6
hidden_dim          : 512
dropout             : 0.1
lambda_consistency  : 0.02
lambda_grad         : 0.1
noise_sigma         : 0.1
num_regions         : 117
lambda_rba          : 0.001
epochs              : 400
learning_rate       : 0.0002
weight_decay        : 0.01
scheduler_T0        : 200
scheduler_eta_min   : 1e-05
log_dir             : ./training_logs
experiment_name     : T1wRBA
augmentation        : False
reshape             : (91, 109, 91)
resume_from_checkpoint: None
2025-12-02 23:17:45,084 INFO 
Hyperparameters:
train_csv           : /home/caojiaxiang/brain age/cjx/5-fold/train_1.csv
val_csv             : /home/caojiaxiang/brain age/cjx/5-fold/val_1.csv
batch_size          : 4
num_workers         : 1
channel             : 16
embed_dim           : 64
num_heads           : 8
num_layers          : 6
hidden_dim          : 512
dropout             : 0.1
lambda_consistency  : 0.02
lambda_grad         : 0.1
noise_sigma         : 0.1
num_regions         : 117
lambda_rba          : 0.001
epochs              : 400
learning_rate       : 0.0001
weight_decay        : 0.01
scheduler_T0        : 200
scheduler_eta_min   : 1e-05
log_dir             : ./training_logs
experiment_name     : T1wRBA
augmentation        : False
reshape             : (91, 109, 91)
resume_from_checkpoint: None
2025-12-02 23:17:45,084 INFO 
Hyperparameters:
train_csv           : /home/caojiaxiang/brain age/cjx/5-fold/train_1.csv
val_csv             : /home/caojiaxiang/brain age/cjx/5-fold/val_1.csv
batch_size          : 4
num_workers         : 1
channel             : 16
embed_dim           : 64
num_heads           : 8
num_layers          : 6
hidden_dim          : 512
dropout             : 0.1
lambda_consistency  : 0.02
lambda_grad         : 0.1
noise_sigma         : 0.1
num_regions         : 117
lambda_rba          : 0.001
epochs              : 400
learning_rate       : 0.0001
weight_decay        : 0.01
scheduler_T0        : 200
scheduler_eta_min   : 1e-05
log_dir             : ./training_logs
experiment_name     : T1wRBA
augmentation        : False
reshape             : (91, 109, 91)
resume_from_checkpoint: None
2025-12-02 23:17:45,164 INFO 
Hyperparameters:
train_csv           : /home/caojiaxiang/brain age/cjx/5-fold/train_1.csv
val_csv             : /home/caojiaxiang/brain age/cjx/5-fold/val_1.csv
batch_size          : 4
num_workers         : 1
channel             : 16
embed_dim           : 64
num_heads           : 8
num_layers          : 6
hidden_dim          : 512
dropout             : 0.1
lambda_consistency  : 0.02
lambda_grad         : 0.1
noise_sigma         : 0.1
num_regions         : 117
lambda_rba          : 0.001
epochs              : 400
learning_rate       : 0.0001
weight_decay        : 0.01
scheduler_T0        : 200
scheduler_eta_min   : 1e-05
log_dir             : ./training_logs
experiment_name     : T1wRBA
augmentation        : False
reshape             : (91, 109, 91)
resume_from_checkpoint: None
2025-12-02 23:17:45,317 INFO 
Hyperparameters:
train_csv           : /home/caojiaxiang/brain age/cjx/5-fold/train_1.csv
val_csv             : /home/caojiaxiang/brain age/cjx/5-fold/val_1.csv
batch_size          : 4
num_workers         : 1
channel             : 16
embed_dim           : 64
num_heads           : 8
num_layers          : 6
hidden_dim          : 512
dropout             : 0.1
lambda_consistency  : 0.02
lambda_grad         : 0.1
noise_sigma         : 0.1
num_regions         : 117
lambda_rba          : 0.001
epochs              : 400
learning_rate       : 0.0001
weight_decay        : 0.01
scheduler_T0        : 200
scheduler_eta_min   : 1e-05
log_dir             : ./training_logs
experiment_name     : T1wRBA
augmentation        : False
reshape             : (91, 109, 91)
resume_from_checkpoint: None
2025-12-02 23:17:45,532 INFO 
Hyperparameters:
train_csv           : /home/caojiaxiang/brain age/cjx/5-fold/train_1.csv
val_csv             : /home/caojiaxiang/brain age/cjx/5-fold/val_1.csv
batch_size          : 4
num_workers         : 1
channel             : 16
embed_dim           : 64
num_heads           : 8
num_layers          : 6
hidden_dim          : 512
dropout             : 0.1
lambda_consistency  : 0.02
lambda_grad         : 0.1
noise_sigma         : 0.1
num_regions         : 117
lambda_rba          : 0.001
epochs              : 400
learning_rate       : 0.0001
weight_decay        : 0.01
scheduler_T0        : 200
scheduler_eta_min   : 1e-05
log_dir             : ./training_logs
experiment_name     : T1wRBA
augmentation        : False
reshape             : (91, 109, 91)
resume_from_checkpoint: None
2025-12-02 23:17:45,620 INFO 
Hyperparameters:
train_csv           : /home/caojiaxiang/brain age/cjx/5-fold/train_1.csv
val_csv             : /home/caojiaxiang/brain age/cjx/5-fold/val_1.csv
batch_size          : 4
num_workers         : 1
channel             : 16
embed_dim           : 64
num_heads           : 8
num_layers          : 6
hidden_dim          : 512
dropout             : 0.1
lambda_consistency  : 0.02
lambda_grad         : 0.1
noise_sigma         : 0.1
num_regions         : 117
lambda_rba          : 0.001
epochs              : 400
learning_rate       : 0.0001
weight_decay        : 0.01
scheduler_T0        : 200
scheduler_eta_min   : 1e-05
log_dir             : ./training_logs
experiment_name     : T1wRBA
augmentation        : False
reshape             : (91, 109, 91)
resume_from_checkpoint: None
2025-12-02 23:17:45,700 INFO 
Hyperparameters:
train_csv           : /home/caojiaxiang/brain age/cjx/5-fold/train_1.csv
val_csv             : /home/caojiaxiang/brain age/cjx/5-fold/val_1.csv
batch_size          : 4
num_workers         : 1
channel             : 16
embed_dim           : 64
num_heads           : 8
num_layers          : 6
hidden_dim          : 512
dropout             : 0.1
lambda_consistency  : 0.02
lambda_grad         : 0.1
noise_sigma         : 0.1
num_regions         : 117
lambda_rba          : 0.001
epochs              : 400
learning_rate       : 0.0001
weight_decay        : 0.01
scheduler_T0        : 200
scheduler_eta_min   : 1e-05
log_dir             : ./training_logs
experiment_name     : T1wRBA
augmentation        : False
reshape             : (91, 109, 91)
resume_from_checkpoint: None
2025-12-02 23:17:45,710 INFO 
Hyperparameters:
train_csv           : /home/caojiaxiang/brain age/cjx/5-fold/train_1.csv
val_csv             : /home/caojiaxiang/brain age/cjx/5-fold/val_1.csv
batch_size          : 4
num_workers         : 1
channel             : 16
embed_dim           : 64
num_heads           : 8
num_layers          : 6
hidden_dim          : 512
dropout             : 0.1
lambda_consistency  : 0.02
lambda_grad         : 0.1
noise_sigma         : 0.1
num_regions         : 117
lambda_rba          : 0.001
epochs              : 400
learning_rate       : 0.0001
weight_decay        : 0.01
scheduler_T0        : 200
scheduler_eta_min   : 1e-05
log_dir             : ./training_logs
experiment_name     : T1wRBA
augmentation        : False
reshape             : (91, 109, 91)
resume_from_checkpoint: None
2025-12-02 23:20:08,312 INFO 
Hyperparameters:
train_csv           : /home/caojiaxiang/brain age/cjx/5-fold/train_2.csv
val_csv             : /home/caojiaxiang/brain age/cjx/5-fold/val_2.csv
batch_size          : 4
num_workers         : 1
channel             : 16
embed_dim           : 64
num_heads           : 8
num_layers          : 6
hidden_dim          : 512
dropout             : 0.1
lambda_consistency  : 0.02
lambda_grad         : 0.1
noise_sigma         : 0.1
num_regions         : 117
lambda_rba          : 0.001
epochs              : 400
learning_rate       : 0.0001
weight_decay        : 0.01
scheduler_T0        : 200
scheduler_eta_min   : 1e-05
log_dir             : ./training_logs
experiment_name     : T1wRBA
augmentation        : False
reshape             : (91, 109, 91)
resume_from_checkpoint: None
2025-12-02 23:20:08,339 INFO 
Hyperparameters:
train_csv           : /home/caojiaxiang/brain age/cjx/5-fold/train_2.csv
val_csv             : /home/caojiaxiang/brain age/cjx/5-fold/val_2.csv
batch_size          : 4
num_workers         : 1
channel             : 16
embed_dim           : 64
num_heads           : 8
num_layers          : 6
hidden_dim          : 512
dropout             : 0.1
lambda_consistency  : 0.02
lambda_grad         : 0.1
noise_sigma         : 0.1
num_regions         : 117
lambda_rba          : 0.001
epochs              : 400
learning_rate       : 0.0001
weight_decay        : 0.01
scheduler_T0        : 200
scheduler_eta_min   : 1e-05
log_dir             : ./training_logs
experiment_name     : T1wRBA
augmentation        : False
reshape             : (91, 109, 91)
resume_from_checkpoint: None
2025-12-02 23:20:08,355 INFO 
Hyperparameters:
train_csv           : /home/caojiaxiang/brain age/cjx/5-fold/train_2.csv
val_csv             : /home/caojiaxiang/brain age/cjx/5-fold/val_2.csv
batch_size          : 4
num_workers         : 1
channel             : 16
embed_dim           : 64
num_heads           : 8
num_layers          : 6
hidden_dim          : 512
dropout             : 0.1
lambda_consistency  : 0.02
lambda_grad         : 0.1
noise_sigma         : 0.1
num_regions         : 117
lambda_rba          : 0.001
epochs              : 400
learning_rate       : 0.0001
weight_decay        : 0.01
scheduler_T0        : 200
scheduler_eta_min   : 1e-05
log_dir             : ./training_logs
experiment_name     : T1wRBA
augmentation        : False
reshape             : (91, 109, 91)
resume_from_checkpoint: None
2025-12-02 23:20:08,358 INFO 
Hyperparameters:
train_csv           : /home/caojiaxiang/brain age/cjx/5-fold/train_2.csv
val_csv             : /home/caojiaxiang/brain age/cjx/5-fold/val_2.csv
batch_size          : 4
num_workers         : 1
channel             : 16
embed_dim           : 64
num_heads           : 8
num_layers          : 6
hidden_dim          : 512
dropout             : 0.1
lambda_consistency  : 0.02
lambda_grad         : 0.1
noise_sigma         : 0.1
num_regions         : 117
lambda_rba          : 0.001
epochs              : 400
learning_rate       : 0.0001
weight_decay        : 0.01
scheduler_T0        : 200
scheduler_eta_min   : 1e-05
log_dir             : ./training_logs
experiment_name     : T1wRBA
augmentation        : False
reshape             : (91, 109, 91)
resume_from_checkpoint: None
2025-12-02 23:20:08,360 INFO 
Hyperparameters:
train_csv           : /home/caojiaxiang/brain age/cjx/5-fold/train_2.csv
val_csv             : /home/caojiaxiang/brain age/cjx/5-fold/val_2.csv
batch_size          : 4
num_workers         : 1
channel             : 16
embed_dim           : 64
num_heads           : 8
num_layers          : 6
hidden_dim          : 512
dropout             : 0.1
lambda_consistency  : 0.02
lambda_grad         : 0.1
noise_sigma         : 0.1
num_regions         : 117
lambda_rba          : 0.001
epochs              : 400
learning_rate       : 0.0001
weight_decay        : 0.01
scheduler_T0        : 200
scheduler_eta_min   : 1e-05
log_dir             : ./training_logs
experiment_name     : T1wRBA
augmentation        : False
reshape             : (91, 109, 91)
resume_from_checkpoint: None
2025-12-02 23:20:08,377 INFO 
Hyperparameters:
train_csv           : /home/caojiaxiang/brain age/cjx/5-fold/train_2.csv
val_csv             : /home/caojiaxiang/brain age/cjx/5-fold/val_2.csv
batch_size          : 4
num_workers         : 1
channel             : 16
embed_dim           : 64
num_heads           : 8
num_layers          : 6
hidden_dim          : 512
dropout             : 0.1
lambda_consistency  : 0.02
lambda_grad         : 0.1
noise_sigma         : 0.1
num_regions         : 117
lambda_rba          : 0.001
epochs              : 400
learning_rate       : 0.0001
weight_decay        : 0.01
scheduler_T0        : 200
scheduler_eta_min   : 1e-05
log_dir             : ./training_logs
experiment_name     : T1wRBA
augmentation        : False
reshape             : (91, 109, 91)
resume_from_checkpoint: None
2025-12-02 23:20:08,386 INFO 
Hyperparameters:
train_csv           : /home/caojiaxiang/brain age/cjx/5-fold/train_2.csv
val_csv             : /home/caojiaxiang/brain age/cjx/5-fold/val_2.csv
batch_size          : 4
num_workers         : 1
channel             : 16
embed_dim           : 64
num_heads           : 8
num_layers          : 6
hidden_dim          : 512
dropout             : 0.1
lambda_consistency  : 0.02
lambda_grad         : 0.1
noise_sigma         : 0.1
num_regions         : 117
lambda_rba          : 0.001
epochs              : 400
learning_rate       : 0.0001
weight_decay        : 0.01
scheduler_T0        : 200
scheduler_eta_min   : 1e-05
log_dir             : ./training_logs
experiment_name     : T1wRBA
augmentation        : False
reshape             : (91, 109, 91)
resume_from_checkpoint: None
2025-12-02 23:20:08,394 INFO 
Hyperparameters:
train_csv           : /home/caojiaxiang/brain age/cjx/5-fold/train_2.csv
val_csv             : /home/caojiaxiang/brain age/cjx/5-fold/val_2.csv
batch_size          : 4
num_workers         : 1
channel             : 16
embed_dim           : 64
num_heads           : 8
num_layers          : 6
hidden_dim          : 512
dropout             : 0.1
lambda_consistency  : 0.02
lambda_grad         : 0.1
noise_sigma         : 0.1
num_regions         : 117
lambda_rba          : 0.001
epochs              : 400
learning_rate       : 0.0001
weight_decay        : 0.01
scheduler_T0        : 200
scheduler_eta_min   : 1e-05
log_dir             : ./training_logs
experiment_name     : T1wRBA
augmentation        : False
reshape             : (91, 109, 91)
resume_from_checkpoint: None
2025-12-02 23:44:55,240 INFO 
Hyperparameters:
train_csv           : /home/caojiaxiang/brain age/cjx/5-fold/train_1.csv
val_csv             : /home/caojiaxiang/brain age/cjx/5-fold/val_1.csv
batch_size          : 4
num_workers         : 1
channel             : 16
embed_dim           : 64
num_heads           : 8
num_layers          : 6
hidden_dim          : 512
dropout             : 0.1
lambda_consistency  : 0.02
lambda_grad         : 0.1
noise_sigma         : 0.1
num_regions         : 117
lambda_rba          : 0.001
epochs              : 400
learning_rate       : 0.0001
weight_decay        : 0.01
scheduler_T0        : 200
scheduler_eta_min   : 1e-05
log_dir             : ./training_logs
experiment_name     : T1wRBA
augmentation        : False
reshape             : (91, 109, 91)
resume_from_checkpoint: None
2025-12-02 23:44:55,254 INFO 
Hyperparameters:
train_csv           : /home/caojiaxiang/brain age/cjx/5-fold/train_1.csv
val_csv             : /home/caojiaxiang/brain age/cjx/5-fold/val_1.csv
batch_size          : 4
num_workers         : 1
channel             : 16
embed_dim           : 64
num_heads           : 8
num_layers          : 6
hidden_dim          : 512
dropout             : 0.1
lambda_consistency  : 0.02
lambda_grad         : 0.1
noise_sigma         : 0.1
num_regions         : 117
lambda_rba          : 0.001
epochs              : 400
learning_rate       : 0.0001
weight_decay        : 0.01
scheduler_T0        : 200
scheduler_eta_min   : 1e-05
log_dir             : ./training_logs
experiment_name     : T1wRBA
augmentation        : False
reshape             : (91, 109, 91)
resume_from_checkpoint: None
2025-12-02 23:44:55,260 INFO 
Hyperparameters:
train_csv           : /home/caojiaxiang/brain age/cjx/5-fold/train_1.csv
val_csv             : /home/caojiaxiang/brain age/cjx/5-fold/val_1.csv
batch_size          : 4
num_workers         : 1
channel             : 16
embed_dim           : 64
num_heads           : 8
num_layers          : 6
hidden_dim          : 512
dropout             : 0.1
lambda_consistency  : 0.02
lambda_grad         : 0.1
noise_sigma         : 0.1
num_regions         : 117
lambda_rba          : 0.001
epochs              : 400
learning_rate       : 0.0001
weight_decay        : 0.01
scheduler_T0        : 200
scheduler_eta_min   : 1e-05
log_dir             : ./training_logs
experiment_name     : T1wRBA
augmentation        : False
reshape             : (91, 109, 91)
resume_from_checkpoint: None
2025-12-02 23:44:55,262 INFO 
Hyperparameters:
train_csv           : /home/caojiaxiang/brain age/cjx/5-fold/train_1.csv
val_csv             : /home/caojiaxiang/brain age/cjx/5-fold/val_1.csv
batch_size          : 4
num_workers         : 1
channel             : 16
embed_dim           : 64
num_heads           : 8
num_layers          : 6
hidden_dim          : 512
dropout             : 0.1
lambda_consistency  : 0.02
lambda_grad         : 0.1
noise_sigma         : 0.1
num_regions         : 117
lambda_rba          : 0.001
epochs              : 400
learning_rate       : 0.0001
weight_decay        : 0.01
scheduler_T0        : 200
scheduler_eta_min   : 1e-05
log_dir             : ./training_logs
experiment_name     : T1wRBA
augmentation        : False
reshape             : (91, 109, 91)
resume_from_checkpoint: None
2025-12-02 23:44:55,281 INFO 
Hyperparameters:
train_csv           : /home/caojiaxiang/brain age/cjx/5-fold/train_1.csv
val_csv             : /home/caojiaxiang/brain age/cjx/5-fold/val_1.csv
batch_size          : 4
num_workers         : 1
channel             : 16
embed_dim           : 64
num_heads           : 8
num_layers          : 6
hidden_dim          : 512
dropout             : 0.1
lambda_consistency  : 0.02
lambda_grad         : 0.1
noise_sigma         : 0.1
num_regions         : 117
lambda_rba          : 0.001
epochs              : 400
learning_rate       : 0.0001
weight_decay        : 0.01
scheduler_T0        : 200
scheduler_eta_min   : 1e-05
log_dir             : ./training_logs
experiment_name     : T1wRBA
augmentation        : False
reshape             : (91, 109, 91)
resume_from_checkpoint: None
2025-12-02 23:44:55,294 INFO 
Hyperparameters:
train_csv           : /home/caojiaxiang/brain age/cjx/5-fold/train_1.csv
val_csv             : /home/caojiaxiang/brain age/cjx/5-fold/val_1.csv
batch_size          : 4
num_workers         : 1
channel             : 16
embed_dim           : 64
num_heads           : 8
num_layers          : 6
hidden_dim          : 512
dropout             : 0.1
lambda_consistency  : 0.02
lambda_grad         : 0.1
noise_sigma         : 0.1
num_regions         : 117
lambda_rba          : 0.001
epochs              : 400
learning_rate       : 0.0001
weight_decay        : 0.01
scheduler_T0        : 200
scheduler_eta_min   : 1e-05
log_dir             : ./training_logs
experiment_name     : T1wRBA
augmentation        : False
reshape             : (91, 109, 91)
resume_from_checkpoint: None
2025-12-02 23:44:55,298 INFO 
Hyperparameters:
train_csv           : /home/caojiaxiang/brain age/cjx/5-fold/train_1.csv
val_csv             : /home/caojiaxiang/brain age/cjx/5-fold/val_1.csv
batch_size          : 4
num_workers         : 1
channel             : 16
embed_dim           : 64
num_heads           : 8
num_layers          : 6
hidden_dim          : 512
dropout             : 0.1
lambda_consistency  : 0.02
lambda_grad         : 0.1
noise_sigma         : 0.1
num_regions         : 117
lambda_rba          : 0.001
epochs              : 400
learning_rate       : 0.0001
weight_decay        : 0.01
scheduler_T0        : 200
scheduler_eta_min   : 1e-05
log_dir             : ./training_logs
experiment_name     : T1wRBA
augmentation        : False
reshape             : (91, 109, 91)
resume_from_checkpoint: None
2025-12-02 23:44:55,356 INFO 
Hyperparameters:
train_csv           : /home/caojiaxiang/brain age/cjx/5-fold/train_1.csv
val_csv             : /home/caojiaxiang/brain age/cjx/5-fold/val_1.csv
batch_size          : 4
num_workers         : 1
channel             : 16
embed_dim           : 64
num_heads           : 8
num_layers          : 6
hidden_dim          : 512
dropout             : 0.1
lambda_consistency  : 0.02
lambda_grad         : 0.1
noise_sigma         : 0.1
num_regions         : 117
lambda_rba          : 0.001
epochs              : 400
learning_rate       : 0.0001
weight_decay        : 0.01
scheduler_T0        : 200
scheduler_eta_min   : 1e-05
log_dir             : ./training_logs
experiment_name     : T1wRBA
augmentation        : False
reshape             : (91, 109, 91)
resume_from_checkpoint: None
2025-12-02 23:45:53,605 INFO 
Hyperparameters:
train_csv           : /home/caojiaxiang/brain age/cjx/5-fold/train_1.csv
val_csv             : /home/caojiaxiang/brain age/cjx/5-fold/val_1.csv
batch_size          : 4
num_workers         : 1
channel             : 16
embed_dim           : 64
num_heads           : 8
num_layers          : 6
hidden_dim          : 512
dropout             : 0.1
lambda_consistency  : 0.02
lambda_grad         : 0.1
noise_sigma         : 0.1
num_regions         : 117
lambda_rba          : 0.001
epochs              : 400
learning_rate       : 0.0001
weight_decay        : 0.01
scheduler_T0        : 200
scheduler_eta_min   : 1e-05
log_dir             : ./training_logs
experiment_name     : T1wRBA
augmentation        : False
reshape             : (91, 109, 91)
resume_from_checkpoint: None
2025-12-02 23:45:53,641 INFO 
Hyperparameters:
train_csv           : /home/caojiaxiang/brain age/cjx/5-fold/train_1.csv
val_csv             : /home/caojiaxiang/brain age/cjx/5-fold/val_1.csv
batch_size          : 4
num_workers         : 1
channel             : 16
embed_dim           : 64
num_heads           : 8
num_layers          : 6
hidden_dim          : 512
dropout             : 0.1
lambda_consistency  : 0.02
lambda_grad         : 0.1
noise_sigma         : 0.1
num_regions         : 117
lambda_rba          : 0.001
epochs              : 400
learning_rate       : 0.0001
weight_decay        : 0.01
scheduler_T0        : 200
scheduler_eta_min   : 1e-05
log_dir             : ./training_logs
experiment_name     : T1wRBA
augmentation        : False
reshape             : (91, 109, 91)
resume_from_checkpoint: None
2025-12-02 23:45:53,729 INFO 
Hyperparameters:
train_csv           : /home/caojiaxiang/brain age/cjx/5-fold/train_1.csv
val_csv             : /home/caojiaxiang/brain age/cjx/5-fold/val_1.csv
batch_size          : 4
num_workers         : 1
channel             : 16
embed_dim           : 64
num_heads           : 8
num_layers          : 6
hidden_dim          : 512
dropout             : 0.1
lambda_consistency  : 0.02
lambda_grad         : 0.1
noise_sigma         : 0.1
num_regions         : 117
lambda_rba          : 0.001
epochs              : 400
learning_rate       : 0.0001
weight_decay        : 0.01
scheduler_T0        : 200
scheduler_eta_min   : 1e-05
log_dir             : ./training_logs
experiment_name     : T1wRBA
augmentation        : False
reshape             : (91, 109, 91)
resume_from_checkpoint: None
2025-12-02 23:45:53,854 INFO 
Hyperparameters:
train_csv           : /home/caojiaxiang/brain age/cjx/5-fold/train_1.csv
val_csv             : /home/caojiaxiang/brain age/cjx/5-fold/val_1.csv
batch_size          : 4
num_workers         : 1
channel             : 16
embed_dim           : 64
num_heads           : 8
num_layers          : 6
hidden_dim          : 512
dropout             : 0.1
lambda_consistency  : 0.02
lambda_grad         : 0.1
noise_sigma         : 0.1
num_regions         : 117
lambda_rba          : 0.001
epochs              : 400
learning_rate       : 0.0001
weight_decay        : 0.01
scheduler_T0        : 200
scheduler_eta_min   : 1e-05
log_dir             : ./training_logs
experiment_name     : T1wRBA
augmentation        : False
reshape             : (91, 109, 91)
resume_from_checkpoint: None
2025-12-02 23:45:53,989 INFO 
Hyperparameters:
train_csv           : /home/caojiaxiang/brain age/cjx/5-fold/train_1.csv
val_csv             : /home/caojiaxiang/brain age/cjx/5-fold/val_1.csv
batch_size          : 4
num_workers         : 1
channel             : 16
embed_dim           : 64
num_heads           : 8
num_layers          : 6
hidden_dim          : 512
dropout             : 0.1
lambda_consistency  : 0.02
lambda_grad         : 0.1
noise_sigma         : 0.1
num_regions         : 117
lambda_rba          : 0.001
epochs              : 400
learning_rate       : 0.0001
weight_decay        : 0.01
scheduler_T0        : 200
scheduler_eta_min   : 1e-05
log_dir             : ./training_logs
experiment_name     : T1wRBA
augmentation        : False
reshape             : (91, 109, 91)
resume_from_checkpoint: None
2025-12-02 23:45:54,072 INFO 
Hyperparameters:
train_csv           : /home/caojiaxiang/brain age/cjx/5-fold/train_1.csv
val_csv             : /home/caojiaxiang/brain age/cjx/5-fold/val_1.csv
batch_size          : 4
num_workers         : 1
channel             : 16
embed_dim           : 64
num_heads           : 8
num_layers          : 6
hidden_dim          : 512
dropout             : 0.1
lambda_consistency  : 0.02
lambda_grad         : 0.1
noise_sigma         : 0.1
num_regions         : 117
lambda_rba          : 0.001
epochs              : 400
learning_rate       : 0.0001
weight_decay        : 0.01
scheduler_T0        : 200
scheduler_eta_min   : 1e-05
log_dir             : ./training_logs
experiment_name     : T1wRBA
augmentation        : False
reshape             : (91, 109, 91)
resume_from_checkpoint: None
2025-12-02 23:45:54,101 INFO 
Hyperparameters:
train_csv           : /home/caojiaxiang/brain age/cjx/5-fold/train_1.csv
val_csv             : /home/caojiaxiang/brain age/cjx/5-fold/val_1.csv
batch_size          : 4
num_workers         : 1
channel             : 16
embed_dim           : 64
num_heads           : 8
num_layers          : 6
hidden_dim          : 512
dropout             : 0.1
lambda_consistency  : 0.02
lambda_grad         : 0.1
noise_sigma         : 0.1
num_regions         : 117
lambda_rba          : 0.001
epochs              : 400
learning_rate       : 0.0001
weight_decay        : 0.01
scheduler_T0        : 200
scheduler_eta_min   : 1e-05
log_dir             : ./training_logs
experiment_name     : T1wRBA
augmentation        : False
reshape             : (91, 109, 91)
resume_from_checkpoint: None
2025-12-02 23:45:54,121 INFO 
Hyperparameters:
train_csv           : /home/caojiaxiang/brain age/cjx/5-fold/train_1.csv
val_csv             : /home/caojiaxiang/brain age/cjx/5-fold/val_1.csv
batch_size          : 4
num_workers         : 1
channel             : 16
embed_dim           : 64
num_heads           : 8
num_layers          : 6
hidden_dim          : 512
dropout             : 0.1
lambda_consistency  : 0.02
lambda_grad         : 0.1
noise_sigma         : 0.1
num_regions         : 117
lambda_rba          : 0.001
epochs              : 400
learning_rate       : 0.0001
weight_decay        : 0.01
scheduler_T0        : 200
scheduler_eta_min   : 1e-05
log_dir             : ./training_logs
experiment_name     : T1wRBA
augmentation        : False
reshape             : (91, 109, 91)
resume_from_checkpoint: None
2025-12-02 23:48:15,677 INFO 
Hyperparameters:
train_csv           : /home/caojiaxiang/brain age/cjx/5-fold/train_1.csv
val_csv             : /home/caojiaxiang/brain age/cjx/5-fold/val_1.csv
batch_size          : 4
num_workers         : 1
channel             : 16
embed_dim           : 64
num_heads           : 8
num_layers          : 6
hidden_dim          : 512
dropout             : 0.1
lambda_consistency  : 0.02
lambda_grad         : 0.1
noise_sigma         : 0.1
num_regions         : 117
lambda_rba          : 0.001
epochs              : 400
learning_rate       : 0.0001
weight_decay        : 0.01
scheduler_T0        : 200
scheduler_eta_min   : 1e-05
log_dir             : ./training_logs
experiment_name     : T1wRBA
augmentation        : False
reshape             : (91, 109, 91)
resume_from_checkpoint: None
2025-12-02 23:48:15,742 INFO 
Hyperparameters:
train_csv           : /home/caojiaxiang/brain age/cjx/5-fold/train_1.csv
val_csv             : /home/caojiaxiang/brain age/cjx/5-fold/val_1.csv
batch_size          : 4
num_workers         : 1
channel             : 16
embed_dim           : 64
num_heads           : 8
num_layers          : 6
hidden_dim          : 512
dropout             : 0.1
lambda_consistency  : 0.02
lambda_grad         : 0.1
noise_sigma         : 0.1
num_regions         : 117
lambda_rba          : 0.001
epochs              : 400
learning_rate       : 0.0001
weight_decay        : 0.01
scheduler_T0        : 200
scheduler_eta_min   : 1e-05
log_dir             : ./training_logs
experiment_name     : T1wRBA
augmentation        : False
reshape             : (91, 109, 91)
resume_from_checkpoint: None
2025-12-02 23:48:15,753 INFO 
Hyperparameters:
train_csv           : /home/caojiaxiang/brain age/cjx/5-fold/train_1.csv
val_csv             : /home/caojiaxiang/brain age/cjx/5-fold/val_1.csv
batch_size          : 4
num_workers         : 1
channel             : 16
embed_dim           : 64
num_heads           : 8
num_layers          : 6
hidden_dim          : 512
dropout             : 0.1
lambda_consistency  : 0.02
lambda_grad         : 0.1
noise_sigma         : 0.1
num_regions         : 117
lambda_rba          : 0.001
epochs              : 400
learning_rate       : 0.0001
weight_decay        : 0.01
scheduler_T0        : 200
scheduler_eta_min   : 1e-05
log_dir             : ./training_logs
experiment_name     : T1wRBA
augmentation        : False
reshape             : (91, 109, 91)
resume_from_checkpoint: None
2025-12-02 23:48:15,777 INFO 
Hyperparameters:
train_csv           : /home/caojiaxiang/brain age/cjx/5-fold/train_1.csv
val_csv             : /home/caojiaxiang/brain age/cjx/5-fold/val_1.csv
batch_size          : 4
num_workers         : 1
channel             : 16
embed_dim           : 64
num_heads           : 8
num_layers          : 6
hidden_dim          : 512
dropout             : 0.1
lambda_consistency  : 0.02
lambda_grad         : 0.1
noise_sigma         : 0.1
num_regions         : 117
lambda_rba          : 0.001
epochs              : 400
learning_rate       : 0.0001
weight_decay        : 0.01
scheduler_T0        : 200
scheduler_eta_min   : 1e-05
log_dir             : ./training_logs
experiment_name     : T1wRBA
augmentation        : False
reshape             : (91, 109, 91)
resume_from_checkpoint: None
2025-12-02 23:48:15,802 INFO 
Hyperparameters:
train_csv           : /home/caojiaxiang/brain age/cjx/5-fold/train_1.csv
val_csv             : /home/caojiaxiang/brain age/cjx/5-fold/val_1.csv
batch_size          : 4
num_workers         : 1
channel             : 16
embed_dim           : 64
num_heads           : 8
num_layers          : 6
hidden_dim          : 512
dropout             : 0.1
lambda_consistency  : 0.02
lambda_grad         : 0.1
noise_sigma         : 0.1
num_regions         : 117
lambda_rba          : 0.001
epochs              : 400
learning_rate       : 0.0001
weight_decay        : 0.01
scheduler_T0        : 200
scheduler_eta_min   : 1e-05
log_dir             : ./training_logs
experiment_name     : T1wRBA
augmentation        : False
reshape             : (91, 109, 91)
resume_from_checkpoint: None
2025-12-02 23:48:15,837 INFO 
Hyperparameters:
train_csv           : /home/caojiaxiang/brain age/cjx/5-fold/train_1.csv
val_csv             : /home/caojiaxiang/brain age/cjx/5-fold/val_1.csv
batch_size          : 4
num_workers         : 1
channel             : 16
embed_dim           : 64
num_heads           : 8
num_layers          : 6
hidden_dim          : 512
dropout             : 0.1
lambda_consistency  : 0.02
lambda_grad         : 0.1
noise_sigma         : 0.1
num_regions         : 117
lambda_rba          : 0.001
epochs              : 400
learning_rate       : 0.0001
weight_decay        : 0.01
scheduler_T0        : 200
scheduler_eta_min   : 1e-05
log_dir             : ./training_logs
experiment_name     : T1wRBA
augmentation        : False
reshape             : (91, 109, 91)
resume_from_checkpoint: None
2025-12-02 23:48:15,842 INFO 
Hyperparameters:
train_csv           : /home/caojiaxiang/brain age/cjx/5-fold/train_1.csv
val_csv             : /home/caojiaxiang/brain age/cjx/5-fold/val_1.csv
batch_size          : 4
num_workers         : 1
channel             : 16
embed_dim           : 64
num_heads           : 8
num_layers          : 6
hidden_dim          : 512
dropout             : 0.1
lambda_consistency  : 0.02
lambda_grad         : 0.1
noise_sigma         : 0.1
num_regions         : 117
lambda_rba          : 0.001
epochs              : 400
learning_rate       : 0.0001
weight_decay        : 0.01
scheduler_T0        : 200
scheduler_eta_min   : 1e-05
log_dir             : ./training_logs
experiment_name     : T1wRBA
augmentation        : False
reshape             : (91, 109, 91)
resume_from_checkpoint: None
2025-12-02 23:48:15,867 INFO 
Hyperparameters:
train_csv           : /home/caojiaxiang/brain age/cjx/5-fold/train_1.csv
val_csv             : /home/caojiaxiang/brain age/cjx/5-fold/val_1.csv
batch_size          : 4
num_workers         : 1
channel             : 16
embed_dim           : 64
num_heads           : 8
num_layers          : 6
hidden_dim          : 512
dropout             : 0.1
lambda_consistency  : 0.02
lambda_grad         : 0.1
noise_sigma         : 0.1
num_regions         : 117
lambda_rba          : 0.001
epochs              : 400
learning_rate       : 0.0001
weight_decay        : 0.01
scheduler_T0        : 200
scheduler_eta_min   : 1e-05
log_dir             : ./training_logs
experiment_name     : T1wRBA
augmentation        : False
reshape             : (91, 109, 91)
resume_from_checkpoint: None
2025-12-02 23:49:26,123 INFO 
Hyperparameters:
train_csv           : /home/caojiaxiang/brain age/cjx/5-fold/train_1.csv
val_csv             : /home/caojiaxiang/brain age/cjx/5-fold/val_1.csv
batch_size          : 4
num_workers         : 1
channel             : 16
embed_dim           : 64
num_heads           : 8
num_layers          : 6
hidden_dim          : 512
dropout             : 0.1
lambda_consistency  : 0.02
lambda_grad         : 0.1
noise_sigma         : 0.1
num_regions         : 117
lambda_rba          : 0.001
epochs              : 400
learning_rate       : 0.0001
weight_decay        : 0.01
scheduler_T0        : 200
scheduler_eta_min   : 1e-05
log_dir             : ./training_logs
experiment_name     : T1wRBA
augmentation        : False
reshape             : (91, 109, 91)
resume_from_checkpoint: None
2025-12-02 23:49:26,598 INFO 
Hyperparameters:
train_csv           : /home/caojiaxiang/brain age/cjx/5-fold/train_1.csv
val_csv             : /home/caojiaxiang/brain age/cjx/5-fold/val_1.csv
batch_size          : 4
num_workers         : 1
channel             : 16
embed_dim           : 64
num_heads           : 8
num_layers          : 6
hidden_dim          : 512
dropout             : 0.1
lambda_consistency  : 0.02
lambda_grad         : 0.1
noise_sigma         : 0.1
num_regions         : 117
lambda_rba          : 0.001
epochs              : 400
learning_rate       : 0.0001
weight_decay        : 0.01
scheduler_T0        : 200
scheduler_eta_min   : 1e-05
log_dir             : ./training_logs
experiment_name     : T1wRBA
augmentation        : False
reshape             : (91, 109, 91)
resume_from_checkpoint: None
2025-12-02 23:49:26,622 INFO 
Hyperparameters:
train_csv           : /home/caojiaxiang/brain age/cjx/5-fold/train_1.csv
val_csv             : /home/caojiaxiang/brain age/cjx/5-fold/val_1.csv
batch_size          : 4
num_workers         : 1
channel             : 16
embed_dim           : 64
num_heads           : 8
num_layers          : 6
hidden_dim          : 512
dropout             : 0.1
lambda_consistency  : 0.02
lambda_grad         : 0.1
noise_sigma         : 0.1
num_regions         : 117
lambda_rba          : 0.001
epochs              : 400
learning_rate       : 0.0001
weight_decay        : 0.01
scheduler_T0        : 200
scheduler_eta_min   : 1e-05
log_dir             : ./training_logs
experiment_name     : T1wRBA
augmentation        : False
reshape             : (91, 109, 91)
resume_from_checkpoint: None
2025-12-02 23:49:26,629 INFO 
Hyperparameters:
train_csv           : /home/caojiaxiang/brain age/cjx/5-fold/train_1.csv
val_csv             : /home/caojiaxiang/brain age/cjx/5-fold/val_1.csv
batch_size          : 4
num_workers         : 1
channel             : 16
embed_dim           : 64
num_heads           : 8
num_layers          : 6
hidden_dim          : 512
dropout             : 0.1
lambda_consistency  : 0.02
lambda_grad         : 0.1
noise_sigma         : 0.1
num_regions         : 117
lambda_rba          : 0.001
epochs              : 400
learning_rate       : 0.0001
weight_decay        : 0.01
scheduler_T0        : 200
scheduler_eta_min   : 1e-05
log_dir             : ./training_logs
experiment_name     : T1wRBA
augmentation        : False
reshape             : (91, 109, 91)
resume_from_checkpoint: None
2025-12-02 23:49:26,634 INFO 
Hyperparameters:
train_csv           : /home/caojiaxiang/brain age/cjx/5-fold/train_1.csv
val_csv             : /home/caojiaxiang/brain age/cjx/5-fold/val_1.csv
batch_size          : 4
num_workers         : 1
channel             : 16
embed_dim           : 64
num_heads           : 8
num_layers          : 6
hidden_dim          : 512
dropout             : 0.1
lambda_consistency  : 0.02
lambda_grad         : 0.1
noise_sigma         : 0.1
num_regions         : 117
lambda_rba          : 0.001
epochs              : 400
learning_rate       : 0.0001
weight_decay        : 0.01
scheduler_T0        : 200
scheduler_eta_min   : 1e-05
log_dir             : ./training_logs
experiment_name     : T1wRBA
augmentation        : False
reshape             : (91, 109, 91)
resume_from_checkpoint: None
2025-12-02 23:49:26,640 INFO 
Hyperparameters:
train_csv           : /home/caojiaxiang/brain age/cjx/5-fold/train_1.csv
val_csv             : /home/caojiaxiang/brain age/cjx/5-fold/val_1.csv
batch_size          : 4
num_workers         : 1
channel             : 16
embed_dim           : 64
num_heads           : 8
num_layers          : 6
hidden_dim          : 512
dropout             : 0.1
lambda_consistency  : 0.02
lambda_grad         : 0.1
noise_sigma         : 0.1
num_regions         : 117
lambda_rba          : 0.001
epochs              : 400
learning_rate       : 0.0001
weight_decay        : 0.01
scheduler_T0        : 200
scheduler_eta_min   : 1e-05
log_dir             : ./training_logs
experiment_name     : T1wRBA
augmentation        : False
reshape             : (91, 109, 91)
resume_from_checkpoint: None
2025-12-02 23:49:26,641 INFO 
Hyperparameters:
train_csv           : /home/caojiaxiang/brain age/cjx/5-fold/train_1.csv
val_csv             : /home/caojiaxiang/brain age/cjx/5-fold/val_1.csv
batch_size          : 4
num_workers         : 1
channel             : 16
embed_dim           : 64
num_heads           : 8
num_layers          : 6
hidden_dim          : 512
dropout             : 0.1
lambda_consistency  : 0.02
lambda_grad         : 0.1
noise_sigma         : 0.1
num_regions         : 117
lambda_rba          : 0.001
epochs              : 400
learning_rate       : 0.0001
weight_decay        : 0.01
scheduler_T0        : 200
scheduler_eta_min   : 1e-05
log_dir             : ./training_logs
experiment_name     : T1wRBA
augmentation        : False
reshape             : (91, 109, 91)
resume_from_checkpoint: None
2025-12-02 23:49:26,641 INFO 
Hyperparameters:
train_csv           : /home/caojiaxiang/brain age/cjx/5-fold/train_1.csv
val_csv             : /home/caojiaxiang/brain age/cjx/5-fold/val_1.csv
batch_size          : 4
num_workers         : 1
channel             : 16
embed_dim           : 64
num_heads           : 8
num_layers          : 6
hidden_dim          : 512
dropout             : 0.1
lambda_consistency  : 0.02
lambda_grad         : 0.1
noise_sigma         : 0.1
num_regions         : 117
lambda_rba          : 0.001
epochs              : 400
learning_rate       : 0.0001
weight_decay        : 0.01
scheduler_T0        : 200
scheduler_eta_min   : 1e-05
log_dir             : ./training_logs
experiment_name     : T1wRBA
augmentation        : False
reshape             : (91, 109, 91)
resume_from_checkpoint: None
2025-12-02 23:53:10,679 INFO The used dataset had no length, returning gathered tensors. You should drop the remainder yourself.
2025-12-02 23:53:10,716 INFO The used dataset had no length, returning gathered tensors. You should drop the remainder yourself.
2025-12-02 23:53:10,720 INFO Epoch 1/400 | LR: 6.67e-06 | Train Loss: 3530.0851 (Main: 1713.8545, Cons: 0.0216, Grad: 0.002936767768, RBA: 1816.2061) | Val Loss: 1733.7731 | MAE: 33.72 | Val_RBA: 34.68 | R²: -1.9780 ｜ R: 0.3620
2025-12-02 23:53:10,782 INFO Checkpoint saved at epoch 0
2025-12-02 23:56:57,948 INFO The used dataset had no length, returning gathered tensors. You should drop the remainder yourself.
2025-12-02 23:56:58,007 INFO The used dataset had no length, returning gathered tensors. You should drop the remainder yourself.
2025-12-02 23:56:58,012 INFO Epoch 2/400 | LR: 1.33e-05 | Train Loss: 3491.0264 (Main: 1650.1376, Cons: 0.0209, Grad: 0.002948136584, RBA: 1840.8650) | Val Loss: 1618.9510 | MAE: 31.98 | Val_RBA: 34.58 | R²: -1.7781 ｜ R: 0.3631
2025-12-02 23:56:58,082 INFO Checkpoint saved at epoch 1
2025-12-02 23:59:40,435 INFO 
Hyperparameters:
train_csv           : /home/caojiaxiang/brain age/cjx/5-fold/train_1.csv
val_csv             : /home/caojiaxiang/brain age/cjx/5-fold/val_1.csv
batch_size          : 4
num_workers         : 1
channel             : 16
embed_dim           : 64
num_heads           : 8
num_layers          : 6
hidden_dim          : 512
dropout             : 0.1
lambda_consistency  : 0.02
lambda_grad         : 0.1
noise_sigma         : 0.1
num_regions         : 117
lambda_rba          : 0.001
epochs              : 400
learning_rate       : 0.0001
weight_decay        : 0.01
scheduler_T0        : 200
scheduler_eta_min   : 1e-05
log_dir             : ./training_logs
experiment_name     : T1wRBA
augmentation        : False
reshape             : (91, 109, 91)
resume_from_checkpoint: None
2025-12-02 23:59:40,941 INFO 
Hyperparameters:
train_csv           : /home/caojiaxiang/brain age/cjx/5-fold/train_1.csv
val_csv             : /home/caojiaxiang/brain age/cjx/5-fold/val_1.csv
batch_size          : 4
num_workers         : 1
channel             : 16
embed_dim           : 64
num_heads           : 8
num_layers          : 6
hidden_dim          : 512
dropout             : 0.1
lambda_consistency  : 0.02
lambda_grad         : 0.1
noise_sigma         : 0.1
num_regions         : 117
lambda_rba          : 0.001
epochs              : 400
learning_rate       : 0.0001
weight_decay        : 0.01
scheduler_T0        : 200
scheduler_eta_min   : 1e-05
log_dir             : ./training_logs
experiment_name     : T1wRBA
augmentation        : False
reshape             : (91, 109, 91)
resume_from_checkpoint: None
2025-12-02 23:59:40,947 INFO 
Hyperparameters:
train_csv           : /home/caojiaxiang/brain age/cjx/5-fold/train_1.csv
val_csv             : /home/caojiaxiang/brain age/cjx/5-fold/val_1.csv
batch_size          : 4
num_workers         : 1
channel             : 16
embed_dim           : 64
num_heads           : 8
num_layers          : 6
hidden_dim          : 512
dropout             : 0.1
lambda_consistency  : 0.02
lambda_grad         : 0.1
noise_sigma         : 0.1
num_regions         : 117
lambda_rba          : 0.001
epochs              : 400
learning_rate       : 0.0001
weight_decay        : 0.01
scheduler_T0        : 200
scheduler_eta_min   : 1e-05
log_dir             : ./training_logs
experiment_name     : T1wRBA
augmentation        : False
reshape             : (91, 109, 91)
resume_from_checkpoint: None
2025-12-02 23:59:40,955 INFO 
Hyperparameters:
train_csv           : /home/caojiaxiang/brain age/cjx/5-fold/train_1.csv
val_csv             : /home/caojiaxiang/brain age/cjx/5-fold/val_1.csv
batch_size          : 4
num_workers         : 1
channel             : 16
embed_dim           : 64
num_heads           : 8
num_layers          : 6
hidden_dim          : 512
dropout             : 0.1
lambda_consistency  : 0.02
lambda_grad         : 0.1
noise_sigma         : 0.1
num_regions         : 117
lambda_rba          : 0.001
epochs              : 400
learning_rate       : 0.0001
weight_decay        : 0.01
scheduler_T0        : 200
scheduler_eta_min   : 1e-05
log_dir             : ./training_logs
experiment_name     : T1wRBA
augmentation        : False
reshape             : (91, 109, 91)
resume_from_checkpoint: None
2025-12-02 23:59:40,964 INFO 
Hyperparameters:
train_csv           : /home/caojiaxiang/brain age/cjx/5-fold/train_1.csv
val_csv             : /home/caojiaxiang/brain age/cjx/5-fold/val_1.csv
batch_size          : 4
num_workers         : 1
channel             : 16
embed_dim           : 64
num_heads           : 8
num_layers          : 6
hidden_dim          : 512
dropout             : 0.1
lambda_consistency  : 0.02
lambda_grad         : 0.1
noise_sigma         : 0.1
num_regions         : 117
lambda_rba          : 0.001
epochs              : 400
learning_rate       : 0.0001
weight_decay        : 0.01
scheduler_T0        : 200
scheduler_eta_min   : 1e-05
log_dir             : ./training_logs
experiment_name     : T1wRBA
augmentation        : False
reshape             : (91, 109, 91)
resume_from_checkpoint: None
2025-12-02 23:59:40,999 INFO 
Hyperparameters:
train_csv           : /home/caojiaxiang/brain age/cjx/5-fold/train_1.csv
val_csv             : /home/caojiaxiang/brain age/cjx/5-fold/val_1.csv
batch_size          : 4
num_workers         : 1
channel             : 16
embed_dim           : 64
num_heads           : 8
num_layers          : 6
hidden_dim          : 512
dropout             : 0.1
lambda_consistency  : 0.02
lambda_grad         : 0.1
noise_sigma         : 0.1
num_regions         : 117
lambda_rba          : 0.001
epochs              : 400
learning_rate       : 0.0001
weight_decay        : 0.01
scheduler_T0        : 200
scheduler_eta_min   : 1e-05
log_dir             : ./training_logs
experiment_name     : T1wRBA
augmentation        : False
reshape             : (91, 109, 91)
resume_from_checkpoint: None
2025-12-02 23:59:41,002 INFO 
Hyperparameters:
train_csv           : /home/caojiaxiang/brain age/cjx/5-fold/train_1.csv
val_csv             : /home/caojiaxiang/brain age/cjx/5-fold/val_1.csv
batch_size          : 4
num_workers         : 1
channel             : 16
embed_dim           : 64
num_heads           : 8
num_layers          : 6
hidden_dim          : 512
dropout             : 0.1
lambda_consistency  : 0.02
lambda_grad         : 0.1
noise_sigma         : 0.1
num_regions         : 117
lambda_rba          : 0.001
epochs              : 400
learning_rate       : 0.0001
weight_decay        : 0.01
scheduler_T0        : 200
scheduler_eta_min   : 1e-05
log_dir             : ./training_logs
experiment_name     : T1wRBA
augmentation        : False
reshape             : (91, 109, 91)
resume_from_checkpoint: None
2025-12-02 23:59:41,067 INFO 
Hyperparameters:
train_csv           : /home/caojiaxiang/brain age/cjx/5-fold/train_1.csv
val_csv             : /home/caojiaxiang/brain age/cjx/5-fold/val_1.csv
batch_size          : 4
num_workers         : 1
channel             : 16
embed_dim           : 64
num_heads           : 8
num_layers          : 6
hidden_dim          : 512
dropout             : 0.1
lambda_consistency  : 0.02
lambda_grad         : 0.1
noise_sigma         : 0.1
num_regions         : 117
lambda_rba          : 0.001
epochs              : 400
learning_rate       : 0.0001
weight_decay        : 0.01
scheduler_T0        : 200
scheduler_eta_min   : 1e-05
log_dir             : ./training_logs
experiment_name     : T1wRBA
augmentation        : False
reshape             : (91, 109, 91)
resume_from_checkpoint: None
2025-12-03 00:03:39,130 INFO 
Hyperparameters:
train_csv           : /home/caojiaxiang/brain age/cjx/5-fold/train_1.csv
val_csv             : /home/caojiaxiang/brain age/cjx/5-fold/val_1.csv
batch_size          : 4
num_workers         : 1
channel             : 16
embed_dim           : 64
num_heads           : 8
num_layers          : 6
hidden_dim          : 512
dropout             : 0.1
lambda_consistency  : 0.02
lambda_grad         : 0.1
noise_sigma         : 0.1
num_regions         : 117
lambda_rba          : 0.001
epochs              : 400
learning_rate       : 0.0001
weight_decay        : 0.01
scheduler_T0        : 200
scheduler_eta_min   : 1e-05
log_dir             : ./training_logs
experiment_name     : T1wRBA
augmentation        : False
reshape             : (91, 109, 91)
resume_from_checkpoint: None
2025-12-03 00:03:39,134 INFO 
Hyperparameters:
train_csv           : /home/caojiaxiang/brain age/cjx/5-fold/train_1.csv
val_csv             : /home/caojiaxiang/brain age/cjx/5-fold/val_1.csv
batch_size          : 4
num_workers         : 1
channel             : 16
embed_dim           : 64
num_heads           : 8
num_layers          : 6
hidden_dim          : 512
dropout             : 0.1
lambda_consistency  : 0.02
lambda_grad         : 0.1
noise_sigma         : 0.1
num_regions         : 117
lambda_rba          : 0.001
epochs              : 400
learning_rate       : 0.0001
weight_decay        : 0.01
scheduler_T0        : 200
scheduler_eta_min   : 1e-05
log_dir             : ./training_logs
experiment_name     : T1wRBA
augmentation        : False
reshape             : (91, 109, 91)
resume_from_checkpoint: None
2025-12-03 00:03:39,139 INFO 
Hyperparameters:
train_csv           : /home/caojiaxiang/brain age/cjx/5-fold/train_1.csv
val_csv             : /home/caojiaxiang/brain age/cjx/5-fold/val_1.csv
batch_size          : 4
num_workers         : 1
channel             : 16
embed_dim           : 64
num_heads           : 8
num_layers          : 6
hidden_dim          : 512
dropout             : 0.1
lambda_consistency  : 0.02
lambda_grad         : 0.1
noise_sigma         : 0.1
num_regions         : 117
lambda_rba          : 0.001
epochs              : 400
learning_rate       : 0.0001
weight_decay        : 0.01
scheduler_T0        : 200
scheduler_eta_min   : 1e-05
log_dir             : ./training_logs
experiment_name     : T1wRBA
augmentation        : False
reshape             : (91, 109, 91)
resume_from_checkpoint: None
2025-12-03 00:03:39,144 INFO 
Hyperparameters:
train_csv           : /home/caojiaxiang/brain age/cjx/5-fold/train_1.csv
val_csv             : /home/caojiaxiang/brain age/cjx/5-fold/val_1.csv
batch_size          : 4
num_workers         : 1
channel             : 16
embed_dim           : 64
num_heads           : 8
num_layers          : 6
hidden_dim          : 512
dropout             : 0.1
lambda_consistency  : 0.02
lambda_grad         : 0.1
noise_sigma         : 0.1
num_regions         : 117
lambda_rba          : 0.001
epochs              : 400
learning_rate       : 0.0001
weight_decay        : 0.01
scheduler_T0        : 200
scheduler_eta_min   : 1e-05
log_dir             : ./training_logs
experiment_name     : T1wRBA
augmentation        : False
reshape             : (91, 109, 91)
resume_from_checkpoint: None
2025-12-03 00:03:39,152 INFO 
Hyperparameters:
train_csv           : /home/caojiaxiang/brain age/cjx/5-fold/train_1.csv
val_csv             : /home/caojiaxiang/brain age/cjx/5-fold/val_1.csv
batch_size          : 4
num_workers         : 1
channel             : 16
embed_dim           : 64
num_heads           : 8
num_layers          : 6
hidden_dim          : 512
dropout             : 0.1
lambda_consistency  : 0.02
lambda_grad         : 0.1
noise_sigma         : 0.1
num_regions         : 117
lambda_rba          : 0.001
epochs              : 400
learning_rate       : 0.0001
weight_decay        : 0.01
scheduler_T0        : 200
scheduler_eta_min   : 1e-05
log_dir             : ./training_logs
experiment_name     : T1wRBA
augmentation        : False
reshape             : (91, 109, 91)
resume_from_checkpoint: None
2025-12-03 00:03:39,213 INFO 
Hyperparameters:
train_csv           : /home/caojiaxiang/brain age/cjx/5-fold/train_1.csv
val_csv             : /home/caojiaxiang/brain age/cjx/5-fold/val_1.csv
batch_size          : 4
num_workers         : 1
channel             : 16
embed_dim           : 64
num_heads           : 8
num_layers          : 6
hidden_dim          : 512
dropout             : 0.1
lambda_consistency  : 0.02
lambda_grad         : 0.1
noise_sigma         : 0.1
num_regions         : 117
lambda_rba          : 0.001
epochs              : 400
learning_rate       : 0.0001
weight_decay        : 0.01
scheduler_T0        : 200
scheduler_eta_min   : 1e-05
log_dir             : ./training_logs
experiment_name     : T1wRBA
augmentation        : False
reshape             : (91, 109, 91)
resume_from_checkpoint: None
2025-12-03 00:03:39,532 INFO 
Hyperparameters:
train_csv           : /home/caojiaxiang/brain age/cjx/5-fold/train_1.csv
val_csv             : /home/caojiaxiang/brain age/cjx/5-fold/val_1.csv
batch_size          : 4
num_workers         : 1
channel             : 16
embed_dim           : 64
num_heads           : 8
num_layers          : 6
hidden_dim          : 512
dropout             : 0.1
lambda_consistency  : 0.02
lambda_grad         : 0.1
noise_sigma         : 0.1
num_regions         : 117
lambda_rba          : 0.001
epochs              : 400
learning_rate       : 0.0001
weight_decay        : 0.01
scheduler_T0        : 200
scheduler_eta_min   : 1e-05
log_dir             : ./training_logs
experiment_name     : T1wRBA
augmentation        : False
reshape             : (91, 109, 91)
resume_from_checkpoint: None
2025-12-03 00:03:39,592 INFO 
Hyperparameters:
train_csv           : /home/caojiaxiang/brain age/cjx/5-fold/train_1.csv
val_csv             : /home/caojiaxiang/brain age/cjx/5-fold/val_1.csv
batch_size          : 4
num_workers         : 1
channel             : 16
embed_dim           : 64
num_heads           : 8
num_layers          : 6
hidden_dim          : 512
dropout             : 0.1
lambda_consistency  : 0.02
lambda_grad         : 0.1
noise_sigma         : 0.1
num_regions         : 117
lambda_rba          : 0.001
epochs              : 400
learning_rate       : 0.0001
weight_decay        : 0.01
scheduler_T0        : 200
scheduler_eta_min   : 1e-05
log_dir             : ./training_logs
experiment_name     : T1wRBA
augmentation        : False
reshape             : (91, 109, 91)
resume_from_checkpoint: None
2025-12-03 00:07:34,774 INFO The used dataset had no length, returning gathered tensors. You should drop the remainder yourself.
2025-12-03 00:07:34,840 INFO The used dataset had no length, returning gathered tensors. You should drop the remainder yourself.
2025-12-03 00:07:34,845 INFO Epoch 1/400 | LR: 6.67e-06 | Train Loss: 3530.0824 (Main: 1713.8546, Cons: 0.0216, Grad: 0.000004041747, RBA: 1816.2061) | Val Loss: 1733.4440 | MAE: 33.72 | Val_RBA: 34.68 | R²: -1.9774 ｜ R: 0.3624
2025-12-03 00:07:34,917 INFO Checkpoint saved at epoch 0
2025-12-03 00:11:27,050 INFO The used dataset had no length, returning gathered tensors. You should drop the remainder yourself.
2025-12-03 00:11:27,125 INFO The used dataset had no length, returning gathered tensors. You should drop the remainder yourself.
2025-12-03 00:11:27,129 INFO Epoch 2/400 | LR: 1.33e-05 | Train Loss: 3491.0269 (Main: 1650.1411, Cons: 0.0209, Grad: 0.000003823402, RBA: 1840.8648) | Val Loss: 1618.6212 | MAE: 31.97 | Val_RBA: 34.58 | R²: -1.7775 ｜ R: 0.3597
2025-12-03 00:11:27,199 INFO Checkpoint saved at epoch 1
2025-12-03 00:15:20,417 INFO The used dataset had no length, returning gathered tensors. You should drop the remainder yourself.
2025-12-03 00:15:20,465 INFO The used dataset had no length, returning gathered tensors. You should drop the remainder yourself.
2025-12-03 00:15:20,469 INFO Epoch 3/400 | LR: 2.00e-05 | Train Loss: 3269.3029 (Main: 1528.9912, Cons: 0.0516, Grad: 0.000004161506, RBA: 1740.2601) | Val Loss: 1527.8723 | MAE: 30.51 | Val_RBA: 34.35 | R²: -1.6195 ｜ R: 0.4052
2025-12-03 00:15:20,535 INFO Checkpoint saved at epoch 2
2025-12-03 00:19:16,090 INFO The used dataset had no length, returning gathered tensors. You should drop the remainder yourself.
2025-12-03 00:19:16,155 INFO The used dataset had no length, returning gathered tensors. You should drop the remainder yourself.
2025-12-03 00:19:16,159 INFO Epoch 4/400 | LR: 2.67e-05 | Train Loss: 3463.5350 (Main: 1641.2542, Cons: 0.3642, Grad: 0.000030576865, RBA: 1821.9167) | Val Loss: 1479.9154 | MAE: 29.74 | Val_RBA: 33.08 | R²: -1.5362 ｜ R: 0.8084
2025-12-03 00:19:16,229 INFO Checkpoint saved at epoch 3
2025-12-03 00:23:11,123 INFO The used dataset had no length, returning gathered tensors. You should drop the remainder yourself.
2025-12-03 00:23:11,164 INFO The used dataset had no length, returning gathered tensors. You should drop the remainder yourself.
2025-12-03 00:23:11,168 INFO Epoch 5/400 | LR: 3.33e-05 | Train Loss: 2954.8687 (Main: 1534.2690, Cons: 4.9330, Grad: 0.000259044384, RBA: 1415.6664) | Val Loss: 1432.4414 | MAE: 28.89 | Val_RBA: 18.86 | R²: -1.4535 ｜ R: 0.2623
2025-12-03 00:23:11,230 INFO Checkpoint saved at epoch 4
2025-12-03 00:27:04,593 INFO The used dataset had no length, returning gathered tensors. You should drop the remainder yourself.
2025-12-03 00:27:04,651 INFO The used dataset had no length, returning gathered tensors. You should drop the remainder yourself.
2025-12-03 00:27:04,655 INFO Epoch 6/400 | LR: 4.00e-05 | Train Loss: 2151.5118 (Main: 1390.2329, Cons: 20.2734, Grad: 0.001011716873, RBA: 741.0044) | Val Loss: 1380.4976 | MAE: 28.01 | Val_RBA: 16.65 | R²: -1.3633 ｜ R: 0.6256
2025-12-03 00:27:04,726 INFO Checkpoint saved at epoch 5
2025-12-03 00:31:00,937 INFO The used dataset had no length, returning gathered tensors. You should drop the remainder yourself.
2025-12-03 00:31:00,996 INFO The used dataset had no length, returning gathered tensors. You should drop the remainder yourself.
2025-12-03 00:31:00,999 INFO Epoch 7/400 | LR: 4.67e-05 | Train Loss: 1773.0521 (Main: 1346.7143, Cons: 37.8407, Grad: 0.002864896049, RBA: 388.4942) | Val Loss: 1321.3241 | MAE: 27.00 | Val_RBA: 13.59 | R²: -1.2606 ｜ R: nan
2025-12-03 00:31:01,081 INFO Checkpoint saved at epoch 6
2025-12-03 00:34:55,057 INFO The used dataset had no length, returning gathered tensors. You should drop the remainder yourself.
2025-12-03 00:34:55,136 INFO The used dataset had no length, returning gathered tensors. You should drop the remainder yourself.
2025-12-03 00:34:55,137 INFO Epoch 8/400 | LR: 5.33e-05 | Train Loss: 1684.1063 (Main: 1371.1107, Cons: 43.4724, Grad: 0.004456062051, RBA: 269.5188) | Val Loss: 1254.8633 | MAE: 25.90 | Val_RBA: 10.37 | R²: -1.1453 ｜ R: nan
2025-12-03 00:34:55,207 INFO Checkpoint saved at epoch 7
2025-12-03 00:38:42,812 INFO The used dataset had no length, returning gathered tensors. You should drop the remainder yourself.
2025-12-03 00:38:42,839 INFO The used dataset had no length, returning gathered tensors. You should drop the remainder yourself.
2025-12-03 00:38:42,842 INFO Epoch 9/400 | LR: 6.00e-05 | Train Loss: 1532.1442 (Main: 1290.3198, Cons: 42.4872, Grad: 0.005639411875, RBA: 199.3316) | Val Loss: 1182.5063 | MAE: 24.78 | Val_RBA: 9.45 | R²: -1.0199 ｜ R: 0.2241
2025-12-03 00:38:42,910 INFO Checkpoint saved at epoch 8
2025-12-03 00:42:26,320 INFO The used dataset had no length, returning gathered tensors. You should drop the remainder yourself.
2025-12-03 00:42:26,379 INFO The used dataset had no length, returning gathered tensors. You should drop the remainder yourself.
2025-12-03 00:42:26,381 INFO Epoch 10/400 | LR: 6.67e-05 | Train Loss: 1394.9235 (Main: 1182.7583, Cons: 41.6918, Grad: 0.006064780046, RBA: 170.4673) | Val Loss: 1105.8905 | MAE: 23.64 | Val_RBA: 8.58 | R²: -0.8873 ｜ R: nan
2025-12-03 00:42:26,462 INFO Checkpoint saved at epoch 9
2025-12-03 00:46:13,128 INFO The used dataset had no length, returning gathered tensors. You should drop the remainder yourself.
2025-12-03 00:46:13,183 INFO The used dataset had no length, returning gathered tensors. You should drop the remainder yourself.
2025-12-03 00:46:13,187 INFO Epoch 11/400 | LR: 7.33e-05 | Train Loss: 1363.8359 (Main: 1158.9379, Cons: 43.1473, Grad: 0.005866006282, RBA: 161.7448) | Val Loss: 1026.8581 | MAE: 22.53 | Val_RBA: 12.37 | R²: -0.7508 ｜ R: 0.1154
2025-12-03 00:46:13,256 INFO Checkpoint saved at epoch 10
2025-12-03 00:49:59,951 INFO The used dataset had no length, returning gathered tensors. You should drop the remainder yourself.
2025-12-03 00:50:00,010 INFO The used dataset had no length, returning gathered tensors. You should drop the remainder yourself.
2025-12-03 00:50:00,012 INFO Epoch 12/400 | LR: 8.00e-05 | Train Loss: 1177.0839 (Main: 997.3675, Cons: 41.9172, Grad: 0.006385801602, RBA: 137.7927) | Val Loss: 948.0534 | MAE: 21.43 | Val_RBA: 11.79 | R²: -0.6149 ｜ R: nan
2025-12-03 00:50:00,075 INFO Checkpoint saved at epoch 11
2025-12-03 00:53:45,343 INFO The used dataset had no length, returning gathered tensors. You should drop the remainder yourself.
2025-12-03 00:53:45,414 INFO The used dataset had no length, returning gathered tensors. You should drop the remainder yourself.
2025-12-03 00:53:45,415 INFO Epoch 13/400 | LR: 8.67e-05 | Train Loss: 1106.9158 (Main: 925.4751, Cons: 37.2621, Grad: 0.005946486291, RBA: 144.1726) | Val Loss: 872.5702 | MAE: 20.37 | Val_RBA: 8.34 | R²: -0.4852 ｜ R: nan
2025-12-03 00:53:45,480 INFO Checkpoint saved at epoch 12
2025-12-03 00:57:32,560 INFO The used dataset had no length, returning gathered tensors. You should drop the remainder yourself.
2025-12-03 00:57:32,596 INFO The used dataset had no length, returning gathered tensors. You should drop the remainder yourself.
2025-12-03 00:57:32,598 INFO Epoch 14/400 | LR: 9.33e-05 | Train Loss: 1053.3506 (Main: 873.5822, Cons: 37.3020, Grad: 0.005672405130, RBA: 142.4608) | Val Loss: 802.2158 | MAE: 19.61 | Val_RBA: 10.16 | R²: -0.3647 ｜ R: nan
2025-12-03 00:57:32,665 INFO Checkpoint saved at epoch 13
2025-12-03 01:01:23,044 INFO The used dataset had no length, returning gathered tensors. You should drop the remainder yourself.
2025-12-03 01:01:23,102 INFO The used dataset had no length, returning gathered tensors. You should drop the remainder yourself.
2025-12-03 01:01:23,106 INFO Epoch 15/400 | LR: 1.00e-04 | Train Loss: 986.7558 (Main: 811.6871, Cons: 38.7105, Grad: 0.005806750607, RBA: 136.3524) | Val Loss: 740.7691 | MAE: 19.45 | Val_RBA: 8.50 | R²: -0.2602 ｜ R: 0.1091
2025-12-03 01:01:23,172 INFO Checkpoint saved at epoch 14
2025-12-03 01:05:06,544 INFO The used dataset had no length, returning gathered tensors. You should drop the remainder yourself.
2025-12-03 01:05:06,618 INFO The used dataset had no length, returning gathered tensors. You should drop the remainder yourself.
2025-12-03 01:05:06,622 INFO Epoch 16/400 | LR: 9.76e-05 | Train Loss: 862.4703 (Main: 721.2110, Cons: 35.2170, Grad: 0.005650095405, RBA: 106.0367) | Val Loss: 693.1900 | MAE: 19.63 | Val_RBA: 8.36 | R²: -0.1798 ｜ R: 0.3663
2025-12-03 01:08:58,565 INFO The used dataset had no length, returning gathered tensors. You should drop the remainder yourself.
2025-12-03 01:08:58,627 INFO The used dataset had no length, returning gathered tensors. You should drop the remainder yourself.
2025-12-03 01:08:58,631 INFO Epoch 17/400 | LR: 9.95e-05 | Train Loss: 881.9513 (Main: 726.6958, Cons: 34.8837, Grad: 0.005337276422, RBA: 120.3664) | Val Loss: 658.5527 | MAE: 19.95 | Val_RBA: 9.06 | R²: -0.1220 ｜ R: 0.0603
2025-12-03 01:13:29,055 INFO The used dataset had no length, returning gathered tensors. You should drop the remainder yourself.
2025-12-03 01:13:29,088 INFO The used dataset had no length, returning gathered tensors. You should drop the remainder yourself.
2025-12-03 01:13:29,089 INFO Epoch 18/400 | LR: 1.00e-04 | Train Loss: 808.3541 (Main: 669.8082, Cons: 33.8182, Grad: 0.005454547494, RBA: 104.7222) | Val Loss: 633.9162 | MAE: 20.33 | Val_RBA: 7.54 | R²: -0.0815 ｜ R: nan
2025-12-03 01:18:18,772 INFO The used dataset had no length, returning gathered tensors. You should drop the remainder yourself.
2025-12-03 01:18:18,843 INFO The used dataset had no length, returning gathered tensors. You should drop the remainder yourself.
2025-12-03 01:18:18,845 INFO Epoch 19/400 | LR: 4.79e-07 | Train Loss: 799.7647 (Main: 652.5978, Cons: 32.9172, Grad: 0.005582178796, RBA: 114.2441) | Val Loss: 617.4363 | MAE: 20.72 | Val_RBA: 10.37 | R²: -0.0551 ｜ R: nan
2025-12-03 01:23:07,990 INFO The used dataset had no length, returning gathered tensors. You should drop the remainder yourself.
2025-12-03 01:23:08,029 INFO The used dataset had no length, returning gathered tensors. You should drop the remainder yourself.
2025-12-03 01:23:08,034 INFO Epoch 20/400 | LR: 4.80e-07 | Train Loss: 783.2707 (Main: 650.1414, Cons: 30.6143, Grad: 0.004580603006, RBA: 102.5104) | Val Loss: 617.4287 | MAE: 20.72 | Val_RBA: 8.15 | R²: -0.0551 ｜ R: 0.1090
2025-12-03 01:27:57,730 INFO The used dataset had no length, returning gathered tensors. You should drop the remainder yourself.
2025-12-03 01:27:57,773 INFO The used dataset had no length, returning gathered tensors. You should drop the remainder yourself.
2025-12-03 01:27:57,775 INFO Epoch 21/400 | LR: 4.88e-07 | Train Loss: 755.6042 (Main: 633.7955, Cons: 29.9368, Grad: 0.004767294766, RBA: 91.8672) | Val Loss: 617.2999 | MAE: 20.72 | Val_RBA: 9.10 | R²: -0.0549 ｜ R: nan
2025-12-03 01:32:43,564 INFO The used dataset had no length, returning gathered tensors. You should drop the remainder yourself.
2025-12-03 01:32:43,610 INFO The used dataset had no length, returning gathered tensors. You should drop the remainder yourself.
2025-12-03 01:32:43,617 INFO Epoch 22/400 | LR: 4.88e-07 | Train Loss: 752.5659 (Main: 624.0962, Cons: 28.7430, Grad: 0.004779710236, RBA: 99.7220) | Val Loss: 617.3030 | MAE: 20.72 | Val_RBA: 8.75 | R²: -0.0549 ｜ R: -0.0609
2025-12-03 01:36:41,790 INFO The used dataset had no length, returning gathered tensors. You should drop the remainder yourself.
2025-12-03 01:36:41,837 INFO The used dataset had no length, returning gathered tensors. You should drop the remainder yourself.
2025-12-03 01:36:41,839 INFO Epoch 23/400 | LR: 4.96e-07 | Train Loss: 814.8296 (Main: 682.2544, Cons: 33.7487, Grad: 0.004998469039, RBA: 98.8215) | Val Loss: 617.1640 | MAE: 20.73 | Val_RBA: 10.54 | R²: -0.0547 ｜ R: nan
2025-12-03 01:40:42,602 INFO The used dataset had no length, returning gathered tensors. You should drop the remainder yourself.
2025-12-03 01:40:42,625 INFO The used dataset had no length, returning gathered tensors. You should drop the remainder yourself.
2025-12-03 01:40:42,627 INFO Epoch 24/400 | LR: 5.04e-07 | Train Loss: 755.7645 (Main: 625.1919, Cons: 32.9878, Grad: 0.004861905483, RBA: 97.5800) | Val Loss: 617.0285 | MAE: 20.73 | Val_RBA: 7.46 | R²: -0.0545 ｜ R: nan
2025-12-03 01:44:45,538 INFO The used dataset had no length, returning gathered tensors. You should drop the remainder yourself.
2025-12-03 01:44:45,576 INFO The used dataset had no length, returning gathered tensors. You should drop the remainder yourself.
2025-12-03 01:44:45,578 INFO Epoch 25/400 | LR: 5.04e-07 | Train Loss: 698.7696 (Main: 582.0929, Cons: 34.8379, Grad: 0.004831436533, RBA: 81.8340) | Val Loss: 617.0285 | MAE: 20.73 | Val_RBA: 7.08 | R²: -0.0545 ｜ R: nan
2025-12-03 01:48:46,439 INFO The used dataset had no length, returning gathered tensors. You should drop the remainder yourself.
2025-12-03 01:48:46,506 INFO The used dataset had no length, returning gathered tensors. You should drop the remainder yourself.
2025-12-03 01:48:46,508 INFO Epoch 26/400 | LR: 5.13e-07 | Train Loss: 763.5925 (Main: 638.1175, Cons: 33.6256, Grad: 0.004914763886, RBA: 91.8445) | Val Loss: 616.8936 | MAE: 20.73 | Val_RBA: 8.63 | R²: -0.0543 ｜ R: nan
2025-12-03 01:52:44,061 INFO The used dataset had no length, returning gathered tensors. You should drop the remainder yourself.
2025-12-03 01:52:44,112 INFO The used dataset had no length, returning gathered tensors. You should drop the remainder yourself.
2025-12-03 01:52:44,114 INFO Epoch 27/400 | LR: 5.21e-07 | Train Loss: 734.8355 (Main: 617.4861, Cons: 30.0003, Grad: 0.005080627355, RBA: 87.3440) | Val Loss: 616.7591 | MAE: 20.74 | Val_RBA: 9.60 | R²: -0.0541 ｜ R: nan
2025-12-03 01:56:37,193 INFO The used dataset had no length, returning gathered tensors. You should drop the remainder yourself.
2025-12-03 01:56:37,247 INFO The used dataset had no length, returning gathered tensors. You should drop the remainder yourself.
2025-12-03 01:56:37,252 INFO Epoch 28/400 | LR: 5.34e-07 | Train Loss: 734.5841 (Main: 609.3772, Cons: 33.2644, Grad: 0.005301552438, RBA: 91.9373) | Val Loss: 616.5624 | MAE: 20.74 | Val_RBA: 7.78 | R²: -0.0537 ｜ R: 0.3582
2025-12-03 02:00:37,741 INFO The used dataset had no length, returning gathered tensors. You should drop the remainder yourself.
2025-12-03 02:00:37,785 INFO The used dataset had no length, returning gathered tensors. You should drop the remainder yourself.
2025-12-03 02:00:37,787 INFO Epoch 29/400 | LR: 5.30e-07 | Train Loss: 755.1217 (Main: 621.1677, Cons: 30.5605, Grad: 0.005360734207, RBA: 103.3881) | Val Loss: 616.6251 | MAE: 20.74 | Val_RBA: 6.89 | R²: -0.0539 ｜ R: nan
2025-12-03 02:04:34,096 INFO The used dataset had no length, returning gathered tensors. You should drop the remainder yourself.
2025-12-03 02:04:34,119 INFO The used dataset had no length, returning gathered tensors. You should drop the remainder yourself.
2025-12-03 02:04:34,121 INFO Epoch 30/400 | LR: 5.39e-07 | Train Loss: 787.2781 (Main: 660.9915, Cons: 31.6252, Grad: 0.005171242470, RBA: 94.6562) | Val Loss: 616.4916 | MAE: 20.74 | Val_RBA: 7.43 | R²: -0.0536 ｜ R: nan
2025-12-03 02:08:30,662 INFO The used dataset had no length, returning gathered tensors. You should drop the remainder yourself.
2025-12-03 02:08:30,694 INFO The used dataset had no length, returning gathered tensors. You should drop the remainder yourself.
2025-12-03 02:08:30,696 INFO Epoch 31/400 | LR: 5.47e-07 | Train Loss: 756.4465 (Main: 629.9525, Cons: 34.2729, Grad: 0.005398615958, RBA: 92.2157) | Val Loss: 616.3586 | MAE: 20.75 | Val_RBA: 7.86 | R²: -0.0534 ｜ R: nan
2025-12-03 02:12:26,768 INFO The used dataset had no length, returning gathered tensors. You should drop the remainder yourself.
2025-12-03 02:12:26,839 INFO The used dataset had no length, returning gathered tensors. You should drop the remainder yourself.
2025-12-03 02:12:26,844 INFO Epoch 32/400 | LR: 5.56e-07 | Train Loss: 739.3736 (Main: 621.9459, Cons: 34.5372, Grad: 0.004877393968, RBA: 82.8857) | Val Loss: 616.2251 | MAE: 20.75 | Val_RBA: 6.46 | R²: -0.0532 ｜ R: 0.0410
2025-12-03 02:16:25,600 INFO The used dataset had no length, returning gathered tensors. You should drop the remainder yourself.
2025-12-03 02:16:25,646 INFO The used dataset had no length, returning gathered tensors. You should drop the remainder yourself.
2025-12-03 02:16:25,651 INFO Epoch 33/400 | LR: 5.52e-07 | Train Loss: 751.8044 (Main: 627.3651, Cons: 32.1516, Grad: 0.005601473585, RBA: 92.2821) | Val Loss: 616.2856 | MAE: 20.76 | Val_RBA: 8.27 | R²: -0.0533 ｜ R: -0.2964
2025-12-03 02:20:25,133 INFO The used dataset had no length, returning gathered tensors. You should drop the remainder yourself.
2025-12-03 02:20:25,161 INFO The used dataset had no length, returning gathered tensors. You should drop the remainder yourself.
2025-12-03 02:20:25,163 INFO Epoch 34/400 | LR: 5.65e-07 | Train Loss: 720.8198 (Main: 598.5604, Cons: 31.4371, Grad: 0.005189003847, RBA: 90.8172) | Val Loss: 616.0941 | MAE: 20.76 | Val_RBA: 9.12 | R²: -0.0530 ｜ R: nan
2025-12-03 02:24:24,070 INFO The used dataset had no length, returning gathered tensors. You should drop the remainder yourself.
2025-12-03 02:24:24,118 INFO The used dataset had no length, returning gathered tensors. You should drop the remainder yourself.
2025-12-03 02:24:24,123 INFO Epoch 35/400 | LR: 5.73e-07 | Train Loss: 733.4173 (Main: 616.2036, Cons: 31.6206, Grad: 0.005317458285, RBA: 85.5878) | Val Loss: 615.9641 | MAE: 20.76 | Val_RBA: 7.13 | R²: -0.0528 ｜ R: -0.0433
2025-12-03 02:28:19,886 INFO The used dataset had no length, returning gathered tensors. You should drop the remainder yourself.
2025-12-03 02:28:19,954 INFO The used dataset had no length, returning gathered tensors. You should drop the remainder yourself.
2025-12-03 02:28:19,956 INFO Epoch 36/400 | LR: 5.82e-07 | Train Loss: 716.8538 (Main: 602.5006, Cons: 30.6315, Grad: 0.005052280463, RBA: 83.7166) | Val Loss: 615.8315 | MAE: 20.76 | Val_RBA: 7.52 | R²: -0.0526 ｜ R: nan
2025-12-03 02:32:22,054 INFO The used dataset had no length, returning gathered tensors. You should drop the remainder yourself.
2025-12-03 02:32:22,098 INFO The used dataset had no length, returning gathered tensors. You should drop the remainder yourself.
2025-12-03 02:32:22,100 INFO Epoch 37/400 | LR: 5.91e-07 | Train Loss: 806.4725 (Main: 676.2749, Cons: 34.8894, Grad: 0.005451776512, RBA: 95.3027) | Val Loss: 615.7009 | MAE: 20.77 | Val_RBA: 9.27 | R²: -0.0524 ｜ R: nan
2025-12-03 02:36:18,088 INFO The used dataset had no length, returning gathered tensors. You should drop the remainder yourself.
2025-12-03 02:36:18,135 INFO The used dataset had no length, returning gathered tensors. You should drop the remainder yourself.
2025-12-03 02:36:18,137 INFO Epoch 38/400 | LR: 6.00e-07 | Train Loss: 777.7260 (Main: 647.6221, Cons: 32.1667, Grad: 0.005370256678, RBA: 97.9319) | Val Loss: 615.5709 | MAE: 20.77 | Val_RBA: 7.24 | R²: -0.0522 ｜ R: nan
2025-12-03 02:40:17,735 INFO The used dataset had no length, returning gathered tensors. You should drop the remainder yourself.
2025-12-03 02:40:17,773 INFO The used dataset had no length, returning gathered tensors. You should drop the remainder yourself.
2025-12-03 02:40:17,775 INFO Epoch 39/400 | LR: 6.09e-07 | Train Loss: 770.7760 (Main: 649.6977, Cons: 34.7453, Grad: 0.005401734189, RBA: 86.3276) | Val Loss: 615.4413 | MAE: 20.78 | Val_RBA: 8.38 | R²: -0.0520 ｜ R: nan
2025-12-03 02:44:16,864 INFO The used dataset had no length, returning gathered tensors. You should drop the remainder yourself.
2025-12-03 02:44:16,894 INFO The used dataset had no length, returning gathered tensors. You should drop the remainder yourself.
2025-12-03 02:44:16,896 INFO Epoch 40/400 | LR: 6.18e-07 | Train Loss: 811.2494 (Main: 678.5307, Cons: 36.8546, Grad: 0.005188627919, RBA: 95.8589) | Val Loss: 615.3122 | MAE: 20.78 | Val_RBA: 9.01 | R²: -0.0518 ｜ R: nan
2025-12-03 02:48:21,694 INFO The used dataset had no length, returning gathered tensors. You should drop the remainder yourself.
2025-12-03 02:48:21,746 INFO The used dataset had no length, returning gathered tensors. You should drop the remainder yourself.
2025-12-03 02:48:21,751 INFO Epoch 41/400 | LR: 6.32e-07 | Train Loss: 743.9758 (Main: 627.0751, Cons: 32.4958, Grad: 0.005327494822, RBA: 84.3996) | Val Loss: 615.1145 | MAE: 20.78 | Val_RBA: 9.65 | R²: -0.0515 ｜ R: 0.3059
2025-12-03 02:52:18,175 INFO The used dataset had no length, returning gathered tensors. You should drop the remainder yourself.
2025-12-03 02:52:18,248 INFO The used dataset had no length, returning gathered tensors. You should drop the remainder yourself.
2025-12-03 02:52:18,253 INFO Epoch 42/400 | LR: 6.37e-07 | Train Loss: 744.7978 (Main: 625.8142, Cons: 34.0378, Grad: 0.005274308154, RBA: 84.9405) | Val Loss: 615.0551 | MAE: 20.79 | Val_RBA: 7.66 | R²: -0.0514 ｜ R: 0.0230
2025-12-03 02:56:18,360 INFO The used dataset had no length, returning gathered tensors. You should drop the remainder yourself.
2025-12-03 02:56:18,403 INFO The used dataset had no length, returning gathered tensors. You should drop the remainder yourself.
2025-12-03 02:56:18,408 INFO Epoch 43/400 | LR: 6.46e-07 | Train Loss: 729.0234 (Main: 611.0915, Cons: 32.0520, Grad: 0.005309554523, RBA: 85.8745) | Val Loss: 614.9190 | MAE: 20.79 | Val_RBA: 6.75 | R²: -0.0512 ｜ R: 0.1313
2025-12-03 03:00:18,354 INFO The used dataset had no length, returning gathered tensors. You should drop the remainder yourself.
2025-12-03 03:00:18,401 INFO The used dataset had no length, returning gathered tensors. You should drop the remainder yourself.
2025-12-03 03:00:18,406 INFO Epoch 44/400 | LR: 6.55e-07 | Train Loss: 743.1177 (Main: 618.3878, Cons: 35.5006, Grad: 0.005331897304, RBA: 89.2240) | Val Loss: 614.8001 | MAE: 20.80 | Val_RBA: 7.20 | R²: -0.0510 ｜ R: 0.0313
2025-12-03 03:04:16,251 INFO The used dataset had no length, returning gathered tensors. You should drop the remainder yourself.
2025-12-03 03:04:16,317 INFO The used dataset had no length, returning gathered tensors. You should drop the remainder yourself.
2025-12-03 03:04:16,322 INFO Epoch 45/400 | LR: 6.64e-07 | Train Loss: 726.7555 (Main: 606.1773, Cons: 35.5050, Grad: 0.005276723221, RBA: 85.0679) | Val Loss: 614.6767 | MAE: 20.80 | Val_RBA: 10.14 | R²: -0.0508 ｜ R: 0.0734
2025-12-03 03:08:23,466 INFO The used dataset had no length, returning gathered tensors. You should drop the remainder yourself.
2025-12-03 03:08:23,515 INFO The used dataset had no length, returning gathered tensors. You should drop the remainder yourself.
2025-12-03 03:08:23,518 INFO Epoch 46/400 | LR: 6.74e-07 | Train Loss: 734.2560 (Main: 616.4925, Cons: 37.2506, Grad: 0.004910130151, RBA: 80.5080) | Val Loss: 614.5478 | MAE: 20.80 | Val_RBA: 8.70 | R²: -0.0506 ｜ R: nan
2025-12-03 03:12:32,481 INFO The used dataset had no length, returning gathered tensors. You should drop the remainder yourself.
2025-12-03 03:12:32,522 INFO The used dataset had no length, returning gathered tensors. You should drop the remainder yourself.
2025-12-03 03:12:32,526 INFO Epoch 47/400 | LR: 6.85e-07 | Train Loss: 743.4406 (Main: 624.4578, Cons: 34.1963, Grad: 0.004813820956, RBA: 84.7816) | Val Loss: 614.3891 | MAE: 20.81 | Val_RBA: 7.69 | R²: -0.0504 ｜ R: 0.2070
2025-12-03 03:16:46,976 INFO The used dataset had no length, returning gathered tensors. You should drop the remainder yourself.
2025-12-03 03:16:47,017 INFO The used dataset had no length, returning gathered tensors. You should drop the remainder yourself.
2025-12-03 03:16:47,021 INFO Epoch 48/400 | LR: 6.93e-07 | Train Loss: 763.2777 (Main: 644.2886, Cons: 33.3384, Grad: 0.005365251924, RBA: 85.6453) | Val Loss: 614.2947 | MAE: 20.81 | Val_RBA: 7.57 | R²: -0.0502 ｜ R: 0.0537
2025-12-03 03:20:48,845 INFO The used dataset had no length, returning gathered tensors. You should drop the remainder yourself.
2025-12-03 03:20:48,904 INFO The used dataset had no length, returning gathered tensors. You should drop the remainder yourself.
2025-12-03 03:20:48,906 INFO Epoch 49/400 | LR: 7.02e-07 | Train Loss: 773.8269 (Main: 651.5130, Cons: 31.1637, Grad: 0.005424438446, RBA: 91.1448) | Val Loss: 614.1723 | MAE: 20.81 | Val_RBA: 6.88 | R²: -0.0500 ｜ R: nan
2025-12-03 03:24:50,196 INFO The used dataset had no length, returning gathered tensors. You should drop the remainder yourself.
2025-12-03 03:24:50,240 INFO The used dataset had no length, returning gathered tensors. You should drop the remainder yourself.
2025-12-03 03:24:50,242 INFO Epoch 50/400 | LR: 7.11e-07 | Train Loss: 757.6279 (Main: 639.7869, Cons: 36.0355, Grad: 0.005097819907, RBA: 81.8004) | Val Loss: 614.0481 | MAE: 20.82 | Val_RBA: 7.19 | R²: -0.0498 ｜ R: nan
2025-12-03 03:28:46,987 INFO The used dataset had no length, returning gathered tensors. You should drop the remainder yourself.
2025-12-03 03:28:47,040 INFO The used dataset had no length, returning gathered tensors. You should drop the remainder yourself.
2025-12-03 03:28:47,043 INFO Epoch 51/400 | LR: 7.21e-07 | Train Loss: 725.6929 (Main: 606.8802, Cons: 33.9318, Grad: 0.005361678778, RBA: 84.8755) | Val Loss: 613.9243 | MAE: 20.82 | Val_RBA: 7.67 | R²: -0.0496 ｜ R: nan
2025-12-03 03:32:41,426 INFO The used dataset had no length, returning gathered tensors. You should drop the remainder yourself.
2025-12-03 03:32:41,468 INFO The used dataset had no length, returning gathered tensors. You should drop the remainder yourself.
2025-12-03 03:32:41,470 INFO Epoch 52/400 | LR: 7.30e-07 | Train Loss: 720.3147 (Main: 606.7544, Cons: 33.1233, Grad: 0.005236230588, RBA: 80.4317) | Val Loss: 613.8011 | MAE: 20.83 | Val_RBA: 7.64 | R²: -0.0495 ｜ R: nan
2025-12-03 03:36:38,770 INFO The used dataset had no length, returning gathered tensors. You should drop the remainder yourself.
2025-12-03 03:36:38,810 INFO The used dataset had no length, returning gathered tensors. You should drop the remainder yourself.
2025-12-03 03:36:38,813 INFO Epoch 53/400 | LR: 7.40e-07 | Train Loss: 824.9261 (Main: 702.9429, Cons: 36.0637, Grad: 0.005117913414, RBA: 85.9144) | Val Loss: 613.6783 | MAE: 20.83 | Val_RBA: 6.97 | R²: -0.0493 ｜ R: nan
2025-12-03 03:40:35,598 INFO The used dataset had no length, returning gathered tensors. You should drop the remainder yourself.
2025-12-03 03:40:35,645 INFO The used dataset had no length, returning gathered tensors. You should drop the remainder yourself.
2025-12-03 03:40:35,647 INFO Epoch 54/400 | LR: 7.49e-07 | Train Loss: 774.6626 (Main: 658.5268, Cons: 31.2051, Grad: 0.005241584712, RBA: 84.9255) | Val Loss: 613.5561 | MAE: 20.83 | Val_RBA: 6.47 | R²: -0.0491 ｜ R: nan
2025-12-03 03:44:36,757 INFO The used dataset had no length, returning gathered tensors. You should drop the remainder yourself.
2025-12-03 03:44:36,814 INFO The used dataset had no length, returning gathered tensors. You should drop the remainder yourself.
2025-12-03 03:44:36,816 INFO Epoch 55/400 | LR: 7.59e-07 | Train Loss: 731.3889 (Main: 608.0365, Cons: 31.5342, Grad: 0.005357321568, RBA: 91.8129) | Val Loss: 613.4343 | MAE: 20.84 | Val_RBA: 7.92 | R²: -0.0489 ｜ R: nan
2025-12-03 03:48:27,497 INFO The used dataset had no length, returning gathered tensors. You should drop the remainder yourself.
2025-12-03 03:48:27,536 INFO The used dataset had no length, returning gathered tensors. You should drop the remainder yourself.
2025-12-03 03:48:27,540 INFO Epoch 56/400 | LR: 7.83e-07 | Train Loss: 730.9582 (Main: 617.0764, Cons: 30.2864, Grad: 0.005606835964, RBA: 83.5898) | Val Loss: 613.1416 | MAE: 20.84 | Val_RBA: 7.06 | R²: -0.0484 ｜ R: 0.4805
2025-12-03 03:52:20,751 INFO The used dataset had no length, returning gathered tensors. You should drop the remainder yourself.
2025-12-03 03:52:20,822 INFO The used dataset had no length, returning gathered tensors. You should drop the remainder yourself.
2025-12-03 03:52:20,827 INFO Epoch 57/400 | LR: 7.77e-07 | Train Loss: 784.3732 (Main: 661.8230, Cons: 35.3050, Grad: 0.005554517710, RBA: 87.2397) | Val Loss: 613.2131 | MAE: 20.85 | Val_RBA: 7.65 | R²: -0.0486 ｜ R: -0.1592
2025-12-03 03:56:14,720 INFO The used dataset had no length, returning gathered tensors. You should drop the remainder yourself.
2025-12-03 03:56:14,782 INFO The used dataset had no length, returning gathered tensors. You should drop the remainder yourself.
2025-12-03 03:56:14,786 INFO Epoch 58/400 | LR: 7.98e-07 | Train Loss: 747.5992 (Main: 630.0746, Cons: 30.3988, Grad: 0.005795088276, RBA: 87.1200) | Val Loss: 612.9506 | MAE: 20.85 | Val_RBA: 6.85 | R²: -0.0481 ｜ R: 0.0394
2025-12-03 04:00:06,587 INFO The used dataset had no length, returning gathered tensors. You should drop the remainder yourself.
2025-12-03 04:00:06,631 INFO The used dataset had no length, returning gathered tensors. You should drop the remainder yourself.
2025-12-03 04:00:06,635 INFO Epoch 59/400 | LR: 8.08e-07 | Train Loss: 709.3735 (Main: 595.2438, Cons: 32.0719, Grad: 0.005784533295, RBA: 82.0520) | Val Loss: 612.8316 | MAE: 20.86 | Val_RBA: 8.30 | R²: -0.0480 ｜ R: 0.0431
2025-12-03 04:04:03,153 INFO The used dataset had no length, returning gathered tensors. You should drop the remainder yourself.
2025-12-03 04:04:03,200 INFO The used dataset had no length, returning gathered tensors. You should drop the remainder yourself.
2025-12-03 04:04:03,202 INFO Epoch 60/400 | LR: 8.18e-07 | Train Loss: 756.3463 (Main: 629.0375, Cons: 36.1645, Grad: 0.005415312173, RBA: 91.1388) | Val Loss: 612.7139 | MAE: 20.86 | Val_RBA: 8.51 | R²: -0.0478 ｜ R: nan
2025-12-03 04:07:59,715 INFO The used dataset had no length, returning gathered tensors. You should drop the remainder yourself.
2025-12-03 04:07:59,751 INFO The used dataset had no length, returning gathered tensors. You should drop the remainder yourself.
2025-12-03 04:07:59,754 INFO Epoch 61/400 | LR: 8.27e-07 | Train Loss: 772.1267 (Main: 655.1830, Cons: 33.7970, Grad: 0.005331570731, RBA: 83.1413) | Val Loss: 612.5956 | MAE: 20.87 | Val_RBA: 9.31 | R²: -0.0476 ｜ R: nan
2025-12-03 04:11:58,050 INFO The used dataset had no length, returning gathered tensors. You should drop the remainder yourself.
2025-12-03 04:11:58,082 INFO The used dataset had no length, returning gathered tensors. You should drop the remainder yourself.
2025-12-03 04:11:58,087 INFO Epoch 62/400 | LR: 8.46e-07 | Train Loss: 763.2808 (Main: 643.4174, Cons: 35.5285, Grad: 0.005268032642, RBA: 84.3296) | Val Loss: 612.3756 | MAE: 20.87 | Val_RBA: 7.45 | R²: -0.0472 ｜ R: 0.4285
2025-12-03 04:15:55,735 INFO The used dataset had no length, returning gathered tensors. You should drop the remainder yourself.
2025-12-03 04:15:55,776 INFO The used dataset had no length, returning gathered tensors. You should drop the remainder yourself.
2025-12-03 04:15:55,780 INFO Epoch 63/400 | LR: 8.60e-07 | Train Loss: 720.7729 (Main: 607.2564, Cons: 35.4712, Grad: 0.005184066733, RBA: 78.0401) | Val Loss: 612.2084 | MAE: 20.88 | Val_RBA: 7.44 | R²: -0.0470 ｜ R: 0.1921
2025-12-03 04:19:50,578 INFO The used dataset had no length, returning gathered tensors. You should drop the remainder yourself.
2025-12-03 04:19:50,637 INFO The used dataset had no length, returning gathered tensors. You should drop the remainder yourself.
2025-12-03 04:19:50,639 INFO Epoch 64/400 | LR: 8.67e-07 | Train Loss: 754.5472 (Main: 639.2410, Cons: 32.5075, Grad: 0.005546366185, RBA: 82.7931) | Val Loss: 612.1270 | MAE: 20.88 | Val_RBA: 8.93 | R²: -0.0469 ｜ R: nan
2025-12-03 04:23:42,716 INFO The used dataset had no length, returning gathered tensors. You should drop the remainder yourself.
2025-12-03 04:23:42,759 INFO The used dataset had no length, returning gathered tensors. You should drop the remainder yourself.
2025-12-03 04:23:42,760 INFO Epoch 65/400 | LR: 8.77e-07 | Train Loss: 771.2082 (Main: 654.6039, Cons: 33.2319, Grad: 0.005460621812, RBA: 83.3669) | Val Loss: 612.0111 | MAE: 20.89 | Val_RBA: 8.82 | R²: -0.0467 ｜ R: nan
2025-12-03 04:27:34,200 INFO The used dataset had no length, returning gathered tensors. You should drop the remainder yourself.
2025-12-03 04:27:34,249 INFO The used dataset had no length, returning gathered tensors. You should drop the remainder yourself.
2025-12-03 04:27:34,251 INFO Epoch 66/400 | LR: 8.87e-07 | Train Loss: 710.5717 (Main: 600.6763, Cons: 33.8057, Grad: 0.005225351196, RBA: 76.0845) | Val Loss: 611.8957 | MAE: 20.89 | Val_RBA: 8.69 | R²: -0.0465 ｜ R: nan
2025-12-03 04:31:33,485 INFO The used dataset had no length, returning gathered tensors. You should drop the remainder yourself.
2025-12-03 04:31:33,531 INFO The used dataset had no length, returning gathered tensors. You should drop the remainder yourself.
2025-12-03 04:31:33,537 INFO Epoch 67/400 | LR: 9.18e-07 | Train Loss: 733.8846 (Main: 628.7127, Cons: 32.7947, Grad: 0.005259545043, RBA: 72.3719) | Val Loss: 611.5461 | MAE: 20.89 | Val_RBA: 7.27 | R²: -0.0459 ｜ R: 0.4622
2025-12-03 04:35:32,047 INFO The used dataset had no length, returning gathered tensors. You should drop the remainder yourself.
2025-12-03 04:35:32,096 INFO The used dataset had no length, returning gathered tensors. You should drop the remainder yourself.
2025-12-03 04:35:32,099 INFO Epoch 68/400 | LR: 9.17e-07 | Train Loss: 740.1462 (Main: 614.8115, Cons: 32.8599, Grad: 0.005680160301, RBA: 92.4692) | Val Loss: 611.5524 | MAE: 20.90 | Val_RBA: 7.76 | R²: -0.0460 ｜ R: nan
2025-12-03 04:39:21,030 INFO The used dataset had no length, returning gathered tensors. You should drop the remainder yourself.
2025-12-03 04:39:21,107 INFO The used dataset had no length, returning gathered tensors. You should drop the remainder yourself.
2025-12-03 04:39:21,109 INFO Epoch 69/400 | LR: 9.27e-07 | Train Loss: 772.1898 (Main: 653.8161, Cons: 33.8568, Grad: 0.005406949070, RBA: 84.5115) | Val Loss: 611.4389 | MAE: 20.91 | Val_RBA: 6.84 | R²: -0.0458 ｜ R: nan
2025-12-03 04:43:15,073 INFO The used dataset had no length, returning gathered tensors. You should drop the remainder yourself.
2025-12-03 04:43:15,103 INFO The used dataset had no length, returning gathered tensors. You should drop the remainder yourself.
2025-12-03 04:43:15,108 INFO Epoch 70/400 | LR: 9.52e-07 | Train Loss: 728.2166 (Main: 618.5303, Cons: 34.5624, Grad: 0.005277090635, RBA: 75.1186) | Val Loss: 611.1614 | MAE: 20.91 | Val_RBA: 9.63 | R²: -0.0454 ｜ R: 0.3724
2025-12-03 04:47:12,479 INFO The used dataset had no length, returning gathered tensors. You should drop the remainder yourself.
2025-12-03 04:47:12,533 INFO The used dataset had no length, returning gathered tensors. You should drop the remainder yourself.
2025-12-03 04:47:12,538 INFO Epoch 71/400 | LR: 9.60e-07 | Train Loss: 764.1260 (Main: 645.7975, Cons: 30.8143, Grad: 0.005836110845, RBA: 87.5084) | Val Loss: 611.0765 | MAE: 20.92 | Val_RBA: 7.80 | R²: -0.0453 ｜ R: 0.1783
2025-12-03 04:51:08,087 INFO The used dataset had no length, returning gathered tensors. You should drop the remainder yourself.
2025-12-03 04:51:08,127 INFO The used dataset had no length, returning gathered tensors. You should drop the remainder yourself.
2025-12-03 04:51:08,129 INFO Epoch 72/400 | LR: 9.67e-07 | Train Loss: 768.4855 (Main: 651.5849, Cons: 33.1522, Grad: 0.005584863102, RBA: 83.7427) | Val Loss: 610.9899 | MAE: 20.92 | Val_RBA: 6.70 | R²: -0.0451 ｜ R: nan
2025-12-03 04:55:06,131 INFO The used dataset had no length, returning gathered tensors. You should drop the remainder yourself.
2025-12-03 04:55:06,183 INFO The used dataset had no length, returning gathered tensors. You should drop the remainder yourself.
2025-12-03 04:55:06,187 INFO Epoch 73/400 | LR: 9.97e-07 | Train Loss: 735.8220 (Main: 618.0554, Cons: 32.5939, Grad: 0.005428350738, RBA: 85.1673) | Val Loss: 610.6702 | MAE: 20.93 | Val_RBA: 8.36 | R²: -0.0446 ｜ R: 0.3744
2025-12-03 04:58:59,574 INFO The used dataset had no length, returning gathered tensors. You should drop the remainder yourself.
2025-12-03 04:58:59,608 INFO The used dataset had no length, returning gathered tensors. You should drop the remainder yourself.
2025-12-03 04:58:59,612 INFO Epoch 74/400 | LR: 9.98e-07 | Train Loss: 724.1736 (Main: 605.2195, Cons: 37.1621, Grad: 0.005285680947, RBA: 81.7868) | Val Loss: 610.6577 | MAE: 20.93 | Val_RBA: 7.64 | R²: -0.0446 ｜ R: 0.0255
2025-12-03 05:02:53,453 INFO The used dataset had no length, returning gathered tensors. You should drop the remainder yourself.
2025-12-03 05:02:53,497 INFO The used dataset had no length, returning gathered tensors. You should drop the remainder yourself.
2025-12-03 05:02:53,499 INFO Epoch 75/400 | LR: 1.01e-06 | Train Loss: 726.9222 (Main: 613.1330, Cons: 31.0868, Grad: 0.005673649890, RBA: 82.6968) | Val Loss: 610.5487 | MAE: 20.94 | Val_RBA: 7.38 | R²: -0.0445 ｜ R: nan
2025-12-03 05:06:45,095 INFO The used dataset had no length, returning gathered tensors. You should drop the remainder yourself.
2025-12-03 05:06:45,131 INFO The used dataset had no length, returning gathered tensors. You should drop the remainder yourself.
2025-12-03 05:06:45,137 INFO Epoch 76/400 | LR: 1.03e-06 | Train Loss: 727.0965 (Main: 611.6842, Cons: 34.9093, Grad: 0.005395717374, RBA: 80.4976) | Val Loss: 610.3133 | MAE: 20.94 | Val_RBA: 7.03 | R²: -0.0441 ｜ R: 0.1239
2025-12-03 05:10:41,024 INFO The used dataset had no length, returning gathered tensors. You should drop the remainder yourself.
2025-12-03 05:10:41,081 INFO The used dataset had no length, returning gathered tensors. You should drop the remainder yourself.
2025-12-03 05:10:41,083 INFO Epoch 77/400 | LR: 1.04e-06 | Train Loss: 747.1276 (Main: 628.9063, Cons: 32.4944, Grad: 0.005392081418, RBA: 85.7215) | Val Loss: 610.2229 | MAE: 20.95 | Val_RBA: 9.16 | R²: -0.0440 ｜ R: nan
2025-12-03 05:14:37,440 INFO The used dataset had no length, returning gathered tensors. You should drop the remainder yourself.
2025-12-03 05:14:37,468 INFO The used dataset had no length, returning gathered tensors. You should drop the remainder yourself.
2025-12-03 05:14:37,474 INFO Epoch 78/400 | LR: 1.07e-06 | Train Loss: 758.3558 (Main: 641.3927, Cons: 34.3803, Grad: 0.005415465137, RBA: 82.5774) | Val Loss: 609.9147 | MAE: 20.95 | Val_RBA: 8.00 | R²: -0.0435 ｜ R: 0.4481
2025-12-03 05:18:28,947 INFO The used dataset had no length, returning gathered tensors. You should drop the remainder yourself.
2025-12-03 05:18:29,008 INFO The used dataset had no length, returning gathered tensors. You should drop the remainder yourself.
2025-12-03 05:18:29,009 INFO Epoch 79/400 | LR: 1.07e-06 | Train Loss: 730.7775 (Main: 614.4692, Cons: 35.5355, Grad: 0.005820088574, RBA: 80.7669) | Val Loss: 609.9016 | MAE: 20.96 | Val_RBA: 7.21 | R²: -0.0435 ｜ R: nan
2025-12-03 05:22:16,150 INFO The used dataset had no length, returning gathered tensors. You should drop the remainder yourself.
2025-12-03 05:22:16,191 INFO The used dataset had no length, returning gathered tensors. You should drop the remainder yourself.
2025-12-03 05:22:16,193 INFO Epoch 80/400 | LR: 1.08e-06 | Train Loss: 779.4070 (Main: 664.1763, Cons: 36.2460, Grad: 0.005496496359, RBA: 78.9793) | Val Loss: 609.7954 | MAE: 20.96 | Val_RBA: 7.94 | R²: -0.0433 ｜ R: nan
2025-12-03 05:26:03,727 INFO The used dataset had no length, returning gathered tensors. You should drop the remainder yourself.
2025-12-03 05:26:03,772 INFO The used dataset had no length, returning gathered tensors. You should drop the remainder yourself.
2025-12-03 05:26:03,773 INFO Epoch 81/400 | LR: 1.10e-06 | Train Loss: 705.6613 (Main: 589.5414, Cons: 30.7209, Grad: 0.005648514062, RBA: 85.3934) | Val Loss: 609.5846 | MAE: 20.97 | Val_RBA: 7.48 | R²: -0.0430 ｜ R: nan
2025-12-03 05:29:54,617 INFO The used dataset had no length, returning gathered tensors. You should drop the remainder yourself.
2025-12-03 05:29:54,661 INFO The used dataset had no length, returning gathered tensors. You should drop the remainder yourself.
2025-12-03 05:29:54,665 INFO Epoch 82/400 | LR: 1.11e-06 | Train Loss: 701.6802 (Main: 596.7416, Cons: 31.4377, Grad: 0.005505250809, RBA: 73.4955) | Val Loss: 609.4777 | MAE: 20.98 | Val_RBA: 9.23 | R²: -0.0428 ｜ R: -0.0115
2025-12-03 05:33:44,029 INFO The used dataset had no length, returning gathered tensors. You should drop the remainder yourself.
2025-12-03 05:33:44,077 INFO The used dataset had no length, returning gathered tensors. You should drop the remainder yourself.
2025-12-03 05:33:44,081 INFO Epoch 83/400 | LR: 1.13e-06 | Train Loss: 731.2128 (Main: 614.2844, Cons: 32.3020, Grad: 0.005438731920, RBA: 84.6209) | Val Loss: 609.2668 | MAE: 20.98 | Val_RBA: 8.63 | R²: -0.0425 ｜ R: 0.0623
2025-12-03 05:37:33,622 INFO The used dataset had no length, returning gathered tensors. You should drop the remainder yourself.
2025-12-03 05:37:33,671 INFO The used dataset had no length, returning gathered tensors. You should drop the remainder yourself.
2025-12-03 05:37:33,672 INFO Epoch 84/400 | LR: 1.14e-06 | Train Loss: 715.7857 (Main: 604.0190, Cons: 35.5491, Grad: 0.005212890636, RBA: 76.2125) | Val Loss: 609.1688 | MAE: 20.99 | Val_RBA: 8.22 | R²: -0.0424 ｜ R: nan
2025-12-03 05:41:23,591 INFO The used dataset had no length, returning gathered tensors. You should drop the remainder yourself.
2025-12-03 05:41:23,683 INFO The used dataset had no length, returning gathered tensors. You should drop the remainder yourself.
2025-12-03 05:41:23,684 INFO Epoch 85/400 | LR: 1.16e-06 | Train Loss: 714.0707 (Main: 600.1566, Cons: 32.6347, Grad: 0.005630830819, RBA: 81.2738) | Val Loss: 608.9638 | MAE: 21.00 | Val_RBA: 9.23 | R²: -0.0421 ｜ R: nan
2025-12-03 05:45:09,719 INFO The used dataset had no length, returning gathered tensors. You should drop the remainder yourself.
2025-12-03 05:45:09,765 INFO The used dataset had no length, returning gathered tensors. You should drop the remainder yourself.
2025-12-03 05:45:09,767 INFO Epoch 86/400 | LR: 1.17e-06 | Train Loss: 744.4853 (Main: 621.3738, Cons: 32.6605, Grad: 0.005812000500, RBA: 90.4452) | Val Loss: 608.8621 | MAE: 21.00 | Val_RBA: 9.28 | R²: -0.0419 ｜ R: nan
2025-12-03 05:49:03,302 INFO The used dataset had no length, returning gathered tensors. You should drop the remainder yourself.
2025-12-03 05:49:03,352 INFO The used dataset had no length, returning gathered tensors. You should drop the remainder yourself.
2025-12-03 05:49:03,354 INFO Epoch 87/400 | LR: 1.19e-06 | Train Loss: 733.5375 (Main: 620.7491, Cons: 31.8004, Grad: 0.005703313934, RBA: 80.9824) | Val Loss: 608.6600 | MAE: 21.01 | Val_RBA: 8.83 | R²: -0.0416 ｜ R: nan
2025-12-03 05:52:51,503 INFO The used dataset had no length, returning gathered tensors. You should drop the remainder yourself.
2025-12-03 05:52:51,548 INFO The used dataset had no length, returning gathered tensors. You should drop the remainder yourself.
2025-12-03 05:52:51,552 INFO Epoch 88/400 | LR: 1.20e-06 | Train Loss: 751.8960 (Main: 629.2131, Cons: 37.8624, Grad: 0.005572670370, RBA: 84.8149) | Val Loss: 608.5386 | MAE: 21.01 | Val_RBA: 7.78 | R²: -0.0414 ｜ R: 0.0464
2025-12-03 05:56:40,570 INFO The used dataset had no length, returning gathered tensors. You should drop the remainder yourself.
2025-12-03 05:56:40,630 INFO The used dataset had no length, returning gathered tensors. You should drop the remainder yourself.
2025-12-03 05:56:40,631 INFO Epoch 89/400 | LR: 1.22e-06 | Train Loss: 715.6733 (Main: 600.9617, Cons: 33.8092, Grad: 0.005509375361, RBA: 80.8969) | Val Loss: 608.3606 | MAE: 21.02 | Val_RBA: 7.52 | R²: -0.0411 ｜ R: nan
2025-12-03 06:00:29,536 INFO The used dataset had no length, returning gathered tensors. You should drop the remainder yourself.
2025-12-03 06:00:29,602 INFO The used dataset had no length, returning gathered tensors. You should drop the remainder yourself.
2025-12-03 06:00:29,606 INFO Epoch 90/400 | LR: 1.26e-06 | Train Loss: 711.8109 (Main: 601.5742, Cons: 30.3773, Grad: 0.005655215463, RBA: 79.8538) | Val Loss: 608.0140 | MAE: 21.02 | Val_RBA: 7.19 | R²: -0.0406 ｜ R: 0.5036
2025-12-03 06:04:17,569 INFO The used dataset had no length, returning gathered tensors. You should drop the remainder yourself.
2025-12-03 06:04:17,598 INFO The used dataset had no length, returning gathered tensors. You should drop the remainder yourself.
2025-12-03 06:04:17,600 INFO Epoch 91/400 | LR: 1.25e-06 | Train Loss: 734.2459 (Main: 614.8510, Cons: 36.1240, Grad: 0.005836610366, RBA: 83.2650) | Val Loss: 608.0656 | MAE: 21.03 | Val_RBA: 8.54 | R²: -0.0407 ｜ R: nan
2025-12-03 06:08:08,717 INFO The used dataset had no length, returning gathered tensors. You should drop the remainder yourself.
2025-12-03 06:08:08,762 INFO The used dataset had no length, returning gathered tensors. You should drop the remainder yourself.
2025-12-03 06:08:08,765 INFO Epoch 92/400 | LR: 1.27e-06 | Train Loss: 709.7963 (Main: 598.6488, Cons: 34.5174, Grad: 0.005700476888, RBA: 76.6244) | Val Loss: 607.8705 | MAE: 21.04 | Val_RBA: 7.70 | R²: -0.0404 ｜ R: 0.0352
2025-12-03 06:11:53,557 INFO The used dataset had no length, returning gathered tensors. You should drop the remainder yourself.
2025-12-03 06:11:53,582 INFO The used dataset had no length, returning gathered tensors. You should drop the remainder yourself.
2025-12-03 06:11:53,586 INFO Epoch 93/400 | LR: 1.31e-06 | Train Loss: 717.0900 (Main: 607.1704, Cons: 31.0395, Grad: 0.005583694702, RBA: 78.8745) | Val Loss: 607.4894 | MAE: 21.04 | Val_RBA: 6.70 | R²: -0.0398 ｜ R: 0.6103
2025-12-03 06:15:38,270 INFO The used dataset had no length, returning gathered tensors. You should drop the remainder yourself.
2025-12-03 06:15:38,326 INFO The used dataset had no length, returning gathered tensors. You should drop the remainder yourself.
2025-12-03 06:15:38,328 INFO Epoch 94/400 | LR: 1.30e-06 | Train Loss: 706.0687 (Main: 600.0062, Cons: 30.5687, Grad: 0.005894585199, RBA: 75.4880) | Val Loss: 607.5837 | MAE: 21.05 | Val_RBA: 12.26 | R²: -0.0400 ｜ R: nan
2025-12-03 06:19:22,751 INFO The used dataset had no length, returning gathered tensors. You should drop the remainder yourself.
2025-12-03 06:19:22,794 INFO The used dataset had no length, returning gathered tensors. You should drop the remainder yourself.
2025-12-03 06:19:22,795 INFO Epoch 95/400 | LR: 1.33e-06 | Train Loss: 707.3678 (Main: 598.3408, Cons: 30.0849, Grad: 0.005753522837, RBA: 78.9363) | Val Loss: 607.3944 | MAE: 21.06 | Val_RBA: 9.50 | R²: -0.0397 ｜ R: nan
2025-12-03 06:23:15,650 INFO The used dataset had no length, returning gathered tensors. You should drop the remainder yourself.
2025-12-03 06:23:15,689 INFO The used dataset had no length, returning gathered tensors. You should drop the remainder yourself.
2025-12-03 06:23:15,693 INFO Epoch 96/400 | LR: 1.36e-06 | Train Loss: 748.2223 (Main: 631.9163, Cons: 33.3423, Grad: 0.005866457571, RBA: 82.9579) | Val Loss: 607.0939 | MAE: 21.06 | Val_RBA: 8.69 | R²: -0.0392 ｜ R: 0.4703
2025-12-03 06:27:04,168 INFO The used dataset had no length, returning gathered tensors. You should drop the remainder yourself.
2025-12-03 06:27:04,205 INFO The used dataset had no length, returning gathered tensors. You should drop the remainder yourself.
2025-12-03 06:27:04,209 INFO Epoch 97/400 | LR: 1.38e-06 | Train Loss: 760.7014 (Main: 636.1306, Cons: 34.4708, Grad: 0.005842108273, RBA: 90.0942) | Val Loss: 606.9353 | MAE: 21.07 | Val_RBA: 7.27 | R²: -0.0390 ｜ R: 0.2584
2025-12-03 06:30:49,391 INFO The used dataset had no length, returning gathered tensors. You should drop the remainder yourself.
2025-12-03 06:30:49,438 INFO The used dataset had no length, returning gathered tensors. You should drop the remainder yourself.
2025-12-03 06:30:49,442 INFO Epoch 98/400 | LR: 1.42e-06 | Train Loss: 724.6268 (Main: 614.6325, Cons: 31.7217, Grad: 0.005790610921, RBA: 78.2668) | Val Loss: 606.5579 | MAE: 21.07 | Val_RBA: 6.82 | R²: -0.0384 ｜ R: 0.5821
2025-12-03 06:34:41,004 INFO The used dataset had no length, returning gathered tensors. You should drop the remainder yourself.
2025-12-03 06:34:41,069 INFO The used dataset had no length, returning gathered tensors. You should drop the remainder yourself.
2025-12-03 06:34:41,071 INFO Epoch 99/400 | LR: 1.39e-06 | Train Loss: 725.2818 (Main: 614.8444, Cons: 31.7280, Grad: 0.005708656288, RBA: 78.7037) | Val Loss: 606.8380 | MAE: 21.08 | Val_RBA: 8.02 | R²: -0.0389 ｜ R: nan
2025-12-03 06:38:30,717 INFO The used dataset had no length, returning gathered tensors. You should drop the remainder yourself.
2025-12-03 06:38:30,765 INFO The used dataset had no length, returning gathered tensors. You should drop the remainder yourself.
2025-12-03 06:38:30,767 INFO Epoch 100/400 | LR: 1.41e-06 | Train Loss: 714.5836 (Main: 609.5382, Cons: 31.1946, Grad: 0.005991572322, RBA: 73.8448) | Val Loss: 606.6565 | MAE: 21.09 | Val_RBA: 8.78 | R²: -0.0386 ｜ R: nan
2025-12-03 06:42:22,458 INFO The used dataset had no length, returning gathered tensors. You should drop the remainder yourself.
2025-12-03 06:42:22,522 INFO The used dataset had no length, returning gathered tensors. You should drop the remainder yourself.
2025-12-03 06:42:22,524 INFO Epoch 101/400 | LR: 1.43e-06 | Train Loss: 767.1953 (Main: 642.9691, Cons: 34.6122, Grad: 0.005988588624, RBA: 89.6081) | Val Loss: 606.4769 | MAE: 21.10 | Val_RBA: 7.74 | R²: -0.0384 ｜ R: nan
2025-12-03 06:46:12,827 INFO The used dataset had no length, returning gathered tensors. You should drop the remainder yourself.
2025-12-03 06:46:12,897 INFO The used dataset had no length, returning gathered tensors. You should drop the remainder yourself.
2025-12-03 06:46:12,898 INFO Epoch 102/400 | LR: 1.45e-06 | Train Loss: 756.9207 (Main: 642.5026, Cons: 34.1189, Grad: 0.005897966099, RBA: 80.2933) | Val Loss: 606.2993 | MAE: 21.11 | Val_RBA: 7.11 | R²: -0.0381 ｜ R: nan
2025-12-03 06:50:02,807 INFO The used dataset had no length, returning gathered tensors. You should drop the remainder yourself.
2025-12-03 06:50:02,894 INFO The used dataset had no length, returning gathered tensors. You should drop the remainder yourself.
2025-12-03 06:50:02,898 INFO Epoch 103/400 | LR: 1.47e-06 | Train Loss: 709.9692 (Main: 593.5655, Cons: 33.1944, Grad: 0.005700037051, RBA: 83.2036) | Val Loss: 606.0485 | MAE: 21.12 | Val_RBA: 8.08 | R²: -0.0377 ｜ R: 0.2488
2025-12-03 06:53:45,533 INFO The used dataset had no length, returning gathered tensors. You should drop the remainder yourself.
2025-12-03 06:53:45,584 INFO The used dataset had no length, returning gathered tensors. You should drop the remainder yourself.
2025-12-03 06:53:45,588 INFO Epoch 104/400 | LR: 1.54e-06 | Train Loss: 704.7362 (Main: 596.8808, Cons: 30.9777, Grad: 0.005667091161, RBA: 76.8719) | Val Loss: 605.4744 | MAE: 21.11 | Val_RBA: 7.18 | R²: -0.0367 ｜ R: 0.7304
2025-12-03 06:57:33,481 INFO The used dataset had no length, returning gathered tensors. You should drop the remainder yourself.
2025-12-03 06:57:33,533 INFO The used dataset had no length, returning gathered tensors. You should drop the remainder yourself.
2025-12-03 06:57:33,537 INFO Epoch 105/400 | LR: 1.55e-06 | Train Loss: 735.6016 (Main: 618.5505, Cons: 35.2621, Grad: 0.005603731559, RBA: 81.7834) | Val Loss: 605.3755 | MAE: 21.12 | Val_RBA: 7.79 | R²: -0.0366 ｜ R: 0.7997
2025-12-03 07:01:20,504 INFO The used dataset had no length, returning gathered tensors. You should drop the remainder yourself.
2025-12-03 07:01:20,544 INFO The used dataset had no length, returning gathered tensors. You should drop the remainder yourself.
2025-12-03 07:01:20,548 INFO Epoch 106/400 | LR: 1.57e-06 | Train Loss: 743.9427 (Main: 622.4626, Cons: 35.3416, Grad: 0.005846837830, RBA: 86.1326) | Val Loss: 605.2588 | MAE: 21.12 | Val_RBA: 6.81 | R²: -0.0364 ｜ R: 0.7415
2025-12-03 07:05:11,449 INFO The used dataset had no length, returning gathered tensors. You should drop the remainder yourself.
2025-12-03 07:05:11,510 INFO The used dataset had no length, returning gathered tensors. You should drop the remainder yourself.
2025-12-03 07:05:11,513 INFO Epoch 107/400 | LR: 4.02e-05 | Train Loss: 722.3375 (Main: 606.1626, Cons: 33.0418, Grad: 0.005889519501, RBA: 83.1272) | Val Loss: 490.2682 | MAE: 15.76 | Val_RBA: 8.22 | R²: 0.1686 ｜ R: 0.7549
2025-12-03 07:05:11,583 INFO Checkpoint saved at epoch 106
2025-12-03 07:09:02,525 INFO The used dataset had no length, returning gathered tensors. You should drop the remainder yourself.
2025-12-03 07:09:02,586 INFO The used dataset had no length, returning gathered tensors. You should drop the remainder yourself.
2025-12-03 07:09:02,589 INFO Epoch 108/400 | LR: 6.91e-05 | Train Loss: 613.7326 (Main: 482.9453, Cons: 33.0934, Grad: 0.005731002482, RBA: 97.6881) | Val Loss: 430.0803 | MAE: 15.12 | Val_RBA: 9.25 | R²: 0.2714 ｜ R: 0.8173
2025-12-03 07:09:02,660 INFO Checkpoint saved at epoch 107
2025-12-03 07:12:57,545 INFO The used dataset had no length, returning gathered tensors. You should drop the remainder yourself.
2025-12-03 07:12:57,598 INFO The used dataset had no length, returning gathered tensors. You should drop the remainder yourself.
2025-12-03 07:12:57,602 INFO Epoch 109/400 | LR: 8.39e-05 | Train Loss: 552.9371 (Main: 420.7020, Cons: 29.9437, Grad: 0.005598179444, RBA: 102.2857) | Val Loss: 394.2532 | MAE: 15.09 | Val_RBA: 11.86 | R²: 0.3298 ｜ R: 0.6936
2025-12-03 07:12:57,671 INFO Checkpoint saved at epoch 108
2025-12-03 07:16:56,826 INFO The used dataset had no length, returning gathered tensors. You should drop the remainder yourself.
2025-12-03 07:16:56,892 INFO The used dataset had no length, returning gathered tensors. You should drop the remainder yourself.
2025-12-03 07:16:56,896 INFO Epoch 110/400 | LR: 7.90e-05 | Train Loss: 466.3704 (Main: 339.3097, Cons: 28.6771, Grad: 0.005401936059, RBA: 98.3782) | Val Loss: 407.1114 | MAE: 17.62 | Val_RBA: 15.21 | R²: 0.3012 ｜ R: 0.6806
2025-12-03 07:20:46,435 INFO The used dataset had no length, returning gathered tensors. You should drop the remainder yourself.
2025-12-03 07:20:46,483 INFO The used dataset had no length, returning gathered tensors. You should drop the remainder yourself.
2025-12-03 07:20:46,487 INFO Epoch 111/400 | LR: 1.00e-04 | Train Loss: 406.1962 (Main: 279.6973, Cons: 31.2052, Grad: 0.004734425146, RBA: 95.2889) | Val Loss: 311.8078 | MAE: 12.47 | Val_RBA: 11.34 | R²: 0.4675 ｜ R: 0.9437
2025-12-03 07:20:46,557 INFO Checkpoint saved at epoch 110
2025-12-03 07:24:35,608 INFO The used dataset had no length, returning gathered tensors. You should drop the remainder yourself.
2025-12-03 07:24:35,675 INFO The used dataset had no length, returning gathered tensors. You should drop the remainder yourself.
2025-12-03 07:24:35,679 INFO Epoch 112/400 | LR: 6.94e-05 | Train Loss: 384.7527 (Main: 259.9592, Cons: 28.3747, Grad: 0.004456251773, RBA: 96.4144) | Val Loss: 209.7011 | MAE: 9.89 | Val_RBA: 8.98 | R²: 0.6450 ｜ R: 0.9444
2025-12-03 07:24:35,749 INFO Checkpoint saved at epoch 111
2025-12-03 07:28:26,613 INFO The used dataset had no length, returning gathered tensors. You should drop the remainder yourself.
2025-12-03 07:28:26,649 INFO The used dataset had no length, returning gathered tensors. You should drop the remainder yourself.
2025-12-03 07:28:26,653 INFO Epoch 113/400 | LR: 9.41e-05 | Train Loss: 346.6854 (Main: 230.5942, Cons: 29.5989, Grad: 0.004488620241, RBA: 86.4878) | Val Loss: 174.9060 | MAE: 8.96 | Val_RBA: 8.39 | R²: 0.7037 ｜ R: 0.9394
2025-12-03 07:28:26,722 INFO Checkpoint saved at epoch 112
2025-12-03 07:32:19,335 INFO The used dataset had no length, returning gathered tensors. You should drop the remainder yourself.
2025-12-03 07:32:19,402 INFO The used dataset had no length, returning gathered tensors. You should drop the remainder yourself.
2025-12-03 07:32:19,405 INFO Epoch 114/400 | LR: 3.20e-06 | Train Loss: 314.1942 (Main: 191.5349, Cons: 27.5691, Grad: 0.004375185244, RBA: 95.0858) | Val Loss: 140.9853 | MAE: 8.01 | Val_RBA: 9.72 | R²: 0.7611 ｜ R: 0.9262
2025-12-03 07:32:19,467 INFO Checkpoint saved at epoch 113
2025-12-03 07:36:09,176 INFO The used dataset had no length, returning gathered tensors. You should drop the remainder yourself.
2025-12-03 07:36:09,200 INFO The used dataset had no length, returning gathered tensors. You should drop the remainder yourself.
2025-12-03 07:36:09,205 INFO Epoch 115/400 | LR: 4.00e-06 | Train Loss: 268.8752 (Main: 164.6433, Cons: 26.1673, Grad: 0.004231766538, RBA: 78.0603) | Val Loss: 139.8741 | MAE: 8.18 | Val_RBA: 8.78 | R²: 0.7633 ｜ R: 0.9326
2025-12-03 07:40:04,397 INFO The used dataset had no length, returning gathered tensors. You should drop the remainder yourself.
2025-12-03 07:40:04,428 INFO The used dataset had no length, returning gathered tensors. You should drop the remainder yourself.
2025-12-03 07:40:04,432 INFO Epoch 116/400 | LR: 7.61e-06 | Train Loss: 251.7952 (Main: 152.3763, Cons: 27.0570, Grad: 0.004223916177, RBA: 72.3576) | Val Loss: 135.8516 | MAE: 7.78 | Val_RBA: 7.94 | R²: 0.7705 ｜ R: 0.9419
2025-12-03 07:40:04,512 INFO Checkpoint saved at epoch 115
2025-12-03 07:43:52,562 INFO The used dataset had no length, returning gathered tensors. You should drop the remainder yourself.
2025-12-03 07:43:52,635 INFO The used dataset had no length, returning gathered tensors. You should drop the remainder yourself.
2025-12-03 07:43:52,639 INFO Epoch 117/400 | LR: 4.89e-06 | Train Loss: 243.3751 (Main: 149.8469, Cons: 26.4736, Grad: 0.004300339008, RBA: 67.0503) | Val Loss: 138.7534 | MAE: 7.99 | Val_RBA: 6.57 | R²: 0.7653 ｜ R: 0.9495
2025-12-03 07:47:43,553 INFO The used dataset had no length, returning gathered tensors. You should drop the remainder yourself.
2025-12-03 07:47:43,596 INFO The used dataset had no length, returning gathered tensors. You should drop the remainder yourself.
2025-12-03 07:47:43,600 INFO Epoch 118/400 | LR: 1.23e-05 | Train Loss: 242.8543 (Main: 146.6935, Cons: 27.3718, Grad: 0.004392564156, RBA: 68.7845) | Val Loss: 131.8365 | MAE: 7.64 | Val_RBA: 6.38 | R²: 0.7775 ｜ R: 0.9430
2025-12-03 07:47:43,670 INFO Checkpoint saved at epoch 117
2025-12-03 07:51:41,221 INFO The used dataset had no length, returning gathered tensors. You should drop the remainder yourself.
2025-12-03 07:51:41,276 INFO The used dataset had no length, returning gathered tensors. You should drop the remainder yourself.
2025-12-03 07:51:41,280 INFO Epoch 119/400 | LR: 1.70e-05 | Train Loss: 246.3023 (Main: 147.0996, Cons: 26.7977, Grad: 0.004547894698, RBA: 72.4004) | Val Loss: 128.3814 | MAE: 7.63 | Val_RBA: 8.60 | R²: 0.7833 ｜ R: 0.9419
2025-12-03 07:51:41,351 INFO Checkpoint saved at epoch 118
2025-12-03 07:55:35,834 INFO The used dataset had no length, returning gathered tensors. You should drop the remainder yourself.
2025-12-03 07:55:35,884 INFO The used dataset had no length, returning gathered tensors. You should drop the remainder yourself.
2025-12-03 07:55:35,887 INFO Epoch 120/400 | LR: 2.51e-05 | Train Loss: 236.9403 (Main: 145.9408, Cons: 27.0773, Grad: 0.004309131965, RBA: 63.9179) | Val Loss: 123.3096 | MAE: 7.42 | Val_RBA: 8.09 | R²: 0.7917 ｜ R: 0.9508
2025-12-03 07:55:35,961 INFO Checkpoint saved at epoch 119
2025-12-03 07:59:29,911 INFO The used dataset had no length, returning gathered tensors. You should drop the remainder yourself.
2025-12-03 07:59:29,958 INFO The used dataset had no length, returning gathered tensors. You should drop the remainder yourself.
2025-12-03 07:59:29,961 INFO Epoch 121/400 | LR: 3.79e-05 | Train Loss: 237.8285 (Main: 135.9479, Cons: 27.3655, Grad: 0.004690590797, RBA: 74.5104) | Val Loss: 116.2397 | MAE: 7.52 | Val_RBA: 8.55 | R²: 0.8034 ｜ R: 0.9501
2025-12-03 08:03:32,869 INFO The used dataset had no length, returning gathered tensors. You should drop the remainder yourself.
2025-12-03 08:03:32,905 INFO The used dataset had no length, returning gathered tensors. You should drop the remainder yourself.
2025-12-03 08:03:32,909 INFO Epoch 122/400 | LR: 4.53e-05 | Train Loss: 226.4792 (Main: 126.4901, Cons: 27.3221, Grad: 0.004538648433, RBA: 72.6624) | Val Loss: 112.4152 | MAE: 7.55 | Val_RBA: 6.81 | R²: 0.8095 ｜ R: 0.9409
2025-12-03 08:07:28,387 INFO The used dataset had no length, returning gathered tensors. You should drop the remainder yourself.
2025-12-03 08:07:28,431 INFO The used dataset had no length, returning gathered tensors. You should drop the remainder yourself.
2025-12-03 08:07:28,435 INFO Epoch 123/400 | LR: 1.59e-05 | Train Loss: 202.0007 (Main: 108.7506, Cons: 25.7848, Grad: 0.004535263041, RBA: 67.4608) | Val Loss: 129.1773 | MAE: 8.12 | Val_RBA: 8.83 | R²: 0.7777 ｜ R: 0.8996
2025-12-03 08:11:25,093 INFO The used dataset had no length, returning gathered tensors. You should drop the remainder yourself.
2025-12-03 08:11:25,129 INFO The used dataset had no length, returning gathered tensors. You should drop the remainder yourself.
2025-12-03 08:11:25,133 INFO Epoch 124/400 | LR: 6.76e-05 | Train Loss: 204.1114 (Main: 113.7725, Cons: 27.7033, Grad: 0.004334307777, RBA: 62.6313) | Val Loss: 100.8518 | MAE: 6.74 | Val_RBA: 9.20 | R²: 0.8286 ｜ R: 0.9589
2025-12-03 08:11:25,205 INFO Checkpoint saved at epoch 123
2025-12-03 08:15:22,138 INFO The used dataset had no length, returning gathered tensors. You should drop the remainder yourself.
2025-12-03 08:15:22,174 INFO The used dataset had no length, returning gathered tensors. You should drop the remainder yourself.
2025-12-03 08:15:22,178 INFO Epoch 125/400 | LR: 5.12e-05 | Train Loss: 230.6131 (Main: 122.5614, Cons: 26.9437, Grad: 0.004440805537, RBA: 81.1036) | Val Loss: 109.4371 | MAE: 8.47 | Val_RBA: 9.03 | R²: 0.8118 ｜ R: 0.9394
2025-12-03 08:19:19,176 INFO The used dataset had no length, returning gathered tensors. You should drop the remainder yourself.
2025-12-03 08:19:19,219 INFO The used dataset had no length, returning gathered tensors. You should drop the remainder yourself.
2025-12-03 08:19:19,223 INFO Epoch 126/400 | LR: 9.52e-05 | Train Loss: 201.3893 (Main: 107.7978, Cons: 26.2442, Grad: 0.004277494612, RBA: 67.3430) | Val Loss: 81.3136 | MAE: 6.46 | Val_RBA: 7.33 | R²: 0.8614 ｜ R: 0.9450
2025-12-03 08:19:19,303 INFO Checkpoint saved at epoch 125
2025-12-03 08:23:13,514 INFO The used dataset had no length, returning gathered tensors. You should drop the remainder yourself.
2025-12-03 08:23:13,586 INFO The used dataset had no length, returning gathered tensors. You should drop the remainder yourself.
2025-12-03 08:23:13,590 INFO Epoch 127/400 | LR: 9.96e-05 | Train Loss: 200.5935 (Main: 101.2652, Cons: 25.0297, Grad: 0.004317076142, RBA: 74.2942) | Val Loss: 73.0598 | MAE: 5.99 | Val_RBA: 7.76 | R²: 0.8751 ｜ R: 0.9550
2025-12-03 08:23:13,660 INFO Checkpoint saved at epoch 126
2025-12-03 08:27:11,081 INFO The used dataset had no length, returning gathered tensors. You should drop the remainder yourself.
2025-12-03 08:27:11,150 INFO The used dataset had no length, returning gathered tensors. You should drop the remainder yourself.
2025-12-03 08:27:11,154 INFO Epoch 128/400 | LR: 8.04e-05 | Train Loss: 183.8802 (Main: 90.0674, Cons: 25.0141, Grad: 0.004193744203, RBA: 68.7945) | Val Loss: 93.3770 | MAE: 6.54 | Val_RBA: 8.81 | R²: 0.8389 ｜ R: 0.9462
2025-12-03 08:31:05,092 INFO The used dataset had no length, returning gathered tensors. You should drop the remainder yourself.
2025-12-03 08:31:05,145 INFO The used dataset had no length, returning gathered tensors. You should drop the remainder yourself.
2025-12-03 08:31:05,148 INFO Epoch 129/400 | LR: 5.06e-05 | Train Loss: 179.4435 (Main: 84.7232, Cons: 23.1254, Grad: 0.004049981330, RBA: 71.5908) | Val Loss: 109.7266 | MAE: 7.82 | Val_RBA: 9.25 | R²: 0.8077 ｜ R: 0.9220
2025-12-03 08:37:17,808 INFO The used dataset had no length, returning gathered tensors. You should drop the remainder yourself.
2025-12-03 08:37:17,841 INFO The used dataset had no length, returning gathered tensors. You should drop the remainder yourself.
2025-12-03 08:37:17,845 INFO Epoch 130/400 | LR: 4.15e-06 | Train Loss: 151.8653 (Main: 66.4794, Cons: 24.4754, Grad: 0.004180273941, RBA: 60.9063) | Val Loss: 64.8359 | MAE: 6.22 | Val_RBA: 7.95 | R²: 0.8875 ｜ R: 0.9551
2025-12-03 08:41:10,374 INFO The used dataset had no length, returning gathered tensors. You should drop the remainder yourself.
2025-12-03 08:41:10,415 INFO The used dataset had no length, returning gathered tensors. You should drop the remainder yourself.
2025-12-03 08:41:10,419 INFO Epoch 131/400 | LR: 6.24e-05 | Train Loss: 141.1958 (Main: 61.1045, Cons: 22.8714, Grad: 0.004036368591, RBA: 57.2159) | Val Loss: 46.8104 | MAE: 4.81 | Val_RBA: 7.39 | R²: 0.9199 ｜ R: 0.9643
2025-12-03 08:41:10,488 INFO Checkpoint saved at epoch 130
2025-12-03 08:45:05,944 INFO The used dataset had no length, returning gathered tensors. You should drop the remainder yourself.
2025-12-03 08:45:05,998 INFO The used dataset had no length, returning gathered tensors. You should drop the remainder yourself.
2025-12-03 08:45:06,002 INFO Epoch 132/400 | LR: 9.94e-05 | Train Loss: 166.9214 (Main: 76.2180, Cons: 24.3136, Grad: 0.004030099051, RBA: 66.3857) | Val Loss: 73.8657 | MAE: 5.88 | Val_RBA: 7.70 | R²: 0.8721 ｜ R: 0.9605
2025-12-03 08:49:02,746 INFO The used dataset had no length, returning gathered tensors. You should drop the remainder yourself.
2025-12-03 08:49:02,791 INFO The used dataset had no length, returning gathered tensors. You should drop the remainder yourself.
2025-12-03 08:49:02,795 INFO Epoch 133/400 | LR: 8.11e-05 | Train Loss: 162.9665 (Main: 77.0695, Cons: 22.7932, Grad: 0.003853324334, RBA: 63.0999) | Val Loss: 92.9060 | MAE: 7.45 | Val_RBA: 10.22 | R²: 0.8371 ｜ R: 0.9394
2025-12-03 08:52:55,689 INFO The used dataset had no length, returning gathered tensors. You should drop the remainder yourself.
2025-12-03 08:52:55,715 INFO The used dataset had no length, returning gathered tensors. You should drop the remainder yourself.
2025-12-03 08:52:55,719 INFO Epoch 134/400 | LR: 4.41e-05 | Train Loss: 146.2719 (Main: 64.9676, Cons: 22.0854, Grad: 0.003732673339, RBA: 59.2152) | Val Loss: 51.5251 | MAE: 4.92 | Val_RBA: 7.50 | R²: 0.9103 ｜ R: 0.9636
2025-12-03 08:56:55,295 INFO The used dataset had no length, returning gathered tensors. You should drop the remainder yourself.
2025-12-03 08:56:55,367 INFO The used dataset had no length, returning gathered tensors. You should drop the remainder yourself.
2025-12-03 08:56:55,371 INFO Epoch 135/400 | LR: 4.40e-05 | Train Loss: 135.4767 (Main: 58.8816, Cons: 21.9539, Grad: 0.003852143935, RBA: 54.6373) | Val Loss: 51.5488 | MAE: 5.09 | Val_RBA: 8.87 | R²: 0.9112 ｜ R: 0.9679
2025-12-03 09:00:58,931 INFO The used dataset had no length, returning gathered tensors. You should drop the remainder yourself.
2025-12-03 09:00:58,982 INFO The used dataset had no length, returning gathered tensors. You should drop the remainder yourself.
2025-12-03 09:00:58,987 INFO Epoch 136/400 | LR: 7.05e-05 | Train Loss: 128.1494 (Main: 53.4088, Cons: 21.2317, Grad: 0.003955900435, RBA: 53.5049) | Val Loss: 44.6324 | MAE: 4.52 | Val_RBA: 8.66 | R²: 0.9226 ｜ R: 0.9620
2025-12-03 09:00:59,083 INFO Checkpoint saved at epoch 135
2025-12-03 09:04:52,870 INFO The used dataset had no length, returning gathered tensors. You should drop the remainder yourself.
2025-12-03 09:04:52,919 INFO The used dataset had no length, returning gathered tensors. You should drop the remainder yourself.
2025-12-03 09:04:52,923 INFO Epoch 137/400 | LR: 5.87e-05 | Train Loss: 131.0449 (Main: 54.8741, Cons: 20.4337, Grad: 0.003637026311, RBA: 55.7334) | Val Loss: 47.7850 | MAE: 4.77 | Val_RBA: 7.06 | R²: 0.9169 ｜ R: 0.9603
2025-12-03 09:08:48,904 INFO The used dataset had no length, returning gathered tensors. You should drop the remainder yourself.
2025-12-03 09:08:48,977 INFO The used dataset had no length, returning gathered tensors. You should drop the remainder yourself.
2025-12-03 09:08:48,981 INFO Epoch 138/400 | LR: 1.68e-05 | Train Loss: 141.7454 (Main: 61.2650, Cons: 21.6573, Grad: 0.003699903910, RBA: 58.8195) | Val Loss: 128.5747 | MAE: 8.89 | Val_RBA: 13.57 | R²: 0.7716 ｜ R: 0.9316
2025-12-03 09:12:47,566 INFO The used dataset had no length, returning gathered tensors. You should drop the remainder yourself.
2025-12-03 09:12:47,609 INFO The used dataset had no length, returning gathered tensors. You should drop the remainder yourself.
2025-12-03 09:12:47,612 INFO Epoch 139/400 | LR: 9.57e-05 | Train Loss: 114.6800 (Main: 47.3141, Cons: 20.8113, Grad: 0.003611870669, RBA: 46.5510) | Val Loss: 35.2949 | MAE: 4.18 | Val_RBA: 6.99 | R²: 0.9391 ｜ R: 0.9705
2025-12-03 09:12:47,683 INFO Checkpoint saved at epoch 138
2025-12-03 09:16:38,299 INFO The used dataset had no length, returning gathered tensors. You should drop the remainder yourself.
2025-12-03 09:16:38,328 INFO The used dataset had no length, returning gathered tensors. You should drop the remainder yourself.
2025-12-03 09:16:38,332 INFO Epoch 140/400 | LR: 8.82e-05 | Train Loss: 127.1577 (Main: 54.4502, Cons: 20.0439, Grad: 0.003693659490, RBA: 52.6598) | Val Loss: 38.9382 | MAE: 4.30 | Val_RBA: 6.96 | R²: 0.9327 ｜ R: 0.9680
2025-12-03 09:20:26,100 INFO The used dataset had no length, returning gathered tensors. You should drop the remainder yourself.
2025-12-03 09:20:26,124 INFO The used dataset had no length, returning gathered tensors. You should drop the remainder yourself.
2025-12-03 09:20:26,129 INFO Epoch 141/400 | LR: 8.65e-05 | Train Loss: 131.1077 (Main: 59.6764, Cons: 19.5078, Grad: 0.003284005274, RBA: 51.9202) | Val Loss: 39.5897 | MAE: 4.41 | Val_RBA: 7.78 | R²: 0.9314 ｜ R: 0.9670
2025-12-03 09:24:18,285 INFO The used dataset had no length, returning gathered tensors. You should drop the remainder yourself.
2025-12-03 09:24:18,332 INFO The used dataset had no length, returning gathered tensors. You should drop the remainder yourself.
2025-12-03 09:24:18,336 INFO Epoch 142/400 | LR: 6.74e-05 | Train Loss: 135.0419 (Main: 62.3964, Cons: 19.2622, Grad: 0.003449146479, RBA: 53.3798) | Val Loss: 45.4775 | MAE: 4.90 | Val_RBA: 6.88 | R²: 0.9207 ｜ R: 0.9702
2025-12-03 09:28:08,837 INFO The used dataset had no length, returning gathered tensors. You should drop the remainder yourself.
2025-12-03 09:28:08,883 INFO The used dataset had no length, returning gathered tensors. You should drop the remainder yourself.
2025-12-03 09:28:08,887 INFO Epoch 143/400 | LR: 9.35e-05 | Train Loss: 123.1797 (Main: 54.3230, Cons: 20.9132, Grad: 0.003548599244, RBA: 47.9399) | Val Loss: 36.5472 | MAE: 4.50 | Val_RBA: 8.35 | R²: 0.9368 ｜ R: 0.9726
2025-12-03 09:31:59,771 INFO The used dataset had no length, returning gathered tensors. You should drop the remainder yourself.
2025-12-03 09:31:59,854 INFO The used dataset had no length, returning gathered tensors. You should drop the remainder yourself.
2025-12-03 09:31:59,858 INFO Epoch 144/400 | LR: 9.03e-05 | Train Loss: 126.0714 (Main: 58.5652, Cons: 17.6759, Grad: 0.003500580587, RBA: 49.8267) | Val Loss: 38.0597 | MAE: 4.29 | Val_RBA: 9.50 | R²: 0.9339 ｜ R: 0.9721
2025-12-03 09:35:51,785 INFO The used dataset had no length, returning gathered tensors. You should drop the remainder yourself.
2025-12-03 09:35:51,840 INFO The used dataset had no length, returning gathered tensors. You should drop the remainder yourself.
2025-12-03 09:35:51,844 INFO Epoch 145/400 | LR: 6.01e-05 | Train Loss: 118.6176 (Main: 50.4185, Cons: 18.3142, Grad: 0.003471098927, RBA: 49.8815) | Val Loss: 104.8467 | MAE: 7.55 | Val_RBA: 9.79 | R²: 0.8145 ｜ R: 0.9514
2025-12-03 09:39:43,632 INFO The used dataset had no length, returning gathered tensors. You should drop the remainder yourself.
2025-12-03 09:39:43,687 INFO The used dataset had no length, returning gathered tensors. You should drop the remainder yourself.
2025-12-03 09:39:43,691 INFO Epoch 146/400 | LR: 7.62e-05 | Train Loss: 105.3443 (Main: 45.5167, Cons: 17.3906, Grad: 0.003310106507, RBA: 42.4338) | Val Loss: 95.9673 | MAE: 7.80 | Val_RBA: 9.52 | R²: 0.8293 ｜ R: 0.9534
2025-12-03 09:43:36,040 INFO The used dataset had no length, returning gathered tensors. You should drop the remainder yourself.
2025-12-03 09:43:36,076 INFO The used dataset had no length, returning gathered tensors. You should drop the remainder yourself.
2025-12-03 09:43:36,080 INFO Epoch 147/400 | LR: 9.93e-05 | Train Loss: 105.5520 (Main: 42.2006, Cons: 17.8815, Grad: 0.003209518948, RBA: 45.4667) | Val Loss: 74.2360 | MAE: 7.10 | Val_RBA: 12.27 | R²: 0.8701 ｜ R: 0.9642
2025-12-03 09:47:27,362 INFO The used dataset had no length, returning gathered tensors. You should drop the remainder yourself.
2025-12-03 09:47:27,443 INFO The used dataset had no length, returning gathered tensors. You should drop the remainder yourself.
2025-12-03 09:47:27,447 INFO Epoch 148/400 | LR: 9.71e-05 | Train Loss: 113.7623 (Main: 49.4473, Cons: 18.2561, Grad: 0.003116536881, RBA: 46.0557) | Val Loss: 78.6927 | MAE: 7.33 | Val_RBA: 11.23 | R²: 0.8604 ｜ R: 0.9643
2025-12-03 09:51:18,806 INFO The used dataset had no length, returning gathered tensors. You should drop the remainder yourself.
2025-12-03 09:51:18,859 INFO The used dataset had no length, returning gathered tensors. You should drop the remainder yourself.
2025-12-03 09:51:18,863 INFO Epoch 149/400 | LR: 8.47e-05 | Train Loss: 111.5437 (Main: 51.1724, Cons: 17.0655, Grad: 0.003065786433, RBA: 43.3026) | Val Loss: 40.2531 | MAE: 4.32 | Val_RBA: 6.45 | R²: 0.9298 ｜ R: 0.9696
2025-12-03 09:55:06,734 INFO The used dataset had no length, returning gathered tensors. You should drop the remainder yourself.
2025-12-03 09:55:06,798 INFO The used dataset had no length, returning gathered tensors. You should drop the remainder yourself.
2025-12-03 09:55:06,802 INFO Epoch 150/400 | LR: 7.59e-05 | Train Loss: 105.3597 (Main: 44.9517, Cons: 16.8146, Grad: 0.003047433382, RBA: 43.5904) | Val Loss: 43.0821 | MAE: 4.86 | Val_RBA: 6.52 | R²: 0.9247 ｜ R: 0.9723
2025-12-03 09:58:58,158 INFO The used dataset had no length, returning gathered tensors. You should drop the remainder yourself.
2025-12-03 09:58:58,225 INFO The used dataset had no length, returning gathered tensors. You should drop the remainder yourself.
2025-12-03 09:58:58,230 INFO Epoch 151/400 | LR: 7.95e-05 | Train Loss: 105.2677 (Main: 46.4370, Cons: 17.2226, Grad: 0.002942417309, RBA: 41.6050) | Val Loss: 41.9604 | MAE: 5.04 | Val_RBA: 8.48 | R²: 0.9268 ｜ R: 0.9718
2025-12-03 10:02:48,130 INFO The used dataset had no length, returning gathered tensors. You should drop the remainder yourself.
2025-12-03 10:02:48,172 INFO The used dataset had no length, returning gathered tensors. You should drop the remainder yourself.
2025-12-03 10:02:48,176 INFO Epoch 152/400 | LR: 4.06e-05 | Train Loss: 101.7025 (Main: 43.8855, Cons: 17.3690, Grad: 0.002938336541, RBA: 40.4450) | Val Loss: 52.4229 | MAE: 5.24 | Val_RBA: 7.88 | R²: 0.9078 ｜ R: 0.9637
2025-12-03 10:06:37,964 INFO The used dataset had no length, returning gathered tensors. You should drop the remainder yourself.
2025-12-03 10:06:38,041 INFO The used dataset had no length, returning gathered tensors. You should drop the remainder yourself.
2025-12-03 10:06:38,045 INFO Epoch 153/400 | LR: 7.96e-05 | Train Loss: 89.2341 (Main: 38.0305, Cons: 15.0961, Grad: 0.003072201949, RBA: 36.1045) | Val Loss: 41.9366 | MAE: 4.52 | Val_RBA: 8.31 | R²: 0.9281 ｜ R: 0.9783
2025-12-03 10:10:25,813 INFO The used dataset had no length, returning gathered tensors. You should drop the remainder yourself.
2025-12-03 10:10:25,858 INFO The used dataset had no length, returning gathered tensors. You should drop the remainder yourself.
2025-12-03 10:10:25,862 INFO Epoch 154/400 | LR: 5.68e-05 | Train Loss: 101.0432 (Main: 46.1827, Cons: 15.3325, Grad: 0.003072521468, RBA: 39.5249) | Val Loss: 48.2621 | MAE: 4.83 | Val_RBA: 7.69 | R²: 0.9153 ｜ R: 0.9679
2025-12-03 10:14:14,869 INFO The used dataset had no length, returning gathered tensors. You should drop the remainder yourself.
2025-12-03 10:14:14,933 INFO The used dataset had no length, returning gathered tensors. You should drop the remainder yourself.
2025-12-03 10:14:14,938 INFO Epoch 155/400 | LR: 8.49e-05 | Train Loss: 97.7371 (Main: 43.1574, Cons: 15.8541, Grad: 0.002972868367, RBA: 38.7227) | Val Loss: 40.1668 | MAE: 4.88 | Val_RBA: 7.09 | R²: 0.9295 ｜ R: 0.9746
2025-12-03 10:18:04,490 INFO The used dataset had no length, returning gathered tensors. You should drop the remainder yourself.
2025-12-03 10:18:04,539 INFO The used dataset had no length, returning gathered tensors. You should drop the remainder yourself.
2025-12-03 10:18:04,543 INFO Epoch 156/400 | LR: 3.79e-05 | Train Loss: 98.6171 (Main: 47.8075, Cons: 14.3704, Grad: 0.002736834958, RBA: 36.4364) | Val Loss: 53.1204 | MAE: 4.94 | Val_RBA: 8.48 | R²: 0.9070 ｜ R: 0.9658
2025-12-03 10:21:55,441 INFO The used dataset had no length, returning gathered tensors. You should drop the remainder yourself.
2025-12-03 10:21:55,478 INFO The used dataset had no length, returning gathered tensors. You should drop the remainder yourself.
2025-12-03 10:21:55,482 INFO Epoch 157/400 | LR: 1.83e-06 | Train Loss: 84.9008 (Main: 35.6611, Cons: 15.2376, Grad: 0.002724623800, RBA: 33.9994) | Val Loss: 28.3217 | MAE: 3.71 | Val_RBA: 6.62 | R²: 0.9509 ｜ R: 0.9765
2025-12-03 10:21:55,552 INFO Checkpoint saved at epoch 156
2025-12-03 10:25:42,039 INFO The used dataset had no length, returning gathered tensors. You should drop the remainder yourself.
2025-12-03 10:25:42,090 INFO The used dataset had no length, returning gathered tensors. You should drop the remainder yourself.
2025-12-03 10:25:42,094 INFO Epoch 158/400 | LR: 4.22e-06 | Train Loss: 83.1933 (Main: 34.6230, Cons: 14.7770, Grad: 0.002745530630, RBA: 33.7906) | Val Loss: 27.3950 | MAE: 3.79 | Val_RBA: 8.24 | R²: 0.9527 ｜ R: 0.9789
2025-12-03 10:29:32,242 INFO The used dataset had no length, returning gathered tensors. You should drop the remainder yourself.
2025-12-03 10:29:32,285 INFO The used dataset had no length, returning gathered tensors. You should drop the remainder yourself.
2025-12-03 10:29:32,290 INFO Epoch 159/400 | LR: 1.40e-06 | Train Loss: 79.2080 (Main: 33.4233, Cons: 14.7081, Grad: 0.002854687637, RBA: 31.0738) | Val Loss: 28.5426 | MAE: 3.88 | Val_RBA: 7.85 | R²: 0.9508 ｜ R: 0.9790
2025-12-03 10:33:21,796 INFO The used dataset had no length, returning gathered tensors. You should drop the remainder yourself.
2025-12-03 10:33:21,851 INFO The used dataset had no length, returning gathered tensors. You should drop the remainder yourself.
2025-12-03 10:33:21,855 INFO Epoch 160/400 | LR: 3.45e-06 | Train Loss: 77.7506 (Main: 31.9083, Cons: 14.2315, Grad: 0.002978630168, RBA: 31.6079) | Val Loss: 27.6544 | MAE: 3.72 | Val_RBA: 6.60 | R²: 0.9523 ｜ R: 0.9792
2025-12-03 10:37:09,225 INFO The used dataset had no length, returning gathered tensors. You should drop the remainder yourself.
2025-12-03 10:37:09,290 INFO The used dataset had no length, returning gathered tensors. You should drop the remainder yourself.
2025-12-03 10:37:09,294 INFO Epoch 161/400 | LR: 1.34e-06 | Train Loss: 83.6624 (Main: 36.6505, Cons: 13.4453, Grad: 0.002963347540, RBA: 33.5636) | Val Loss: 28.5779 | MAE: 3.71 | Val_RBA: 7.09 | R²: 0.9507 ｜ R: 0.9786
2025-12-03 10:37:09,365 INFO Checkpoint saved at epoch 160
2025-12-03 10:40:59,925 INFO The used dataset had no length, returning gathered tensors. You should drop the remainder yourself.
2025-12-03 10:40:59,995 INFO The used dataset had no length, returning gathered tensors. You should drop the remainder yourself.
2025-12-03 10:40:59,999 INFO Epoch 162/400 | LR: 8.59e-06 | Train Loss: 77.0033 (Main: 31.8557, Cons: 14.4712, Grad: 0.002879935873, RBA: 30.6735) | Val Loss: 26.2324 | MAE: 3.67 | Val_RBA: 6.38 | R²: 0.9547 ｜ R: 0.9791
2025-12-03 10:41:00,070 INFO Checkpoint saved at epoch 161
2025-12-03 10:44:46,796 INFO The used dataset had no length, returning gathered tensors. You should drop the remainder yourself.
2025-12-03 10:44:46,836 INFO The used dataset had no length, returning gathered tensors. You should drop the remainder yourself.
2025-12-03 10:44:46,840 INFO Epoch 163/400 | LR: 9.89e-05 | Train Loss: 71.5136 (Main: 27.7679, Cons: 13.9957, Grad: 0.002802764424, RBA: 29.7472) | Val Loss: 32.7094 | MAE: 4.23 | Val_RBA: 9.36 | R²: 0.9431 ｜ R: 0.9762
2025-12-03 10:48:38,741 INFO The used dataset had no length, returning gathered tensors. You should drop the remainder yourself.
2025-12-03 10:48:38,780 INFO The used dataset had no length, returning gathered tensors. You should drop the remainder yourself.
2025-12-03 10:48:38,783 INFO Epoch 164/400 | LR: 8.48e-05 | Train Loss: 93.9027 (Main: 43.3633, Cons: 14.2059, Grad: 0.002652977256, RBA: 36.3309) | Val Loss: 90.4327 | MAE: 6.80 | Val_RBA: 10.11 | R²: 0.8399 ｜ R: 0.9469
2025-12-03 10:52:27,398 INFO The used dataset had no length, returning gathered tensors. You should drop the remainder yourself.
2025-12-03 10:52:27,460 INFO The used dataset had no length, returning gathered tensors. You should drop the remainder yourself.
2025-12-03 10:52:27,464 INFO Epoch 165/400 | LR: 9.69e-05 | Train Loss: 87.2639 (Main: 38.2640, Cons: 13.7033, Grad: 0.002534256112, RBA: 35.2941) | Val Loss: 34.5348 | MAE: 4.14 | Val_RBA: 7.10 | R²: 0.9399 ｜ R: 0.9723
2025-12-03 10:56:17,258 INFO The used dataset had no length, returning gathered tensors. You should drop the remainder yourself.
2025-12-03 10:56:17,318 INFO The used dataset had no length, returning gathered tensors. You should drop the remainder yourself.
2025-12-03 10:56:17,322 INFO Epoch 166/400 | LR: 7.41e-05 | Train Loss: 100.4609 (Main: 49.9339, Cons: 13.3266, Grad: 0.002505320560, RBA: 37.1979) | Val Loss: 43.5978 | MAE: 5.13 | Val_RBA: 7.39 | R²: 0.9244 ｜ R: 0.9716
2025-12-03 11:00:06,497 INFO The used dataset had no length, returning gathered tensors. You should drop the remainder yourself.
2025-12-03 11:00:06,542 INFO The used dataset had no length, returning gathered tensors. You should drop the remainder yourself.
2025-12-03 11:00:06,546 INFO Epoch 167/400 | LR: 8.65e-05 | Train Loss: 89.8879 (Main: 41.6872, Cons: 13.7073, Grad: 0.002523898137, RBA: 34.4910) | Val Loss: 39.5966 | MAE: 4.39 | Val_RBA: 8.98 | R²: 0.9311 ｜ R: 0.9695
2025-12-03 11:03:55,134 INFO The used dataset had no length, returning gathered tensors. You should drop the remainder yourself.
2025-12-03 11:03:55,202 INFO The used dataset had no length, returning gathered tensors. You should drop the remainder yourself.
2025-12-03 11:03:55,206 INFO Epoch 168/400 | LR: 9.44e-05 | Train Loss: 80.4714 (Main: 34.9818, Cons: 13.4814, Grad: 0.002641940576, RBA: 32.0056) | Val Loss: 36.0730 | MAE: 4.22 | Val_RBA: 6.60 | R²: 0.9371 ｜ R: 0.9724
2025-12-03 11:07:44,158 INFO The used dataset had no length, returning gathered tensors. You should drop the remainder yourself.
2025-12-03 11:07:44,191 INFO The used dataset had no length, returning gathered tensors. You should drop the remainder yourself.
2025-12-03 11:07:44,196 INFO Epoch 169/400 | LR: 8.61e-05 | Train Loss: 85.5128 (Main: 40.1219, Cons: 12.5124, Grad: 0.002599967180, RBA: 32.8759) | Val Loss: 39.7329 | MAE: 4.83 | Val_RBA: 10.51 | R²: 0.9309 ｜ R: 0.9711
2025-12-03 11:11:29,971 INFO The used dataset had no length, returning gathered tensors. You should drop the remainder yourself.
2025-12-03 11:11:30,038 INFO The used dataset had no length, returning gathered tensors. You should drop the remainder yourself.
2025-12-03 11:11:30,042 INFO Epoch 170/400 | LR: 9.58e-05 | Train Loss: 83.1832 (Main: 38.3889, Cons: 13.1863, Grad: 0.002425043061, RBA: 31.6056) | Val Loss: 35.2492 | MAE: 4.03 | Val_RBA: 6.67 | R²: 0.9384 ｜ R: 0.9741
2025-12-03 11:15:19,978 INFO The used dataset had no length, returning gathered tensors. You should drop the remainder yourself.
2025-12-03 11:15:20,016 INFO The used dataset had no length, returning gathered tensors. You should drop the remainder yourself.
2025-12-03 11:15:20,021 INFO Epoch 171/400 | LR: 9.98e-05 | Train Loss: 86.5532 (Main: 42.3582, Cons: 12.3123, Grad: 0.002336013343, RBA: 31.8804) | Val Loss: 31.2171 | MAE: 3.76 | Val_RBA: 9.50 | R²: 0.9462 ｜ R: 0.9751
2025-12-03 11:19:06,509 INFO The used dataset had no length, returning gathered tensors. You should drop the remainder yourself.
2025-12-03 11:19:06,560 INFO The used dataset had no length, returning gathered tensors. You should drop the remainder yourself.
2025-12-03 11:19:06,565 INFO Epoch 172/400 | LR: 1.00e-04 | Train Loss: 83.8043 (Main: 43.1208, Cons: 12.4564, Grad: 0.002235625784, RBA: 28.2248) | Val Loss: 30.0435 | MAE: 3.96 | Val_RBA: 6.93 | R²: 0.9476 ｜ R: 0.9763
2025-12-03 11:22:54,179 INFO The used dataset had no length, returning gathered tensors. You should drop the remainder yourself.
2025-12-03 11:22:54,264 INFO The used dataset had no length, returning gathered tensors. You should drop the remainder yourself.
2025-12-03 11:22:54,269 INFO Epoch 173/400 | LR: 1.63e-06 | Train Loss: 73.7021 (Main: 32.7403, Cons: 12.1852, Grad: 0.002378673968, RBA: 28.7741) | Val Loss: 28.4203 | MAE: 3.69 | Val_RBA: 8.70 | R²: 0.9506 ｜ R: 0.9761
2025-12-03 11:26:41,165 INFO The used dataset had no length, returning gathered tensors. You should drop the remainder yourself.
2025-12-03 11:26:41,241 INFO The used dataset had no length, returning gathered tensors. You should drop the remainder yourself.
2025-12-03 11:26:41,245 INFO Epoch 174/400 | LR: 1.06e-05 | Train Loss: 74.0167 (Main: 34.2959, Cons: 11.4621, Grad: 0.002360341804, RBA: 28.2564) | Val Loss: 25.7892 | MAE: 3.60 | Val_RBA: 7.08 | R²: 0.9554 ｜ R: 0.9792
2025-12-03 11:26:41,315 INFO Checkpoint saved at epoch 173
2025-12-03 11:30:31,034 INFO The used dataset had no length, returning gathered tensors. You should drop the remainder yourself.
2025-12-03 11:30:31,078 INFO The used dataset had no length, returning gathered tensors. You should drop the remainder yourself.
2025-12-03 11:30:31,083 INFO Epoch 175/400 | LR: 1.29e-05 | Train Loss: 68.5194 (Main: 32.3488, Cons: 11.4888, Grad: 0.002321490569, RBA: 24.6796) | Val Loss: 25.3326 | MAE: 3.59 | Val_RBA: 8.94 | R²: 0.9563 ｜ R: 0.9804
2025-12-03 11:30:31,153 INFO Checkpoint saved at epoch 174
2025-12-03 11:34:18,234 INFO The used dataset had no length, returning gathered tensors. You should drop the remainder yourself.
2025-12-03 11:34:18,297 INFO The used dataset had no length, returning gathered tensors. You should drop the remainder yourself.
2025-12-03 11:34:18,301 INFO Epoch 176/400 | LR: 9.29e-06 | Train Loss: 63.5599 (Main: 28.7555, Cons: 11.5273, Grad: 0.002361800430, RBA: 23.2748) | Val Loss: 26.0758 | MAE: 3.62 | Val_RBA: 7.59 | R²: 0.9549 ｜ R: 0.9798
2025-12-03 11:38:06,022 INFO The used dataset had no length, returning gathered tensors. You should drop the remainder yourself.
2025-12-03 11:38:06,071 INFO The used dataset had no length, returning gathered tensors. You should drop the remainder yourself.
2025-12-03 11:38:06,075 INFO Epoch 177/400 | LR: 2.17e-05 | Train Loss: 62.8668 (Main: 27.5384, Cons: 11.6777, Grad: 0.002281321902, RBA: 23.6484) | Val Loss: 23.8401 | MAE: 3.46 | Val_RBA: 8.36 | R²: 0.9587 ｜ R: 0.9807
2025-12-03 11:38:06,136 INFO Checkpoint saved at epoch 176
2025-12-03 11:41:58,108 INFO The used dataset had no length, returning gathered tensors. You should drop the remainder yourself.
2025-12-03 11:41:58,172 INFO The used dataset had no length, returning gathered tensors. You should drop the remainder yourself.
2025-12-03 11:41:58,176 INFO Epoch 178/400 | LR: 5.88e-06 | Train Loss: 64.7800 (Main: 29.2519, Cons: 11.5142, Grad: 0.002308628609, RBA: 24.0115) | Val Loss: 26.9083 | MAE: 3.75 | Val_RBA: 9.76 | R²: 0.9535 ｜ R: 0.9798
2025-12-03 11:45:47,334 INFO The used dataset had no length, returning gathered tensors. You should drop the remainder yourself.
2025-12-03 11:45:47,389 INFO The used dataset had no length, returning gathered tensors. You should drop the remainder yourself.
2025-12-03 11:45:47,393 INFO Epoch 179/400 | LR: 9.94e-05 | Train Loss: 64.8614 (Main: 29.8028, Cons: 11.7484, Grad: 0.002422972690, RBA: 23.3078) | Val Loss: 32.0318 | MAE: 4.27 | Val_RBA: 7.21 | R²: 0.9441 ｜ R: 0.9782
2025-12-03 11:49:34,357 INFO The used dataset had no length, returning gathered tensors. You should drop the remainder yourself.
2025-12-03 11:49:34,436 INFO The used dataset had no length, returning gathered tensors. You should drop the remainder yourself.
2025-12-03 11:49:34,440 INFO Epoch 180/400 | LR: 9.79e-05 | Train Loss: 75.1517 (Main: 37.9633, Cons: 11.0731, Grad: 0.002218196183, RBA: 26.1131) | Val Loss: 164.8409 | MAE: 9.76 | Val_RBA: 10.57 | R²: 0.7065 ｜ R: 0.9208
2025-12-03 11:53:21,570 INFO The used dataset had no length, returning gathered tensors. You should drop the remainder yourself.
2025-12-03 11:53:21,633 INFO The used dataset had no length, returning gathered tensors. You should drop the remainder yourself.
2025-12-03 11:53:21,637 INFO Epoch 181/400 | LR: 9.71e-05 | Train Loss: 76.3906 (Main: 37.1243, Cons: 10.7747, Grad: 0.002238976967, RBA: 28.4893) | Val Loss: 34.3256 | MAE: 4.06 | Val_RBA: 7.78 | R²: 0.9402 ｜ R: 0.9754
2025-12-03 11:57:08,934 INFO The used dataset had no length, returning gathered tensors. You should drop the remainder yourself.
2025-12-03 11:57:08,969 INFO The used dataset had no length, returning gathered tensors. You should drop the remainder yourself.
2025-12-03 11:57:08,973 INFO Epoch 182/400 | LR: 2.52e-06 | Train Loss: 75.8858 (Main: 38.5196, Cons: 11.2357, Grad: 0.002126793522, RBA: 26.1284) | Val Loss: 28.0115 | MAE: 3.69 | Val_RBA: 10.30 | R²: 0.9518 ｜ R: 0.9787
2025-12-03 12:00:55,864 INFO The used dataset had no length, returning gathered tensors. You should drop the remainder yourself.
2025-12-03 12:00:55,912 INFO The used dataset had no length, returning gathered tensors. You should drop the remainder yourself.
2025-12-03 12:00:55,915 INFO Epoch 183/400 | LR: 7.21e-06 | Train Loss: 59.2943 (Main: 27.4173, Cons: 10.3865, Grad: 0.002129782600, RBA: 21.4883) | Val Loss: 26.5619 | MAE: 3.81 | Val_RBA: 7.36 | R²: 0.9538 ｜ R: 0.9800
2025-12-03 12:04:46,372 INFO The used dataset had no length, returning gathered tensors. You should drop the remainder yourself.
2025-12-03 12:04:46,422 INFO The used dataset had no length, returning gathered tensors. You should drop the remainder yourself.
2025-12-03 12:04:46,426 INFO Epoch 184/400 | LR: 5.83e-06 | Train Loss: 62.3792 (Main: 28.2808, Cons: 11.1051, Grad: 0.002151885858, RBA: 22.9912) | Val Loss: 26.9214 | MAE: 3.84 | Val_RBA: 10.76 | R²: 0.9532 ｜ R: 0.9802
2025-12-03 12:08:35,366 INFO The used dataset had no length, returning gathered tensors. You should drop the remainder yourself.
2025-12-03 12:08:35,420 INFO The used dataset had no length, returning gathered tensors. You should drop the remainder yourself.
2025-12-03 12:08:35,424 INFO Epoch 185/400 | LR: 1.23e-05 | Train Loss: 60.2764 (Main: 26.1664, Cons: 11.0037, Grad: 0.002226355186, RBA: 23.1041) | Val Loss: 25.4642 | MAE: 3.69 | Val_RBA: 8.86 | R²: 0.9558 ｜ R: 0.9808
2025-12-03 12:12:26,267 INFO The used dataset had no length, returning gathered tensors. You should drop the remainder yourself.
2025-12-03 12:12:26,315 INFO The used dataset had no length, returning gathered tensors. You should drop the remainder yourself.
2025-12-03 12:12:26,321 INFO Epoch 186/400 | LR: 5.42e-06 | Train Loss: 57.5943 (Main: 25.8319, Cons: 10.8065, Grad: 0.002077300291, RBA: 20.9538) | Val Loss: 27.0343 | MAE: 3.92 | Val_RBA: 8.26 | R²: 0.9529 ｜ R: 0.9804
2025-12-03 12:16:12,586 INFO The used dataset had no length, returning gathered tensors. You should drop the remainder yourself.
2025-12-03 12:16:12,634 INFO The used dataset had no length, returning gathered tensors. You should drop the remainder yourself.
2025-12-03 12:16:12,638 INFO Epoch 187/400 | LR: 2.45e-05 | Train Loss: 56.6892 (Main: 24.4079, Cons: 11.0186, Grad: 0.002182838880, RBA: 21.2605) | Val Loss: 23.4190 | MAE: 3.44 | Val_RBA: 6.40 | R²: 0.9593 ｜ R: 0.9814
2025-12-03 12:16:12,723 INFO Checkpoint saved at epoch 186
2025-12-03 12:20:05,153 INFO The used dataset had no length, returning gathered tensors. You should drop the remainder yourself.
2025-12-03 12:20:05,209 INFO The used dataset had no length, returning gathered tensors. You should drop the remainder yourself.
2025-12-03 12:20:05,213 INFO Epoch 188/400 | LR: 8.42e-05 | Train Loss: 60.2568 (Main: 27.2660, Cons: 10.5221, Grad: 0.002212252975, RBA: 22.4665) | Val Loss: 40.4215 | MAE: 4.38 | Val_RBA: 7.01 | R²: 0.9298 ｜ R: 0.9774
2025-12-03 12:23:57,481 INFO The used dataset had no length, returning gathered tensors. You should drop the remainder yourself.
2025-12-03 12:23:57,527 INFO The used dataset had no length, returning gathered tensors. You should drop the remainder yourself.
2025-12-03 12:23:57,531 INFO Epoch 189/400 | LR: 9.86e-05 | Train Loss: 66.8881 (Main: 32.5760, Cons: 10.4606, Grad: 0.002072804005, RBA: 23.8494) | Val Loss: 33.0212 | MAE: 3.86 | Val_RBA: 7.32 | R²: 0.9424 ｜ R: 0.9731
2025-12-03 12:27:49,022 INFO The used dataset had no length, returning gathered tensors. You should drop the remainder yourself.
2025-12-03 12:27:49,070 INFO The used dataset had no length, returning gathered tensors. You should drop the remainder yourself.
2025-12-03 12:27:49,074 INFO Epoch 190/400 | LR: 3.40e-06 | Train Loss: 67.3215 (Main: 32.7913, Cons: 10.1200, Grad: 0.001984013402, RBA: 24.4082) | Val Loss: 65.3434 | MAE: 6.34 | Val_RBA: 8.80 | R²: 0.8841 ｜ R: 0.9666
2025-12-03 12:31:32,971 INFO The used dataset had no length, returning gathered tensors. You should drop the remainder yourself.
2025-12-03 12:31:33,032 INFO The used dataset had no length, returning gathered tensors. You should drop the remainder yourself.
2025-12-03 12:31:33,036 INFO Epoch 191/400 | LR: 1.00e-05 | Train Loss: 65.7782 (Main: 31.1505, Cons: 10.6817, Grad: 0.001983661362, RBA: 23.9440) | Val Loss: 25.9158 | MAE: 3.74 | Val_RBA: 7.05 | R²: 0.9548 ｜ R: 0.9802
2025-12-03 12:35:22,537 INFO The used dataset had no length, returning gathered tensors. You should drop the remainder yourself.
2025-12-03 12:35:22,607 INFO The used dataset had no length, returning gathered tensors. You should drop the remainder yourself.
2025-12-03 12:35:22,611 INFO Epoch 192/400 | LR: 2.57e-05 | Train Loss: 56.7396 (Main: 26.3911, Cons: 9.4062, Grad: 0.002039022136, RBA: 20.9402) | Val Loss: 23.2425 | MAE: 3.47 | Val_RBA: 9.73 | R²: 0.9596 ｜ R: 0.9812
2025-12-03 12:39:13,571 INFO The used dataset had no length, returning gathered tensors. You should drop the remainder yourself.
2025-12-03 12:39:13,623 INFO The used dataset had no length, returning gathered tensors. You should drop the remainder yourself.
2025-12-03 12:39:13,626 INFO Epoch 193/400 | LR: 1.27e-05 | Train Loss: 59.2036 (Main: 27.8533, Cons: 10.3862, Grad: 0.002054962593, RBA: 20.9620) | Val Loss: 25.3738 | MAE: 3.67 | Val_RBA: 7.92 | R²: 0.9557 ｜ R: 0.9802
2025-12-03 12:42:59,672 INFO The used dataset had no length, returning gathered tensors. You should drop the remainder yourself.
2025-12-03 12:42:59,709 INFO The used dataset had no length, returning gathered tensors. You should drop the remainder yourself.
2025-12-03 12:42:59,713 INFO Epoch 194/400 | LR: 1.76e-05 | Train Loss: 57.3228 (Main: 27.6702, Cons: 9.9562, Grad: 0.002105345415, RBA: 19.6944) | Val Loss: 24.5010 | MAE: 3.50 | Val_RBA: 9.06 | R²: 0.9575 ｜ R: 0.9811
2025-12-03 12:46:51,119 INFO The used dataset had no length, returning gathered tensors. You should drop the remainder yourself.
2025-12-03 12:46:51,174 INFO The used dataset had no length, returning gathered tensors. You should drop the remainder yourself.
2025-12-03 12:46:51,178 INFO Epoch 195/400 | LR: 1.39e-05 | Train Loss: 56.0572 (Main: 25.7805, Cons: 9.8349, Grad: 0.002149202455, RBA: 20.4397) | Val Loss: 25.1527 | MAE: 3.62 | Val_RBA: 10.10 | R²: 0.9565 ｜ R: 0.9810
2025-12-03 12:50:40,945 INFO The used dataset had no length, returning gathered tensors. You should drop the remainder yourself.
2025-12-03 12:50:40,998 INFO The used dataset had no length, returning gathered tensors. You should drop the remainder yourself.
2025-12-03 12:50:41,002 INFO Epoch 196/400 | LR: 2.05e-05 | Train Loss: 58.1280 (Main: 27.5970, Cons: 9.6531, Grad: 0.002170110367, RBA: 20.8757) | Val Loss: 24.0292 | MAE: 3.51 | Val_RBA: 7.51 | R²: 0.9583 ｜ R: 0.9812
2025-12-03 12:54:33,583 INFO The used dataset had no length, returning gathered tensors. You should drop the remainder yourself.
2025-12-03 12:54:33,621 INFO The used dataset had no length, returning gathered tensors. You should drop the remainder yourself.
2025-12-03 12:54:33,626 INFO Epoch 197/400 | LR: 1.39e-05 | Train Loss: 55.7663 (Main: 25.0056, Cons: 9.9914, Grad: 0.002134533541, RBA: 20.7673) | Val Loss: 25.1438 | MAE: 3.59 | Val_RBA: 6.61 | R²: 0.9565 ｜ R: 0.9816
2025-12-03 12:58:25,945 INFO The used dataset had no length, returning gathered tensors. You should drop the remainder yourself.
2025-12-03 12:58:25,988 INFO The used dataset had no length, returning gathered tensors. You should drop the remainder yourself.
2025-12-03 12:58:25,995 INFO Epoch 198/400 | LR: 2.95e-05 | Train Loss: 53.3759 (Main: 24.5090, Cons: 9.6731, Grad: 0.002172950530, RBA: 19.1916) | Val Loss: 22.7026 | MAE: 3.34 | Val_RBA: 6.53 | R²: 0.9606 ｜ R: 0.9815
2025-12-03 12:58:26,088 INFO Checkpoint saved at epoch 197
2025-12-03 13:02:15,870 INFO The used dataset had no length, returning gathered tensors. You should drop the remainder yourself.
2025-12-03 13:02:15,927 INFO The used dataset had no length, returning gathered tensors. You should drop the remainder yourself.
2025-12-03 13:02:15,931 INFO Epoch 199/400 | LR: 1.55e-05 | Train Loss: 55.3581 (Main: 25.8852, Cons: 9.8976, Grad: 0.002154650854, RBA: 19.5732) | Val Loss: 24.8638 | MAE: 3.57 | Val_RBA: 6.63 | R²: 0.9567 ｜ R: 0.9807
2025-12-03 13:06:07,388 INFO The used dataset had no length, returning gathered tensors. You should drop the remainder yourself.
2025-12-03 13:06:07,465 INFO The used dataset had no length, returning gathered tensors. You should drop the remainder yourself.
2025-12-03 13:06:07,469 INFO Epoch 200/400 | LR: 2.80e-05 | Train Loss: 51.6406 (Main: 22.4776, Cons: 10.1387, Grad: 0.002088478893, RBA: 19.0222) | Val Loss: 22.9078 | MAE: 3.44 | Val_RBA: 7.43 | R²: 0.9602 ｜ R: 0.9817
2025-12-03 13:09:56,218 INFO The used dataset had no length, returning gathered tensors. You should drop the remainder yourself.
2025-12-03 13:09:56,276 INFO The used dataset had no length, returning gathered tensors. You should drop the remainder yourself.
2025-12-03 13:09:56,280 INFO Epoch 201/400 | LR: 1.01e-05 | Train Loss: 50.6680 (Main: 22.3780, Cons: 9.3529, Grad: 0.002172465820, RBA: 18.9349) | Val Loss: 25.8959 | MAE: 3.52 | Val_RBA: 7.59 | R²: 0.9551 ｜ R: 0.9808
2025-12-03 13:13:44,902 INFO The used dataset had no length, returning gathered tensors. You should drop the remainder yourself.
2025-12-03 13:13:44,948 INFO The used dataset had no length, returning gathered tensors. You should drop the remainder yourself.
2025-12-03 13:13:44,952 INFO Epoch 202/400 | LR: 1.31e-05 | Train Loss: 52.1579 (Main: 22.6468, Cons: 9.4120, Grad: 0.002138607362, RBA: 20.0970) | Val Loss: 25.3000 | MAE: 3.55 | Val_RBA: 8.08 | R²: 0.9562 ｜ R: 0.9815
2025-12-03 13:17:35,933 INFO The used dataset had no length, returning gathered tensors. You should drop the remainder yourself.
2025-12-03 13:17:35,992 INFO The used dataset had no length, returning gathered tensors. You should drop the remainder yourself.
2025-12-03 13:17:35,996 INFO Epoch 203/400 | LR: 3.54e-05 | Train Loss: 50.4279 (Main: 22.6624, Cons: 9.0945, Grad: 0.002199853551, RBA: 18.6688) | Val Loss: 21.9010 | MAE: 3.23 | Val_RBA: 7.40 | R²: 0.9620 ｜ R: 0.9820
2025-12-03 13:17:36,081 INFO Checkpoint saved at epoch 202
2025-12-03 13:21:24,292 INFO The used dataset had no length, returning gathered tensors. You should drop the remainder yourself.
2025-12-03 13:21:24,375 INFO The used dataset had no length, returning gathered tensors. You should drop the remainder yourself.
2025-12-03 13:21:24,379 INFO Epoch 204/400 | LR: 2.48e-05 | Train Loss: 55.3325 (Main: 26.3075, Cons: 9.9967, Grad: 0.002162847052, RBA: 19.0261) | Val Loss: 23.3726 | MAE: 3.49 | Val_RBA: 9.32 | R²: 0.9594 ｜ R: 0.9813
2025-12-03 13:25:14,301 INFO The used dataset had no length, returning gathered tensors. You should drop the remainder yourself.
2025-12-03 13:25:14,381 INFO The used dataset had no length, returning gathered tensors. You should drop the remainder yourself.
2025-12-03 13:25:14,385 INFO Epoch 205/400 | LR: 1.67e-05 | Train Loss: 50.0634 (Main: 23.2118, Cons: 8.9552, Grad: 0.002116741808, RBA: 17.8943) | Val Loss: 24.6584 | MAE: 3.63 | Val_RBA: 8.44 | R²: 0.9572 ｜ R: 0.9814
2025-12-03 13:29:00,091 INFO The used dataset had no length, returning gathered tensors. You should drop the remainder yourself.
2025-12-03 13:29:00,137 INFO The used dataset had no length, returning gathered tensors. You should drop the remainder yourself.
2025-12-03 13:29:00,141 INFO Epoch 206/400 | LR: 3.04e-05 | Train Loss: 54.2357 (Main: 25.1694, Cons: 9.5980, Grad: 0.002206522416, RBA: 19.4660) | Val Loss: 22.5684 | MAE: 3.40 | Val_RBA: 8.46 | R²: 0.9607 ｜ R: 0.9817
2025-12-03 13:32:47,032 INFO The used dataset had no length, returning gathered tensors. You should drop the remainder yourself.
2025-12-03 13:32:47,080 INFO The used dataset had no length, returning gathered tensors. You should drop the remainder yourself.
2025-12-03 13:32:47,084 INFO Epoch 207/400 | LR: 1.40e-06 | Train Loss: 50.9873 (Main: 23.0198, Cons: 9.5087, Grad: 0.002207206644, RBA: 18.4566) | Val Loss: 28.5462 | MAE: 3.87 | Val_RBA: 6.02 | R²: 0.9500 ｜ R: 0.9804
2025-12-03 13:36:32,095 INFO The used dataset had no length, returning gathered tensors. You should drop the remainder yourself.
2025-12-03 13:36:32,137 INFO The used dataset had no length, returning gathered tensors. You should drop the remainder yourself.
2025-12-03 13:36:32,143 INFO Epoch 208/400 | LR: 3.32e-05 | Train Loss: 49.8056 (Main: 21.9300, Cons: 9.5157, Grad: 0.002204850321, RBA: 18.3577) | Val Loss: 22.1861 | MAE: 3.25 | Val_RBA: 6.11 | R²: 0.9614 ｜ R: 0.9823
2025-12-03 13:40:16,762 INFO The used dataset had no length, returning gathered tensors. You should drop the remainder yourself.
2025-12-03 13:40:16,801 INFO The used dataset had no length, returning gathered tensors. You should drop the remainder yourself.
2025-12-03 13:40:16,806 INFO Epoch 209/400 | LR: 2.53e-05 | Train Loss: 49.8829 (Main: 23.8731, Cons: 9.3196, Grad: 0.002131705045, RBA: 16.6881) | Val Loss: 23.2975 | MAE: 3.40 | Val_RBA: 9.02 | R²: 0.9598 ｜ R: 0.9814
2025-12-03 13:44:06,218 INFO The used dataset had no length, returning gathered tensors. You should drop the remainder yourself.
2025-12-03 13:44:06,291 INFO The used dataset had no length, returning gathered tensors. You should drop the remainder yourself.
2025-12-03 13:44:06,294 INFO Epoch 210/400 | LR: 1.41e-05 | Train Loss: 51.5386 (Main: 24.1699, Cons: 9.0798, Grad: 0.002038264032, RBA: 18.2869) | Val Loss: 25.1093 | MAE: 3.77 | Val_RBA: 6.55 | R²: 0.9562 ｜ R: 0.9814
2025-12-03 13:47:48,039 INFO The used dataset had no length, returning gathered tensors. You should drop the remainder yourself.
2025-12-03 13:47:48,089 INFO The used dataset had no length, returning gathered tensors. You should drop the remainder yourself.
2025-12-03 13:47:48,093 INFO Epoch 211/400 | LR: 3.52e-05 | Train Loss: 51.8865 (Main: 23.5898, Cons: 9.4646, Grad: 0.002303563487, RBA: 18.8299) | Val Loss: 21.9203 | MAE: 3.25 | Val_RBA: 10.92 | R²: 0.9620 ｜ R: 0.9818
2025-12-03 13:51:34,228 INFO The used dataset had no length, returning gathered tensors. You should drop the remainder yourself.
2025-12-03 13:51:34,293 INFO The used dataset had no length, returning gathered tensors. You should drop the remainder yourself.
2025-12-03 13:51:34,297 INFO Epoch 212/400 | LR: 9.76e-05 | Train Loss: 51.0073 (Main: 24.6435, Cons: 9.1965, Grad: 0.002216538298, RBA: 17.1650) | Val Loss: 33.9855 | MAE: 4.20 | Val_RBA: 10.92 | R²: 0.9406 ｜ R: 0.9754
2025-12-03 13:55:20,012 INFO The used dataset had no length, returning gathered tensors. You should drop the remainder yourself.
2025-12-03 13:55:20,085 INFO The used dataset had no length, returning gathered tensors. You should drop the remainder yourself.
2025-12-03 13:55:20,089 INFO Epoch 213/400 | LR: 9.36e-05 | Train Loss: 68.2980 (Main: 37.0329, Cons: 9.0441, Grad: 0.001881185495, RBA: 22.2191) | Val Loss: 36.4915 | MAE: 4.49 | Val_RBA: 12.47 | R²: 0.9363 ｜ R: 0.9741
2025-12-03 13:59:06,485 INFO The used dataset had no length, returning gathered tensors. You should drop the remainder yourself.
2025-12-03 13:59:06,530 INFO The used dataset had no length, returning gathered tensors. You should drop the remainder yourself.
2025-12-03 13:59:06,533 INFO Epoch 214/400 | LR: 9.97e-05 | Train Loss: 59.3894 (Main: 30.9708, Cons: 8.4736, Grad: 0.001781470906, RBA: 19.9431) | Val Loss: 31.3452 | MAE: 4.34 | Val_RBA: 10.45 | R²: 0.9453 ｜ R: 0.9786
2025-12-03 14:02:54,514 INFO The used dataset had no length, returning gathered tensors. You should drop the remainder yourself.
2025-12-03 14:02:54,571 INFO The used dataset had no length, returning gathered tensors. You should drop the remainder yourself.
2025-12-03 14:02:54,575 INFO Epoch 215/400 | LR: 6.69e-05 | Train Loss: 59.5173 (Main: 31.1394, Cons: 7.9185, Grad: 0.001864278549, RBA: 20.4575) | Val Loss: 45.6062 | MAE: 4.80 | Val_RBA: 9.62 | R²: 0.9209 ｜ R: 0.9737
2025-12-03 14:06:40,498 INFO The used dataset had no length, returning gathered tensors. You should drop the remainder yourself.
2025-12-03 14:06:40,545 INFO The used dataset had no length, returning gathered tensors. You should drop the remainder yourself.
2025-12-03 14:06:40,549 INFO Epoch 216/400 | LR: 1.36e-06 | Train Loss: 51.1671 (Main: 27.1244, Cons: 7.7188, Grad: 0.001706441242, RBA: 16.3222) | Val Loss: 28.5676 | MAE: 4.06 | Val_RBA: 8.25 | R²: 0.9501 ｜ R: 0.9802
2025-12-03 14:10:26,950 INFO The used dataset had no length, returning gathered tensors. You should drop the remainder yourself.
2025-12-03 14:10:26,999 INFO The used dataset had no length, returning gathered tensors. You should drop the remainder yourself.
2025-12-03 14:10:27,003 INFO Epoch 217/400 | LR: 3.78e-05 | Train Loss: 46.8832 (Main: 23.8321, Cons: 7.9096, Grad: 0.001830095371, RBA: 15.1397) | Val Loss: 21.5765 | MAE: 3.27 | Val_RBA: 6.21 | R²: 0.9626 ｜ R: 0.9827
2025-12-03 14:14:10,652 INFO The used dataset had no length, returning gathered tensors. You should drop the remainder yourself.
2025-12-03 14:14:10,723 INFO The used dataset had no length, returning gathered tensors. You should drop the remainder yourself.
2025-12-03 14:14:10,727 INFO Epoch 218/400 | LR: 2.48e-05 | Train Loss: 48.9311 (Main: 23.0956, Cons: 8.1770, Grad: 0.001866813860, RBA: 17.6566) | Val Loss: 23.3701 | MAE: 3.39 | Val_RBA: 7.54 | R²: 0.9593 ｜ R: 0.9818
2025-12-03 14:17:55,647 INFO The used dataset had no length, returning gathered tensors. You should drop the remainder yourself.
2025-12-03 14:17:55,698 INFO The used dataset had no length, returning gathered tensors. You should drop the remainder yourself.
2025-12-03 14:17:55,702 INFO Epoch 219/400 | LR: 3.73e-05 | Train Loss: 46.4718 (Main: 22.2785, Cons: 8.3650, Grad: 0.001885964083, RBA: 15.8264) | Val Loss: 21.6374 | MAE: 3.34 | Val_RBA: 7.72 | R²: 0.9624 ｜ R: 0.9825
2025-12-03 14:21:38,899 INFO The used dataset had no length, returning gathered tensors. You should drop the remainder yourself.
2025-12-03 14:21:38,953 INFO The used dataset had no length, returning gathered tensors. You should drop the remainder yourself.
2025-12-03 14:21:38,957 INFO Epoch 220/400 | LR: 8.06e-05 | Train Loss: 46.3847 (Main: 22.7771, Cons: 8.1582, Grad: 0.001830917658, RBA: 15.4476) | Val Loss: 41.6322 | MAE: 5.04 | Val_RBA: 7.91 | R²: 0.9266 ｜ R: 0.9765
2025-12-03 14:25:23,839 INFO The used dataset had no length, returning gathered tensors. You should drop the remainder yourself.
2025-12-03 14:25:23,896 INFO The used dataset had no length, returning gathered tensors. You should drop the remainder yourself.
2025-12-03 14:25:23,900 INFO Epoch 221/400 | LR: 1.80e-05 | Train Loss: 54.4415 (Main: 28.7487, Cons: 8.0172, Grad: 0.001792360076, RBA: 17.6737) | Val Loss: 24.4348 | MAE: 3.43 | Val_RBA: 6.14 | R²: 0.9571 ｜ R: 0.9795
2025-12-03 14:29:13,830 INFO The used dataset had no length, returning gathered tensors. You should drop the remainder yourself.
2025-12-03 14:29:13,904 INFO The used dataset had no length, returning gathered tensors. You should drop the remainder yourself.
2025-12-03 14:29:13,908 INFO Epoch 222/400 | LR: 1.57e-05 | Train Loss: 49.8965 (Main: 25.9916, Cons: 8.0688, Grad: 0.001823849287, RBA: 15.8343) | Val Loss: 24.8251 | MAE: 3.68 | Val_RBA: 7.62 | R²: 0.9568 ｜ R: 0.9818
2025-12-03 14:33:05,883 INFO The used dataset had no length, returning gathered tensors. You should drop the remainder yourself.
2025-12-03 14:33:05,939 INFO The used dataset had no length, returning gathered tensors. You should drop the remainder yourself.
2025-12-03 14:33:05,942 INFO Epoch 223/400 | LR: 2.95e-05 | Train Loss: 45.5248 (Main: 21.8766, Cons: 7.9679, Grad: 0.001817170742, RBA: 15.6784) | Val Loss: 22.6993 | MAE: 3.38 | Val_RBA: 6.97 | R²: 0.9607 ｜ R: 0.9822
2025-12-03 14:36:51,213 INFO The used dataset had no length, returning gathered tensors. You should drop the remainder yourself.
2025-12-03 14:36:51,257 INFO The used dataset had no length, returning gathered tensors. You should drop the remainder yourself.
2025-12-03 14:36:51,261 INFO Epoch 224/400 | LR: 1.01e-05 | Train Loss: 45.8524 (Main: 23.0772, Cons: 7.7814, Grad: 0.001761836966, RBA: 14.9921) | Val Loss: 25.8980 | MAE: 3.77 | Val_RBA: 6.93 | R²: 0.9548 ｜ R: 0.9813
2025-12-03 14:40:39,057 INFO The used dataset had no length, returning gathered tensors. You should drop the remainder yourself.
2025-12-03 14:40:39,122 INFO The used dataset had no length, returning gathered tensors. You should drop the remainder yourself.
2025-12-03 14:40:39,126 INFO Epoch 225/400 | LR: 2.40e-05 | Train Loss: 42.7618 (Main: 19.8662, Cons: 7.7740, Grad: 0.001838940247, RBA: 15.1197) | Val Loss: 23.4901 | MAE: 3.51 | Val_RBA: 6.77 | R²: 0.9591 ｜ R: 0.9820
2025-12-03 14:44:27,457 INFO The used dataset had no length, returning gathered tensors. You should drop the remainder yourself.
2025-12-03 14:44:27,502 INFO The used dataset had no length, returning gathered tensors. You should drop the remainder yourself.
2025-12-03 14:44:27,506 INFO Epoch 226/400 | LR: 9.90e-05 | Train Loss: 44.0808 (Main: 22.3441, Cons: 7.5451, Grad: 0.001893684634, RBA: 14.1897) | Val Loss: 32.5484 | MAE: 4.01 | Val_RBA: 6.24 | R²: 0.9436 ｜ R: 0.9801
2025-12-03 14:48:14,694 INFO The used dataset had no length, returning gathered tensors. You should drop the remainder yourself.
2025-12-03 14:48:14,759 INFO The used dataset had no length, returning gathered tensors. You should drop the remainder yourself.
2025-12-03 14:48:14,763 INFO Epoch 227/400 | LR: 2.59e-05 | Train Loss: 57.2997 (Main: 31.2786, Cons: 7.7824, Grad: 0.001654388916, RBA: 18.2371) | Val Loss: 56.4185 | MAE: 5.57 | Val_RBA: 9.03 | R²: 0.9000 ｜ R: 0.9669
2025-12-03 14:52:00,330 INFO The used dataset had no length, returning gathered tensors. You should drop the remainder yourself.
2025-12-03 14:52:00,385 INFO The used dataset had no length, returning gathered tensors. You should drop the remainder yourself.
2025-12-03 14:52:00,388 INFO Epoch 228/400 | LR: 3.61e-05 | Train Loss: 50.3490 (Main: 25.5376, Cons: 7.9636, Grad: 0.001737509863, RBA: 16.8460) | Val Loss: 21.8010 | MAE: 3.27 | Val_RBA: 8.76 | R²: 0.9623 ｜ R: 0.9823
2025-12-03 14:55:51,186 INFO The used dataset had no length, returning gathered tensors. You should drop the remainder yourself.
2025-12-03 14:55:51,245 INFO The used dataset had no length, returning gathered tensors. You should drop the remainder yourself.
2025-12-03 14:55:51,249 INFO Epoch 229/400 | LR: 1.98e-05 | Train Loss: 47.4528 (Main: 23.8755, Cons: 7.6796, Grad: 0.001699350825, RBA: 15.8959) | Val Loss: 24.1371 | MAE: 3.53 | Val_RBA: 7.80 | R²: 0.9583 ｜ R: 0.9822
2025-12-03 14:59:37,722 INFO The used dataset had no length, returning gathered tensors. You should drop the remainder yourself.
2025-12-03 14:59:37,759 INFO The used dataset had no length, returning gathered tensors. You should drop the remainder yourself.
2025-12-03 14:59:37,763 INFO Epoch 230/400 | LR: 2.27e-05 | Train Loss: 45.1892 (Main: 23.3691, Cons: 7.4847, Grad: 0.001745036186, RBA: 14.3336) | Val Loss: 23.6912 | MAE: 3.57 | Val_RBA: 8.08 | R²: 0.9589 ｜ R: 0.9822
2025-12-03 15:03:21,339 INFO The used dataset had no length, returning gathered tensors. You should drop the remainder yourself.
2025-12-03 15:03:21,386 INFO The used dataset had no length, returning gathered tensors. You should drop the remainder yourself.
2025-12-03 15:03:21,390 INFO Epoch 231/400 | LR: 3.17e-05 | Train Loss: 44.0584 (Main: 22.2564, Cons: 7.2901, Grad: 0.001853284956, RBA: 14.5101) | Val Loss: 22.4007 | MAE: 3.39 | Val_RBA: 6.16 | R²: 0.9612 ｜ R: 0.9824
2025-12-03 15:07:10,022 INFO The used dataset had no length, returning gathered tensors. You should drop the remainder yourself.
2025-12-03 15:07:10,054 INFO The used dataset had no length, returning gathered tensors. You should drop the remainder yourself.
2025-12-03 15:07:10,058 INFO Epoch 232/400 | LR: 3.20e-05 | Train Loss: 46.6807 (Main: 24.6195, Cons: 7.8757, Grad: 0.001802194405, RBA: 14.1838) | Val Loss: 22.3539 | MAE: 3.39 | Val_RBA: 6.30 | R²: 0.9613 ｜ R: 0.9829
2025-12-03 15:10:48,269 INFO The used dataset had no length, returning gathered tensors. You should drop the remainder yourself.
2025-12-03 15:10:48,305 INFO The used dataset had no length, returning gathered tensors. You should drop the remainder yourself.
2025-12-03 15:10:48,309 INFO Epoch 233/400 | LR: 4.33e-05 | Train Loss: 43.5625 (Main: 22.2472, Cons: 6.8956, Grad: 0.001796412264, RBA: 14.4179) | Val Loss: 20.8608 | MAE: 3.16 | Val_RBA: 7.59 | R²: 0.9637 ｜ R: 0.9827
2025-12-03 15:10:48,379 INFO Checkpoint saved at epoch 232
2025-12-03 15:14:23,851 INFO The used dataset had no length, returning gathered tensors. You should drop the remainder yourself.
2025-12-03 15:14:23,892 INFO The used dataset had no length, returning gathered tensors. You should drop the remainder yourself.
2025-12-03 15:14:23,896 INFO Epoch 234/400 | LR: 5.29e-06 | Train Loss: 42.7404 (Main: 21.1791, Cons: 7.3063, Grad: 0.001735250115, RBA: 14.2532) | Val Loss: 27.0718 | MAE: 3.80 | Val_RBA: 8.50 | R²: 0.9530 ｜ R: 0.9810
2025-12-03 15:17:59,489 INFO The used dataset had no length, returning gathered tensors. You should drop the remainder yourself.
2025-12-03 15:17:59,535 INFO The used dataset had no length, returning gathered tensors. You should drop the remainder yourself.
2025-12-03 15:17:59,539 INFO Epoch 235/400 | LR: 3.26e-05 | Train Loss: 43.3436 (Main: 21.2879, Cons: 7.4571, Grad: 0.001743329676, RBA: 14.5968) | Val Loss: 22.2696 | MAE: 3.41 | Val_RBA: 7.81 | R²: 0.9614 ｜ R: 0.9828
2025-12-03 15:21:38,063 INFO The used dataset had no length, returning gathered tensors. You should drop the remainder yourself.
2025-12-03 15:21:38,091 INFO The used dataset had no length, returning gathered tensors. You should drop the remainder yourself.
2025-12-03 15:21:38,098 INFO Epoch 236/400 | LR: 4.27e-05 | Train Loss: 44.3574 (Main: 23.0991, Cons: 6.8946, Grad: 0.001789617909, RBA: 14.3620) | Val Loss: 20.9338 | MAE: 3.22 | Val_RBA: 6.43 | R²: 0.9635 ｜ R: 0.9831
2025-12-03 15:25:17,218 INFO The used dataset had no length, returning gathered tensors. You should drop the remainder yourself.
2025-12-03 15:25:17,281 INFO The used dataset had no length, returning gathered tensors. You should drop the remainder yourself.
2025-12-03 15:25:17,285 INFO Epoch 237/400 | LR: 3.00e-05 | Train Loss: 45.8775 (Main: 24.1489, Cons: 7.2464, Grad: 0.001776411248, RBA: 14.4804) | Val Loss: 22.6299 | MAE: 3.41 | Val_RBA: 7.27 | R²: 0.9606 ｜ R: 0.9822
2025-12-03 15:28:54,462 INFO The used dataset had no length, returning gathered tensors. You should drop the remainder yourself.
2025-12-03 15:28:54,517 INFO The used dataset had no length, returning gathered tensors. You should drop the remainder yourself.
2025-12-03 15:28:54,521 INFO Epoch 238/400 | LR: 2.31e-05 | Train Loss: 41.3414 (Main: 20.7419, Cons: 7.1966, Grad: 0.001679966718, RBA: 13.4012) | Val Loss: 23.6334 | MAE: 3.36 | Val_RBA: 5.94 | R²: 0.9588 ｜ R: 0.9815
2025-12-03 15:32:31,091 INFO The used dataset had no length, returning gathered tensors. You should drop the remainder yourself.
2025-12-03 15:32:31,138 INFO The used dataset had no length, returning gathered tensors. You should drop the remainder yourself.
2025-12-03 15:32:31,142 INFO Epoch 239/400 | LR: 2.51e-05 | Train Loss: 39.0482 (Main: 19.6677, Cons: 6.8810, Grad: 0.001714140532, RBA: 12.4978) | Val Loss: 23.3338 | MAE: 3.52 | Val_RBA: 7.32 | R²: 0.9597 ｜ R: 0.9829
2025-12-03 15:36:06,983 INFO The used dataset had no length, returning gathered tensors. You should drop the remainder yourself.
2025-12-03 15:36:07,030 INFO The used dataset had no length, returning gathered tensors. You should drop the remainder yourself.
2025-12-03 15:36:07,034 INFO Epoch 240/400 | LR: 4.73e-05 | Train Loss: 41.9119 (Main: 21.3324, Cons: 7.1724, Grad: 0.001763960169, RBA: 13.4054) | Val Loss: 20.3463 | MAE: 3.14 | Val_RBA: 5.87 | R²: 0.9646 ｜ R: 0.9832
2025-12-03 15:36:07,096 INFO Checkpoint saved at epoch 239
2025-12-03 15:39:47,356 INFO The used dataset had no length, returning gathered tensors. You should drop the remainder yourself.
2025-12-03 15:39:47,391 INFO The used dataset had no length, returning gathered tensors. You should drop the remainder yourself.
2025-12-03 15:39:47,395 INFO Epoch 241/400 | LR: 4.07e-05 | Train Loss: 42.0309 (Main: 23.2863, Cons: 6.7597, Grad: 0.001640270666, RBA: 11.9832) | Val Loss: 21.1969 | MAE: 3.27 | Val_RBA: 7.72 | R²: 0.9631 ｜ R: 0.9830
2025-12-03 15:43:23,782 INFO The used dataset had no length, returning gathered tensors. You should drop the remainder yourself.
2025-12-03 15:43:23,852 INFO The used dataset had no length, returning gathered tensors. You should drop the remainder yourself.
2025-12-03 15:43:23,856 INFO Epoch 242/400 | LR: 1.28e-05 | Train Loss: 40.7896 (Main: 21.1059, Cons: 6.5469, Grad: 0.001641018105, RBA: 13.1351) | Val Loss: 25.3578 | MAE: 3.77 | Val_RBA: 6.94 | R²: 0.9556 ｜ R: 0.9822
2025-12-03 15:47:00,351 INFO The used dataset had no length, returning gathered tensors. You should drop the remainder yourself.
2025-12-03 15:47:00,390 INFO The used dataset had no length, returning gathered tensors. You should drop the remainder yourself.
2025-12-03 15:47:00,393 INFO Epoch 243/400 | LR: 3.82e-05 | Train Loss: 34.8076 (Main: 17.1190, Cons: 6.4117, Grad: 0.001704095026, RBA: 11.2752) | Val Loss: 21.5188 | MAE: 3.18 | Val_RBA: 6.48 | R²: 0.9627 ｜ R: 0.9829
2025-12-03 15:50:38,601 INFO The used dataset had no length, returning gathered tensors. You should drop the remainder yourself.
2025-12-03 15:50:38,638 INFO The used dataset had no length, returning gathered tensors. You should drop the remainder yourself.
2025-12-03 15:50:38,642 INFO Epoch 244/400 | LR: 4.17e-05 | Train Loss: 39.9296 (Main: 20.3184, Cons: 6.5387, Grad: 0.001664901096, RBA: 13.0708) | Val Loss: 21.0639 | MAE: 3.13 | Val_RBA: 5.65 | R²: 0.9633 ｜ R: 0.9823
2025-12-03 15:50:38,713 INFO Checkpoint saved at epoch 243
2025-12-03 15:54:14,908 INFO The used dataset had no length, returning gathered tensors. You should drop the remainder yourself.
2025-12-03 15:54:14,974 INFO The used dataset had no length, returning gathered tensors. You should drop the remainder yourself.
2025-12-03 15:54:14,978 INFO Epoch 245/400 | LR: 3.39e-07 | Train Loss: 39.6785 (Main: 20.4749, Cons: 6.8194, Grad: 0.001680140736, RBA: 12.3824) | Val Loss: 29.3773 | MAE: 4.27 | Val_RBA: 6.99 | R²: 0.9486 ｜ R: 0.9818
2025-12-03 15:57:50,407 INFO The used dataset had no length, returning gathered tensors. You should drop the remainder yourself.
2025-12-03 15:57:50,459 INFO The used dataset had no length, returning gathered tensors. You should drop the remainder yourself.
2025-12-03 15:57:50,463 INFO Epoch 246/400 | LR: 4.51e-05 | Train Loss: 37.5334 (Main: 18.1896, Cons: 6.3909, Grad: 0.001658009198, RBA: 12.9514) | Val Loss: 20.6365 | MAE: 3.17 | Val_RBA: 5.97 | R²: 0.9642 ｜ R: 0.9831
2025-12-03 16:01:29,051 INFO The used dataset had no length, returning gathered tensors. You should drop the remainder yourself.
2025-12-03 16:01:29,124 INFO The used dataset had no length, returning gathered tensors. You should drop the remainder yourself.
2025-12-03 16:01:29,128 INFO Epoch 247/400 | LR: 9.08e-05 | Train Loss: 42.4076 (Main: 22.8450, Cons: 6.5399, Grad: 0.001703337853, RBA: 13.0210) | Val Loss: 37.8464 | MAE: 4.90 | Val_RBA: 7.17 | R²: 0.9334 ｜ R: 0.9790
2025-12-03 16:05:07,452 INFO The used dataset had no length, returning gathered tensors. You should drop the remainder yourself.
2025-12-03 16:05:07,486 INFO The used dataset had no length, returning gathered tensors. You should drop the remainder yourself.
2025-12-03 16:05:07,490 INFO Epoch 248/400 | LR: 9.82e-05 | Train Loss: 51.0901 (Main: 29.5480, Cons: 6.4452, Grad: 0.001568538711, RBA: 15.0954) | Val Loss: 33.4176 | MAE: 3.92 | Val_RBA: 8.15 | R²: 0.9411 ｜ R: 0.9759
2025-12-03 16:08:44,264 INFO The used dataset had no length, returning gathered tensors. You should drop the remainder yourself.
2025-12-03 16:08:44,335 INFO The used dataset had no length, returning gathered tensors. You should drop the remainder yourself.
2025-12-03 16:08:44,339 INFO Epoch 249/400 | LR: 1.90e-05 | Train Loss: 54.8458 (Main: 32.8364, Cons: 6.3928, Grad: 0.001516570428, RBA: 15.6151) | Val Loss: 24.2624 | MAE: 3.41 | Val_RBA: 8.05 | R²: 0.9574 ｜ R: 0.9799
2025-12-03 16:12:19,304 INFO The used dataset had no length, returning gathered tensors. You should drop the remainder yourself.
2025-12-03 16:12:19,378 INFO The used dataset had no length, returning gathered tensors. You should drop the remainder yourself.
2025-12-03 16:12:19,381 INFO Epoch 250/400 | LR: 4.18e-05 | Train Loss: 38.5413 (Main: 20.2843, Cons: 5.8640, Grad: 0.001462204995, RBA: 12.3916) | Val Loss: 21.0578 | MAE: 3.28 | Val_RBA: 7.47 | R²: 0.9634 ｜ R: 0.9830
2025-12-03 16:16:00,349 INFO The used dataset had no length, returning gathered tensors. You should drop the remainder yourself.
2025-12-03 16:16:00,395 INFO The used dataset had no length, returning gathered tensors. You should drop the remainder yourself.
2025-12-03 16:16:00,399 INFO Epoch 251/400 | LR: 4.44e-05 | Train Loss: 38.2996 (Main: 20.1867, Cons: 6.2533, Grad: 0.001401779167, RBA: 11.8582) | Val Loss: 20.7166 | MAE: 3.16 | Val_RBA: 6.46 | R²: 0.9640 ｜ R: 0.9829
2025-12-03 16:19:36,872 INFO The used dataset had no length, returning gathered tensors. You should drop the remainder yourself.
2025-12-03 16:19:36,918 INFO The used dataset had no length, returning gathered tensors. You should drop the remainder yourself.
2025-12-03 16:19:36,921 INFO Epoch 252/400 | LR: 2.51e-05 | Train Loss: 39.0541 (Main: 20.3210, Cons: 6.2366, Grad: 0.001480653917, RBA: 12.4950) | Val Loss: 23.3363 | MAE: 3.47 | Val_RBA: 7.06 | R²: 0.9593 ｜ R: 0.9820
2025-12-03 16:23:15,678 INFO The used dataset had no length, returning gathered tensors. You should drop the remainder yourself.
2025-12-03 16:23:15,724 INFO The used dataset had no length, returning gathered tensors. You should drop the remainder yourself.
2025-12-03 16:23:15,728 INFO Epoch 253/400 | LR: 4.31e-05 | Train Loss: 35.9922 (Main: 18.6361, Cons: 5.8922, Grad: 0.001473482524, RBA: 11.4624) | Val Loss: 20.8885 | MAE: 3.13 | Val_RBA: 6.51 | R²: 0.9636 ｜ R: 0.9831
2025-12-03 16:26:49,346 INFO The used dataset had no length, returning gathered tensors. You should drop the remainder yourself.
2025-12-03 16:26:49,412 INFO The used dataset had no length, returning gathered tensors. You should drop the remainder yourself.
2025-12-03 16:26:49,416 INFO Epoch 254/400 | LR: 2.79e-05 | Train Loss: 41.5205 (Main: 23.3477, Cons: 5.9993, Grad: 0.001467087137, RBA: 12.1721) | Val Loss: 22.9309 | MAE: 3.41 | Val_RBA: 7.32 | R²: 0.9601 ｜ R: 0.9820
2025-12-03 16:30:30,147 INFO The used dataset had no length, returning gathered tensors. You should drop the remainder yourself.
2025-12-03 16:30:30,198 INFO The used dataset had no length, returning gathered tensors. You should drop the remainder yourself.
2025-12-03 16:30:30,202 INFO Epoch 255/400 | LR: 1.87e-05 | Train Loss: 34.9436 (Main: 17.9673, Cons: 6.0257, Grad: 0.001511261699, RBA: 10.9491) | Val Loss: 24.3118 | MAE: 3.43 | Val_RBA: 7.52 | R²: 0.9581 ｜ R: 0.9834
2025-12-03 16:34:06,700 INFO The used dataset had no length, returning gathered tensors. You should drop the remainder yourself.
2025-12-03 16:34:06,749 INFO The used dataset had no length, returning gathered tensors. You should drop the remainder yourself.
2025-12-03 16:34:06,753 INFO Epoch 256/400 | LR: 3.47e-05 | Train Loss: 35.1050 (Main: 18.3651, Cons: 5.8703, Grad: 0.001510644314, RBA: 10.8681) | Val Loss: 21.9853 | MAE: 3.39 | Val_RBA: 8.54 | R²: 0.9619 ｜ R: 0.9827
2025-12-03 16:37:51,447 INFO The used dataset had no length, returning gathered tensors. You should drop the remainder yourself.
2025-12-03 16:37:51,511 INFO The used dataset had no length, returning gathered tensors. You should drop the remainder yourself.
2025-12-03 16:37:51,515 INFO Epoch 257/400 | LR: 4.06e-05 | Train Loss: 38.5923 (Main: 21.4474, Cons: 5.8443, Grad: 0.001518428217, RBA: 11.2991) | Val Loss: 21.2076 | MAE: 3.18 | Val_RBA: 8.59 | R²: 0.9630 ｜ R: 0.9831
2025-12-03 16:41:27,294 INFO The used dataset had no length, returning gathered tensors. You should drop the remainder yourself.
2025-12-03 16:41:27,355 INFO The used dataset had no length, returning gathered tensors. You should drop the remainder yourself.
2025-12-03 16:41:27,359 INFO Epoch 258/400 | LR: 3.82e-05 | Train Loss: 37.0422 (Main: 20.0144, Cons: 5.7422, Grad: 0.001532265136, RBA: 11.2841) | Val Loss: 21.5261 | MAE: 3.33 | Val_RBA: 7.61 | R²: 0.9624 ｜ R: 0.9834
2025-12-03 16:45:05,716 INFO The used dataset had no length, returning gathered tensors. You should drop the remainder yourself.
2025-12-03 16:45:05,759 INFO The used dataset had no length, returning gathered tensors. You should drop the remainder yourself.
2025-12-03 16:45:05,762 INFO Epoch 259/400 | LR: 1.00e-04 | Train Loss: 37.3395 (Main: 20.9470, Cons: 5.7337, Grad: 0.001511546114, RBA: 10.6573) | Val Loss: 30.3567 | MAE: 3.97 | Val_RBA: 6.56 | R²: 0.9469 ｜ R: 0.9786
2025-12-03 16:48:42,917 INFO The used dataset had no length, returning gathered tensors. You should drop the remainder yourself.
2025-12-03 16:48:42,988 INFO The used dataset had no length, returning gathered tensors. You should drop the remainder yourself.
2025-12-03 16:48:42,992 INFO Epoch 260/400 | LR: 4.72e-06 | Train Loss: 46.9377 (Main: 28.4851, Cons: 5.6657, Grad: 0.001354721220, RBA: 12.7856) | Val Loss: 27.2414 | MAE: 3.70 | Val_RBA: 8.51 | R²: 0.9527 ｜ R: 0.9795
2025-12-03 16:52:20,474 INFO The used dataset had no length, returning gathered tensors. You should drop the remainder yourself.
2025-12-03 16:52:20,504 INFO The used dataset had no length, returning gathered tensors. You should drop the remainder yourself.
2025-12-03 16:52:20,510 INFO Epoch 261/400 | LR: 1.91e-05 | Train Loss: 38.6837 (Main: 21.0033, Cons: 5.8572, Grad: 0.001301383771, RBA: 11.8219) | Val Loss: 24.2510 | MAE: 3.57 | Val_RBA: 7.83 | R²: 0.9576 ｜ R: 0.9816
2025-12-03 16:55:57,615 INFO The used dataset had no length, returning gathered tensors. You should drop the remainder yourself.
2025-12-03 16:55:57,680 INFO The used dataset had no length, returning gathered tensors. You should drop the remainder yourself.
2025-12-03 16:55:57,684 INFO Epoch 262/400 | LR: 3.30e-05 | Train Loss: 35.3305 (Main: 19.0593, Cons: 5.4033, Grad: 0.001309082460, RBA: 10.8666) | Val Loss: 22.2142 | MAE: 3.39 | Val_RBA: 8.59 | R²: 0.9615 ｜ R: 0.9833
2025-12-03 16:59:33,428 INFO The used dataset had no length, returning gathered tensors. You should drop the remainder yourself.
2025-12-03 16:59:33,494 INFO The used dataset had no length, returning gathered tensors. You should drop the remainder yourself.
2025-12-03 16:59:33,498 INFO Epoch 263/400 | LR: 4.10e-05 | Train Loss: 37.7192 (Main: 21.6582, Cons: 5.3969, Grad: 0.001404135057, RBA: 10.6626) | Val Loss: 21.1639 | MAE: 3.18 | Val_RBA: 8.42 | R²: 0.9633 ｜ R: 0.9834
2025-12-03 17:03:16,355 INFO The used dataset had no length, returning gathered tensors. You should drop the remainder yourself.
2025-12-03 17:03:16,412 INFO The used dataset had no length, returning gathered tensors. You should drop the remainder yourself.
2025-12-03 17:03:16,416 INFO Epoch 264/400 | LR: 2.08e-05 | Train Loss: 34.8391 (Main: 18.5410, Cons: 5.4598, Grad: 0.001411820054, RBA: 10.8370) | Val Loss: 23.9759 | MAE: 3.54 | Val_RBA: 8.82 | R²: 0.9584 ｜ R: 0.9834
2025-12-03 17:06:55,162 INFO The used dataset had no length, returning gathered tensors. You should drop the remainder yourself.
2025-12-03 17:06:55,219 INFO The used dataset had no length, returning gathered tensors. You should drop the remainder yourself.
2025-12-03 17:06:55,223 INFO Epoch 265/400 | LR: 5.18e-05 | Train Loss: 32.6330 (Main: 16.6446, Cons: 5.8823, Grad: 0.001340538675, RBA: 10.1048) | Val Loss: 19.7789 | MAE: 3.13 | Val_RBA: 8.07 | R²: 0.9657 ｜ R: 0.9839
2025-12-03 17:10:31,814 INFO The used dataset had no length, returning gathered tensors. You should drop the remainder yourself.
2025-12-03 17:10:31,893 INFO The used dataset had no length, returning gathered tensors. You should drop the remainder yourself.
2025-12-03 17:10:31,899 INFO Epoch 266/400 | LR: 7.58e-07 | Train Loss: 35.5960 (Main: 19.8580, Cons: 5.1822, Grad: 0.001421995741, RBA: 10.5544) | Val Loss: 28.9659 | MAE: 3.80 | Val_RBA: 9.48 | R²: 0.9498 ｜ R: 0.9828
2025-12-03 17:14:09,507 INFO The used dataset had no length, returning gathered tensors. You should drop the remainder yourself.
2025-12-03 17:14:09,555 INFO The used dataset had no length, returning gathered tensors. You should drop the remainder yourself.
2025-12-03 17:14:09,560 INFO Epoch 267/400 | LR: 4.65e-05 | Train Loss: 35.8328 (Main: 19.9932, Cons: 5.5764, Grad: 0.001318505689, RBA: 10.2618) | Val Loss: 20.4555 | MAE: 3.18 | Val_RBA: 7.28 | R²: 0.9644 ｜ R: 0.9835
2025-12-03 17:17:45,486 INFO The used dataset had no length, returning gathered tensors. You should drop the remainder yourself.
2025-12-03 17:17:45,534 INFO The used dataset had no length, returning gathered tensors. You should drop the remainder yourself.
2025-12-03 17:17:45,537 INFO Epoch 268/400 | LR: 3.87e-05 | Train Loss: 37.0898 (Main: 20.9776, Cons: 5.4152, Grad: 0.001360621897, RBA: 10.6956) | Val Loss: 21.4565 | MAE: 3.21 | Val_RBA: 7.95 | R²: 0.9628 ｜ R: 0.9831
2025-12-03 17:21:24,362 INFO The used dataset had no length, returning gathered tensors. You should drop the remainder yourself.
2025-12-03 17:21:24,394 INFO The used dataset had no length, returning gathered tensors. You should drop the remainder yourself.
2025-12-03 17:21:24,398 INFO Epoch 269/400 | LR: 3.62e-05 | Train Loss: 31.2972 (Main: 16.8424, Cons: 5.2107, Grad: 0.001314360600, RBA: 9.2428) | Val Loss: 21.7909 | MAE: 3.31 | Val_RBA: 6.64 | R²: 0.9623 ｜ R: 0.9833
2025-12-03 17:25:04,871 INFO The used dataset had no length, returning gathered tensors. You should drop the remainder yourself.
2025-12-03 17:25:04,941 INFO The used dataset had no length, returning gathered tensors. You should drop the remainder yourself.
2025-12-03 17:25:04,945 INFO Epoch 270/400 | LR: 1.06e-05 | Train Loss: 35.8199 (Main: 19.8247, Cons: 5.4873, Grad: 0.001352269321, RBA: 10.5066) | Val Loss: 25.7939 | MAE: 3.64 | Val_RBA: 7.03 | R²: 0.9550 ｜ R: 0.9812
2025-12-03 17:28:43,040 INFO The used dataset had no length, returning gathered tensors. You should drop the remainder yourself.
2025-12-03 17:28:43,092 INFO The used dataset had no length, returning gathered tensors. You should drop the remainder yourself.
2025-12-03 17:28:43,095 INFO Epoch 271/400 | LR: 3.21e-05 | Train Loss: 30.3967 (Main: 15.1159, Cons: 5.3514, Grad: 0.001389883937, RBA: 9.9281) | Val Loss: 22.3347 | MAE: 3.43 | Val_RBA: 7.57 | R²: 0.9613 ｜ R: 0.9832
2025-12-03 17:32:22,724 INFO The used dataset had no length, returning gathered tensors. You should drop the remainder yourself.
2025-12-03 17:32:22,790 INFO The used dataset had no length, returning gathered tensors. You should drop the remainder yourself.
2025-12-03 17:32:22,794 INFO Epoch 272/400 | LR: 9.98e-05 | Train Loss: 34.5797 (Main: 19.1549, Cons: 5.2827, Grad: 0.001374900028, RBA: 10.1407) | Val Loss: 31.1818 | MAE: 3.92 | Val_RBA: 7.99 | R²: 0.9457 ｜ R: 0.9798
2025-12-03 17:36:00,857 INFO The used dataset had no length, returning gathered tensors. You should drop the remainder yourself.
2025-12-03 17:36:00,896 INFO The used dataset had no length, returning gathered tensors. You should drop the remainder yourself.
2025-12-03 17:36:00,901 INFO Epoch 273/400 | LR: 8.66e-05 | Train Loss: 42.0935 (Main: 26.2329, Cons: 4.7658, Grad: 0.001238348375, RBA: 11.0935) | Val Loss: 39.5328 | MAE: 4.16 | Val_RBA: 9.13 | R²: 0.9308 ｜ R: 0.9702
2025-12-03 17:39:37,127 INFO The used dataset had no length, returning gathered tensors. You should drop the remainder yourself.
2025-12-03 17:39:37,197 INFO The used dataset had no length, returning gathered tensors. You should drop the remainder yourself.
2025-12-03 17:39:37,201 INFO Epoch 274/400 | LR: 2.40e-05 | Train Loss: 38.0621 (Main: 22.0842, Cons: 5.2032, Grad: 0.001226455577, RBA: 10.7734) | Val Loss: 23.4937 | MAE: 3.30 | Val_RBA: 5.83 | R²: 0.9591 ｜ R: 0.9804
2025-12-03 17:43:12,558 INFO The used dataset had no length, returning gathered tensors. You should drop the remainder yourself.
2025-12-03 17:43:12,625 INFO The used dataset had no length, returning gathered tensors. You should drop the remainder yourself.
2025-12-03 17:43:12,629 INFO Epoch 275/400 | LR: 4.70e-05 | Train Loss: 33.5589 (Main: 19.2430, Cons: 4.6852, Grad: 0.001174945294, RBA: 9.6296) | Val Loss: 20.3899 | MAE: 3.14 | Val_RBA: 6.38 | R²: 0.9646 ｜ R: 0.9841
2025-12-03 17:46:53,117 INFO The used dataset had no length, returning gathered tensors. You should drop the remainder yourself.
2025-12-03 17:46:53,165 INFO The used dataset had no length, returning gathered tensors. You should drop the remainder yourself.
2025-12-03 17:46:53,169 INFO Epoch 276/400 | LR: 9.93e-05 | Train Loss: 32.5963 (Main: 18.2594, Cons: 5.0394, Grad: 0.001229033875, RBA: 9.2963) | Val Loss: 32.1189 | MAE: 4.38 | Val_RBA: 8.76 | R²: 0.9443 ｜ R: 0.9801
2025-12-03 17:50:32,102 INFO The used dataset had no length, returning gathered tensors. You should drop the remainder yourself.
2025-12-03 17:50:32,143 INFO The used dataset had no length, returning gathered tensors. You should drop the remainder yourself.
2025-12-03 17:50:32,147 INFO Epoch 277/400 | LR: 8.50e-05 | Train Loss: 38.2971 (Main: 23.3460, Cons: 4.5359, Grad: 0.001241463263, RBA: 10.4140) | Val Loss: 90.2729 | MAE: 6.68 | Val_RBA: 10.82 | R²: 0.8428 ｜ R: 0.9594
2025-12-03 17:54:08,225 INFO The used dataset had no length, returning gathered tensors. You should drop the remainder yourself.
2025-12-03 17:54:08,291 INFO The used dataset had no length, returning gathered tensors. You should drop the remainder yourself.
2025-12-03 17:54:08,295 INFO Epoch 278/400 | LR: 2.78e-05 | Train Loss: 37.0519 (Main: 21.6196, Cons: 4.6978, Grad: 0.001122567220, RBA: 10.7334) | Val Loss: 22.9395 | MAE: 3.36 | Val_RBA: 10.30 | R²: 0.9602 ｜ R: 0.9817
2025-12-03 17:57:57,520 INFO The used dataset had no length, returning gathered tensors. You should drop the remainder yourself.
2025-12-03 17:57:57,595 INFO The used dataset had no length, returning gathered tensors. You should drop the remainder yourself.
2025-12-03 17:57:57,599 INFO Epoch 279/400 | LR: 4.46e-05 | Train Loss: 31.8155 (Main: 18.0935, Cons: 4.7791, Grad: 0.001143685836, RBA: 8.9417) | Val Loss: 20.6943 | MAE: 3.27 | Val_RBA: 7.41 | R²: 0.9640 ｜ R: 0.9838
2025-12-03 18:01:43,417 INFO The used dataset had no length, returning gathered tensors. You should drop the remainder yourself.
2025-12-03 18:01:43,460 INFO The used dataset had no length, returning gathered tensors. You should drop the remainder yourself.
2025-12-03 18:01:43,463 INFO Epoch 280/400 | LR: 2.92e-05 | Train Loss: 32.2256 (Main: 19.1137, Cons: 4.6535, Grad: 0.001136050355, RBA: 8.4573) | Val Loss: 22.7374 | MAE: 3.59 | Val_RBA: 9.17 | R²: 0.9603 ｜ R: 0.9835
2025-12-03 18:05:32,080 INFO The used dataset had no length, returning gathered tensors. You should drop the remainder yourself.
2025-12-03 18:05:32,129 INFO The used dataset had no length, returning gathered tensors. You should drop the remainder yourself.
2025-12-03 18:05:32,133 INFO Epoch 281/400 | LR: 1.74e-05 | Train Loss: 31.3863 (Main: 18.8058, Cons: 4.5550, Grad: 0.001211383510, RBA: 8.0243) | Val Loss: 24.5424 | MAE: 3.66 | Val_RBA: 9.76 | R²: 0.9573 ｜ R: 0.9826
2025-12-03 18:09:18,277 INFO The used dataset had no length, returning gathered tensors. You should drop the remainder yourself.
2025-12-03 18:09:18,307 INFO The used dataset had no length, returning gathered tensors. You should drop the remainder yourself.
2025-12-03 18:09:18,312 INFO Epoch 282/400 | LR: 4.55e-05 | Train Loss: 29.7732 (Main: 16.3319, Cons: 4.5591, Grad: 0.001210330614, RBA: 8.8809) | Val Loss: 20.5811 | MAE: 3.19 | Val_RBA: 7.26 | R²: 0.9643 ｜ R: 0.9839
2025-12-03 18:13:03,637 INFO The used dataset had no length, returning gathered tensors. You should drop the remainder yourself.
2025-12-03 18:13:03,709 INFO The used dataset had no length, returning gathered tensors. You should drop the remainder yourself.
2025-12-03 18:13:03,713 INFO Epoch 283/400 | LR: 4.76e-05 | Train Loss: 32.8308 (Main: 20.1314, Cons: 4.7258, Grad: 0.001167343233, RBA: 7.9724) | Val Loss: 20.3119 | MAE: 3.13 | Val_RBA: 10.67 | R²: 0.9647 ｜ R: 0.9832
2025-12-03 18:16:50,288 INFO The used dataset had no length, returning gathered tensors. You should drop the remainder yourself.
2025-12-03 18:16:50,356 INFO The used dataset had no length, returning gathered tensors. You should drop the remainder yourself.
2025-12-03 18:16:50,359 INFO Epoch 284/400 | LR: 4.09e-05 | Train Loss: 31.5182 (Main: 18.6119, Cons: 4.4373, Grad: 0.001151506422, RBA: 8.4678) | Val Loss: 21.1724 | MAE: 3.33 | Val_RBA: 6.97 | R²: 0.9632 ｜ R: 0.9837
2025-12-03 18:20:36,298 INFO The used dataset had no length, returning gathered tensors. You should drop the remainder yourself.
2025-12-03 18:20:36,363 INFO The used dataset had no length, returning gathered tensors. You should drop the remainder yourself.
2025-12-03 18:20:36,367 INFO Epoch 285/400 | LR: 2.70e-05 | Train Loss: 30.5747 (Main: 18.2339, Cons: 4.2712, Grad: 0.001184216960, RBA: 8.0684) | Val Loss: 23.0547 | MAE: 3.47 | Val_RBA: 9.11 | R²: 0.9600 ｜ R: 0.9827
2025-12-03 18:24:25,852 INFO The used dataset had no length, returning gathered tensors. You should drop the remainder yourself.
2025-12-03 18:24:25,905 INFO The used dataset had no length, returning gathered tensors. You should drop the remainder yourself.
2025-12-03 18:24:25,909 INFO Epoch 286/400 | LR: 5.12e-05 | Train Loss: 29.4223 (Main: 16.9146, Cons: 4.2817, Grad: 0.001194258245, RBA: 8.2248) | Val Loss: 19.8500 | MAE: 3.15 | Val_RBA: 7.77 | R²: 0.9654 ｜ R: 0.9841
2025-12-03 18:28:09,467 INFO The used dataset had no length, returning gathered tensors. You should drop the remainder yourself.
2025-12-03 18:28:09,510 INFO The used dataset had no length, returning gathered tensors. You should drop the remainder yourself.
2025-12-03 18:28:09,514 INFO Epoch 287/400 | LR: 2.46e-06 | Train Loss: 34.3656 (Main: 21.3289, Cons: 4.2478, Grad: 0.001147601876, RBA: 8.7878) | Val Loss: 28.0362 | MAE: 3.69 | Val_RBA: 8.21 | R²: 0.9516 ｜ R: 0.9827
2025-12-03 18:31:58,009 INFO The used dataset had no length, returning gathered tensors. You should drop the remainder yourself.
2025-12-03 18:31:58,067 INFO The used dataset had no length, returning gathered tensors. You should drop the remainder yourself.
2025-12-03 18:31:58,071 INFO Epoch 288/400 | LR: 4.19e-05 | Train Loss: 29.9841 (Main: 17.9449, Cons: 4.3253, Grad: 0.001128679918, RBA: 7.7128) | Val Loss: 21.0450 | MAE: 3.34 | Val_RBA: 6.52 | R²: 0.9634 ｜ R: 0.9841
2025-12-03 18:35:56,592 INFO The used dataset had no length, returning gathered tensors. You should drop the remainder yourself.
2025-12-03 18:35:56,669 INFO The used dataset had no length, returning gathered tensors. You should drop the remainder yourself.
2025-12-03 18:35:56,672 INFO Epoch 289/400 | LR: 2.81e-05 | Train Loss: 28.1865 (Main: 16.1820, Cons: 4.4124, Grad: 0.001075147450, RBA: 7.5910) | Val Loss: 22.8978 | MAE: 3.35 | Val_RBA: 6.74 | R²: 0.9599 ｜ R: 0.9823
2025-12-03 18:39:48,752 INFO The used dataset had no length, returning gathered tensors. You should drop the remainder yourself.
2025-12-03 18:39:48,823 INFO The used dataset had no length, returning gathered tensors. You should drop the remainder yourself.
2025-12-03 18:39:48,827 INFO Epoch 290/400 | LR: 4.55e-05 | Train Loss: 30.5236 (Main: 18.3750, Cons: 4.3767, Grad: 0.001109683326, RBA: 7.7709) | Val Loss: 20.5796 | MAE: 3.30 | Val_RBA: 6.23 | R²: 0.9640 ｜ R: 0.9840
2025-12-03 18:43:46,966 INFO The used dataset had no length, returning gathered tensors. You should drop the remainder yourself.
2025-12-03 18:43:47,025 INFO The used dataset had no length, returning gathered tensors. You should drop the remainder yourself.
2025-12-03 18:43:47,029 INFO Epoch 291/400 | LR: 2.81e-05 | Train Loss: 30.0445 (Main: 18.5195, Cons: 3.9784, Grad: 0.001122035636, RBA: 7.5455) | Val Loss: 22.8976 | MAE: 3.56 | Val_RBA: 8.12 | R²: 0.9599 ｜ R: 0.9836
2025-12-03 18:47:39,280 INFO The used dataset had no length, returning gathered tensors. You should drop the remainder yourself.
2025-12-03 18:47:39,363 INFO The used dataset had no length, returning gathered tensors. You should drop the remainder yourself.
2025-12-03 18:47:39,366 INFO Epoch 292/400 | LR: 5.16e-05 | Train Loss: 27.7310 (Main: 16.2715, Cons: 4.0936, Grad: 0.001099717670, RBA: 7.3647) | Val Loss: 19.8003 | MAE: 3.07 | Val_RBA: 5.80 | R²: 0.9655 ｜ R: 0.9839
2025-12-03 18:47:39,430 INFO Checkpoint saved at epoch 291
2025-12-03 18:51:29,321 INFO The used dataset had no length, returning gathered tensors. You should drop the remainder yourself.
2025-12-03 18:51:29,374 INFO The used dataset had no length, returning gathered tensors. You should drop the remainder yourself.
2025-12-03 18:51:29,378 INFO Epoch 293/400 | LR: 4.82e-05 | Train Loss: 29.2757 (Main: 17.6312, Cons: 4.1539, Grad: 0.001104873213, RBA: 7.4895) | Val Loss: 20.2298 | MAE: 3.17 | Val_RBA: 7.99 | R²: 0.9648 ｜ R: 0.9840
2025-12-03 18:55:23,613 INFO The used dataset had no length, returning gathered tensors. You should drop the remainder yourself.
2025-12-03 18:55:23,668 INFO The used dataset had no length, returning gathered tensors. You should drop the remainder yourself.
2025-12-03 18:55:23,672 INFO Epoch 294/400 | LR: 2.19e-05 | Train Loss: 27.6896 (Main: 16.5961, Cons: 3.8411, Grad: 0.001187620261, RBA: 7.2513) | Val Loss: 23.8069 | MAE: 3.52 | Val_RBA: 7.14 | R²: 0.9584 ｜ R: 0.9827
2025-12-03 18:59:22,262 INFO The used dataset had no length, returning gathered tensors. You should drop the remainder yourself.
2025-12-03 18:59:22,302 INFO The used dataset had no length, returning gathered tensors. You should drop the remainder yourself.
2025-12-03 18:59:22,306 INFO Epoch 295/400 | LR: 4.47e-05 | Train Loss: 28.6492 (Main: 16.7425, Cons: 4.1725, Grad: 0.001171246163, RBA: 7.7331) | Val Loss: 20.6860 | MAE: 3.27 | Val_RBA: 7.62 | R²: 0.9640 ｜ R: 0.9841
2025-12-03 19:03:17,238 INFO The used dataset had no length, returning gathered tensors. You should drop the remainder yourself.
2025-12-03 19:03:17,290 INFO The used dataset had no length, returning gathered tensors. You should drop the remainder yourself.
2025-12-03 19:03:17,293 INFO Epoch 296/400 | LR: 9.52e-05 | Train Loss: 29.9894 (Main: 18.6266, Cons: 4.0920, Grad: 0.001096447278, RBA: 7.2697) | Val Loss: 35.6220 | MAE: 4.10 | Val_RBA: 7.55 | R²: 0.9379 ｜ R: 0.9806
2025-12-03 19:07:13,192 INFO The used dataset had no length, returning gathered tensors. You should drop the remainder yourself.
2025-12-03 19:07:13,227 INFO The used dataset had no length, returning gathered tensors. You should drop the remainder yourself.
2025-12-03 19:07:13,231 INFO Epoch 297/400 | LR: 7.95e-05 | Train Loss: 34.6601 (Main: 22.4213, Cons: 3.8764, Grad: 0.001023276864, RBA: 8.3614) | Val Loss: 41.9666 | MAE: 4.46 | Val_RBA: 8.76 | R²: 0.9268 ｜ R: 0.9779
2025-12-03 19:11:10,564 INFO The used dataset had no length, returning gathered tensors. You should drop the remainder yourself.
2025-12-03 19:11:10,644 INFO The used dataset had no length, returning gathered tensors. You should drop the remainder yourself.
2025-12-03 19:11:10,648 INFO Epoch 298/400 | LR: 9.53e-05 | Train Loss: 32.7969 (Main: 21.3008, Cons: 3.8093, Grad: 0.000917939385, RBA: 7.6858) | Val Loss: 35.5864 | MAE: 4.23 | Val_RBA: 8.22 | R²: 0.9389 ｜ R: 0.9804
2025-12-03 19:15:10,602 INFO The used dataset had no length, returning gathered tensors. You should drop the remainder yourself.
2025-12-03 19:15:10,673 INFO The used dataset had no length, returning gathered tensors. You should drop the remainder yourself.
2025-12-03 19:15:10,677 INFO Epoch 299/400 | LR: 5.93e-05 | Train Loss: 30.2613 (Main: 18.5796, Cons: 3.7032, Grad: 0.001010973134, RBA: 7.9775) | Val Loss: 47.6248 | MAE: 4.75 | Val_RBA: 8.43 | R²: 0.9180 ｜ R: 0.9728
2025-12-03 19:19:11,120 INFO The used dataset had no length, returning gathered tensors. You should drop the remainder yourself.
2025-12-03 19:19:11,143 INFO The used dataset had no length, returning gathered tensors. You should drop the remainder yourself.
2025-12-03 19:19:11,148 INFO Epoch 300/400 | LR: 4.17e-05 | Train Loss: 29.1805 (Main: 17.8944, Cons: 3.7218, Grad: 0.001003674334, RBA: 7.5634) | Val Loss: 21.0748 | MAE: 3.12 | Val_RBA: 6.59 | R²: 0.9634 ｜ R: 0.9826
2025-12-03 19:23:03,341 INFO The used dataset had no length, returning gathered tensors. You should drop the remainder yourself.
2025-12-03 19:23:03,394 INFO The used dataset had no length, returning gathered tensors. You should drop the remainder yourself.
2025-12-03 19:23:03,399 INFO Epoch 301/400 | LR: 4.10e-05 | Train Loss: 28.9208 (Main: 18.1627, Cons: 3.6934, Grad: 0.000963737331, RBA: 7.0638) | Val Loss: 21.1540 | MAE: 3.24 | Val_RBA: 7.84 | R²: 0.9632 ｜ R: 0.9832
2025-12-03 19:26:56,260 INFO The used dataset had no length, returning gathered tensors. You should drop the remainder yourself.
2025-12-03 19:26:56,305 INFO The used dataset had no length, returning gathered tensors. You should drop the remainder yourself.
2025-12-03 19:26:56,310 INFO Epoch 302/400 | LR: 2.41e-05 | Train Loss: 27.3910 (Main: 17.0004, Cons: 3.6554, Grad: 0.000980372479, RBA: 6.7342) | Val Loss: 23.4707 | MAE: 3.44 | Val_RBA: 11.92 | R²: 0.9593 ｜ R: 0.9833
2025-12-03 19:30:49,545 INFO The used dataset had no length, returning gathered tensors. You should drop the remainder yourself.
2025-12-03 19:30:49,619 INFO The used dataset had no length, returning gathered tensors. You should drop the remainder yourself.
2025-12-03 19:30:49,623 INFO Epoch 303/400 | LR: 4.48e-05 | Train Loss: 25.4253 (Main: 15.6025, Cons: 3.5150, Grad: 0.001044744095, RBA: 6.3067) | Val Loss: 20.6690 | MAE: 3.12 | Val_RBA: 6.31 | R²: 0.9641 ｜ R: 0.9847
2025-12-03 19:34:43,789 INFO The used dataset had no length, returning gathered tensors. You should drop the remainder yourself.
2025-12-03 19:34:43,952 INFO The used dataset had no length, returning gathered tensors. You should drop the remainder yourself.
2025-12-03 19:34:43,957 INFO Epoch 304/400 | LR: 4.51e-05 | Train Loss: 27.0574 (Main: 17.2027, Cons: 3.4464, Grad: 0.000996817477, RBA: 6.4073) | Val Loss: 20.6378 | MAE: 3.13 | Val_RBA: 5.64 | R²: 0.9640 ｜ R: 0.9836
2025-12-03 19:38:40,586 INFO The used dataset had no length, returning gathered tensors. You should drop the remainder yourself.
2025-12-03 19:38:40,675 INFO The used dataset had no length, returning gathered tensors. You should drop the remainder yourself.
2025-12-03 19:38:40,679 INFO Epoch 305/400 | LR: 3.84e-05 | Train Loss: 27.5103 (Main: 17.1872, Cons: 3.5081, Grad: 0.000966446841, RBA: 6.8140) | Val Loss: 21.4947 | MAE: 3.27 | Val_RBA: 6.35 | R²: 0.9623 ｜ R: 0.9833
2025-12-03 19:42:35,840 INFO The used dataset had no length, returning gathered tensors. You should drop the remainder yourself.
2025-12-03 19:42:35,878 INFO The used dataset had no length, returning gathered tensors. You should drop the remainder yourself.
2025-12-03 19:42:35,883 INFO Epoch 306/400 | LR: 3.38e-05 | Train Loss: 27.3016 (Main: 17.4230, Cons: 3.4860, Grad: 0.000917383443, RBA: 6.3917) | Val Loss: 22.1096 | MAE: 3.31 | Val_RBA: 7.44 | R²: 0.9615 ｜ R: 0.9834
2025-12-03 19:46:30,936 INFO The used dataset had no length, returning gathered tensors. You should drop the remainder yourself.
2025-12-03 19:46:30,976 INFO The used dataset had no length, returning gathered tensors. You should drop the remainder yourself.
2025-12-03 19:46:30,980 INFO Epoch 307/400 | LR: 2.26e-05 | Train Loss: 23.4898 (Main: 13.9768, Cons: 3.4209, Grad: 0.000914925178, RBA: 6.0912) | Val Loss: 23.7086 | MAE: 3.62 | Val_RBA: 7.37 | R²: 0.9586 ｜ R: 0.9833
2025-12-03 19:50:30,635 INFO The used dataset had no length, returning gathered tensors. You should drop the remainder yourself.
2025-12-03 19:50:30,667 INFO The used dataset had no length, returning gathered tensors. You should drop the remainder yourself.
2025-12-03 19:50:30,671 INFO Epoch 308/400 | LR: 5.02e-05 | Train Loss: 25.8359 (Main: 16.1084, Cons: 3.4206, Grad: 0.000942890766, RBA: 6.3060) | Val Loss: 19.9822 | MAE: 3.20 | Val_RBA: 5.90 | R²: 0.9650 ｜ R: 0.9844
2025-12-03 19:54:24,244 INFO The used dataset had no length, returning gathered tensors. You should drop the remainder yourself.
2025-12-03 19:54:24,274 INFO The used dataset had no length, returning gathered tensors. You should drop the remainder yourself.
2025-12-03 19:54:24,279 INFO Epoch 309/400 | LR: 5.49e-05 | Train Loss: 27.2269 (Main: 17.7833, Cons: 3.2667, Grad: 0.000970104301, RBA: 6.1760) | Val Loss: 19.3759 | MAE: 2.98 | Val_RBA: 6.00 | R²: 0.9663 ｜ R: 0.9839
2025-12-03 19:54:24,373 INFO Checkpoint saved at epoch 308
2025-12-03 19:58:11,560 INFO The used dataset had no length, returning gathered tensors. You should drop the remainder yourself.
2025-12-03 19:58:11,633 INFO The used dataset had no length, returning gathered tensors. You should drop the remainder yourself.
2025-12-03 19:58:11,637 INFO Epoch 310/400 | LR: 4.86e-05 | Train Loss: 24.2382 (Main: 14.7547, Cons: 3.3033, Grad: 0.000942391916, RBA: 6.1793) | Val Loss: 20.1881 | MAE: 3.05 | Val_RBA: 6.59 | R²: 0.9650 ｜ R: 0.9831
2025-12-03 20:02:02,434 INFO The used dataset had no length, returning gathered tensors. You should drop the remainder yourself.
2025-12-03 20:02:02,464 INFO The used dataset had no length, returning gathered tensors. You should drop the remainder yourself.
2025-12-03 20:02:02,468 INFO Epoch 311/400 | LR: 4.57e-05 | Train Loss: 26.8100 (Main: 17.6783, Cons: 3.2301, Grad: 0.000933394378, RBA: 5.9007) | Val Loss: 20.5610 | MAE: 3.15 | Val_RBA: 6.98 | R²: 0.9642 ｜ R: 0.9839
2025-12-03 20:05:54,001 INFO The used dataset had no length, returning gathered tensors. You should drop the remainder yourself.
2025-12-03 20:05:54,094 INFO The used dataset had no length, returning gathered tensors. You should drop the remainder yourself.
2025-12-03 20:05:54,098 INFO Epoch 312/400 | LR: 4.09e-05 | Train Loss: 25.4429 (Main: 15.8688, Cons: 3.4102, Grad: 0.000903684938, RBA: 6.1630) | Val Loss: 21.1765 | MAE: 3.24 | Val_RBA: 6.70 | R²: 0.9630 ｜ R: 0.9833
2025-12-03 20:09:45,927 INFO The used dataset had no length, returning gathered tensors. You should drop the remainder yourself.
2025-12-03 20:09:45,990 INFO The used dataset had no length, returning gathered tensors. You should drop the remainder yourself.
2025-12-03 20:09:45,995 INFO Epoch 313/400 | LR: 6.61e-06 | Train Loss: 26.2934 (Main: 17.2222, Cons: 3.1594, Grad: 0.000915328459, RBA: 5.9108) | Val Loss: 26.7129 | MAE: 3.86 | Val_RBA: 8.64 | R²: 0.9537 ｜ R: 0.9824
2025-12-03 20:13:31,882 INFO The used dataset had no length, returning gathered tensors. You should drop the remainder yourself.
2025-12-03 20:13:31,916 INFO The used dataset had no length, returning gathered tensors. You should drop the remainder yourself.
2025-12-03 20:13:31,921 INFO Epoch 314/400 | LR: 5.12e-05 | Train Loss: 22.7379 (Main: 14.2127, Cons: 3.1022, Grad: 0.000885088493, RBA: 5.4221) | Val Loss: 19.8576 | MAE: 3.10 | Val_RBA: 6.82 | R²: 0.9655 ｜ R: 0.9841
2025-12-03 20:17:27,229 INFO The used dataset had no length, returning gathered tensors. You should drop the remainder yourself.
2025-12-03 20:17:27,277 INFO The used dataset had no length, returning gathered tensors. You should drop the remainder yourself.
2025-12-03 20:17:27,280 INFO Epoch 315/400 | LR: 2.78e-05 | Train Loss: 27.8852 (Main: 18.6483, Cons: 3.0751, Grad: 0.000942161763, RBA: 6.1609) | Val Loss: 22.9388 | MAE: 3.52 | Val_RBA: 8.66 | R²: 0.9600 ｜ R: 0.9831
2025-12-03 20:21:18,624 INFO The used dataset had no length, returning gathered tensors. You should drop the remainder yourself.
2025-12-03 20:21:18,676 INFO The used dataset had no length, returning gathered tensors. You should drop the remainder yourself.
2025-12-03 20:21:18,680 INFO Epoch 316/400 | LR: 5.12e-05 | Train Loss: 24.7187 (Main: 15.9512, Cons: 3.0794, Grad: 0.000914096263, RBA: 5.6872) | Val Loss: 19.8560 | MAE: 3.09 | Val_RBA: 7.09 | R²: 0.9652 ｜ R: 0.9837
2025-12-03 20:25:09,929 INFO The used dataset had no length, returning gathered tensors. You should drop the remainder yourself.
2025-12-03 20:25:09,960 INFO The used dataset had no length, returning gathered tensors. You should drop the remainder yourself.
2025-12-03 20:25:09,964 INFO Epoch 317/400 | LR: 4.75e-05 | Train Loss: 26.3055 (Main: 17.3152, Cons: 3.3040, Grad: 0.000904328053, RBA: 5.6854) | Val Loss: 20.3312 | MAE: 3.16 | Val_RBA: 6.74 | R²: 0.9644 ｜ R: 0.9838
2025-12-03 20:28:59,297 INFO The used dataset had no length, returning gathered tensors. You should drop the remainder yourself.
2025-12-03 20:28:59,344 INFO The used dataset had no length, returning gathered tensors. You should drop the remainder yourself.
2025-12-03 20:28:59,349 INFO Epoch 318/400 | LR: 1.27e-05 | Train Loss: 25.3775 (Main: 16.4351, Cons: 3.0520, Grad: 0.000900337018, RBA: 5.8895) | Val Loss: 25.3824 | MAE: 3.74 | Val_RBA: 7.54 | R²: 0.9555 ｜ R: 0.9826
2025-12-03 20:32:49,599 INFO The used dataset had no length, returning gathered tensors. You should drop the remainder yourself.
2025-12-03 20:32:49,650 INFO The used dataset had no length, returning gathered tensors. You should drop the remainder yourself.
2025-12-03 20:32:49,654 INFO Epoch 319/400 | LR: 5.75e-05 | Train Loss: 22.0351 (Main: 13.7479, Cons: 3.1403, Grad: 0.000874379676, RBA: 5.1461) | Val Loss: 19.0497 | MAE: 2.97 | Val_RBA: 5.61 | R²: 0.9668 ｜ R: 0.9846
2025-12-03 20:32:49,717 INFO Checkpoint saved at epoch 318
2025-12-03 20:36:38,538 INFO The used dataset had no length, returning gathered tensors. You should drop the remainder yourself.
2025-12-03 20:36:38,584 INFO The used dataset had no length, returning gathered tensors. You should drop the remainder yourself.
2025-12-03 20:36:38,588 INFO Epoch 320/400 | LR: 9.71e-05 | Train Loss: 24.9526 (Main: 16.4684, Cons: 3.1396, Grad: 0.000863711070, RBA: 5.3438) | Val Loss: 34.3633 | MAE: 4.01 | Val_RBA: 7.31 | R²: 0.9399 ｜ R: 0.9804
2025-12-03 20:40:30,431 INFO The used dataset had no length, returning gathered tensors. You should drop the remainder yourself.
2025-12-03 20:40:30,491 INFO The used dataset had no length, returning gathered tensors. You should drop the remainder yourself.
2025-12-03 20:40:30,495 INFO Epoch 321/400 | LR: 3.20e-05 | Train Loss: 32.0062 (Main: 22.6152, Cons: 2.8154, Grad: 0.000798950571, RBA: 6.5748) | Val Loss: 22.3593 | MAE: 3.26 | Val_RBA: 8.89 | R²: 0.9611 ｜ R: 0.9817
2025-12-03 20:44:22,679 INFO The used dataset had no length, returning gathered tensors. You should drop the remainder yourself.
2025-12-03 20:44:22,738 INFO The used dataset had no length, returning gathered tensors. You should drop the remainder yourself.
2025-12-03 20:44:22,742 INFO Epoch 322/400 | LR: 5.66e-05 | Train Loss: 22.3360 (Main: 14.2592, Cons: 2.9088, Grad: 0.000787681969, RBA: 5.1672) | Val Loss: 19.1578 | MAE: 2.99 | Val_RBA: 5.91 | R²: 0.9666 ｜ R: 0.9841
2025-12-03 20:48:12,773 INFO The used dataset had no length, returning gathered tensors. You should drop the remainder yourself.
2025-12-03 20:48:12,854 INFO The used dataset had no length, returning gathered tensors. You should drop the remainder yourself.
2025-12-03 20:48:12,858 INFO Epoch 323/400 | LR: 2.56e-05 | Train Loss: 24.4184 (Main: 16.0102, Cons: 2.8345, Grad: 0.000796941014, RBA: 5.5729) | Val Loss: 23.2583 | MAE: 3.36 | Val_RBA: 8.38 | R²: 0.9595 ｜ R: 0.9829
2025-12-03 20:52:05,748 INFO The used dataset had no length, returning gathered tensors. You should drop the remainder yourself.
2025-12-03 20:52:05,804 INFO The used dataset had no length, returning gathered tensors. You should drop the remainder yourself.
2025-12-03 20:52:05,808 INFO Epoch 324/400 | LR: 5.73e-05 | Train Loss: 22.6372 (Main: 14.3482, Cons: 2.9386, Grad: 0.000809314049, RBA: 5.3495) | Val Loss: 19.0778 | MAE: 2.98 | Val_RBA: 5.95 | R²: 0.9667 ｜ R: 0.9842
2025-12-03 20:56:00,092 INFO The used dataset had no length, returning gathered tensors. You should drop the remainder yourself.
2025-12-03 20:56:00,127 INFO The used dataset had no length, returning gathered tensors. You should drop the remainder yourself.
2025-12-03 20:56:00,131 INFO Epoch 325/400 | LR: 3.28e-05 | Train Loss: 24.5518 (Main: 16.0998, Cons: 2.8641, Grad: 0.000827101595, RBA: 5.5872) | Val Loss: 22.2392 | MAE: 3.14 | Val_RBA: 6.89 | R²: 0.9610 ｜ R: 0.9823
2025-12-03 20:59:52,165 INFO The used dataset had no length, returning gathered tensors. You should drop the remainder yourself.
2025-12-03 20:59:52,243 INFO The used dataset had no length, returning gathered tensors. You should drop the remainder yourself.
2025-12-03 20:59:52,247 INFO Epoch 326/400 | LR: 4.93e-05 | Train Loss: 24.4997 (Main: 16.2364, Cons: 3.0292, Grad: 0.000785896341, RBA: 5.2333) | Val Loss: 20.0909 | MAE: 3.11 | Val_RBA: 6.19 | R²: 0.9649 ｜ R: 0.9838
2025-12-03 21:03:40,344 INFO The used dataset had no length, returning gathered tensors. You should drop the remainder yourself.
2025-12-03 21:03:40,398 INFO The used dataset had no length, returning gathered tensors. You should drop the remainder yourself.
2025-12-03 21:03:40,402 INFO Epoch 327/400 | LR: 3.34e-05 | Train Loss: 21.8758 (Main: 14.1763, Cons: 2.5959, Grad: 0.000791424532, RBA: 5.1028) | Val Loss: 22.1570 | MAE: 3.30 | Val_RBA: 8.10 | R²: 0.9613 ｜ R: 0.9830
2025-12-03 21:07:27,766 INFO The used dataset had no length, returning gathered tensors. You should drop the remainder yourself.
2025-12-03 21:07:27,814 INFO The used dataset had no length, returning gathered tensors. You should drop the remainder yourself.
2025-12-03 21:07:27,818 INFO Epoch 328/400 | LR: 5.14e-05 | Train Loss: 23.0004 (Main: 15.5908, Cons: 2.6132, Grad: 0.000767571009, RBA: 4.7956) | Val Loss: 19.8269 | MAE: 3.04 | Val_RBA: 6.18 | R²: 0.9653 ｜ R: 0.9837
2025-12-03 21:11:14,533 INFO The used dataset had no length, returning gathered tensors. You should drop the remainder yourself.
2025-12-03 21:11:14,581 INFO The used dataset had no length, returning gathered tensors. You should drop the remainder yourself.
2025-12-03 21:11:14,585 INFO Epoch 329/400 | LR: 2.90e-05 | Train Loss: 23.5077 (Main: 15.8255, Cons: 2.6787, Grad: 0.000753513530, RBA: 5.0027) | Val Loss: 22.7655 | MAE: 3.41 | Val_RBA: 7.31 | R²: 0.9602 ｜ R: 0.9826
2025-12-03 21:14:56,418 INFO The used dataset had no length, returning gathered tensors. You should drop the remainder yourself.
2025-12-03 21:14:56,465 INFO The used dataset had no length, returning gathered tensors. You should drop the remainder yourself.
2025-12-03 21:14:56,470 INFO Epoch 330/400 | LR: 6.22e-05 | Train Loss: 21.6510 (Main: 14.0608, Cons: 2.6686, Grad: 0.000795023833, RBA: 4.9208) | Val Loss: 18.4299 | MAE: 2.90 | Val_RBA: 9.97 | R²: 0.9678 ｜ R: 0.9845
2025-12-03 21:14:56,554 INFO Checkpoint saved at epoch 329
2025-12-03 21:18:45,754 INFO The used dataset had no length, returning gathered tensors. You should drop the remainder yourself.
2025-12-03 21:18:45,809 INFO The used dataset had no length, returning gathered tensors. You should drop the remainder yourself.
2025-12-03 21:18:45,813 INFO Epoch 331/400 | LR: 7.08e-06 | Train Loss: 23.6271 (Main: 16.1037, Cons: 2.7752, Grad: 0.000760539790, RBA: 4.7475) | Val Loss: 26.5947 | MAE: 3.65 | Val_RBA: 6.84 | R²: 0.9538 ｜ R: 0.9836
2025-12-03 21:22:32,393 INFO The used dataset had no length, returning gathered tensors. You should drop the remainder yourself.
2025-12-03 21:22:32,431 INFO The used dataset had no length, returning gathered tensors. You should drop the remainder yourself.
2025-12-03 21:22:32,435 INFO Epoch 332/400 | LR: 5.36e-05 | Train Loss: 19.8036 (Main: 12.6584, Cons: 2.6457, Grad: 0.000753865265, RBA: 4.4988) | Val Loss: 19.5533 | MAE: 3.03 | Val_RBA: 11.68 | R²: 0.9659 ｜ R: 0.9842
2025-12-03 21:26:20,456 INFO The used dataset had no length, returning gathered tensors. You should drop the remainder yourself.
2025-12-03 21:26:20,479 INFO The used dataset had no length, returning gathered tensors. You should drop the remainder yourself.
2025-12-03 21:26:20,484 INFO Epoch 333/400 | LR: 1.91e-05 | Train Loss: 23.0196 (Main: 14.9903, Cons: 2.6690, Grad: 0.000749482496, RBA: 5.3595) | Val Loss: 24.2564 | MAE: 3.58 | Val_RBA: 9.48 | R²: 0.9580 ｜ R: 0.9834
2025-12-03 21:30:10,393 INFO The used dataset had no length, returning gathered tensors. You should drop the remainder yourself.
2025-12-03 21:30:10,426 INFO The used dataset had no length, returning gathered tensors. You should drop the remainder yourself.
2025-12-03 21:30:10,430 INFO Epoch 334/400 | LR: 3.98e-05 | Train Loss: 22.5289 (Main: 14.7983, Cons: 2.7022, Grad: 0.000785302074, RBA: 5.0276) | Val Loss: 21.3148 | MAE: 3.19 | Val_RBA: 6.75 | R²: 0.9632 ｜ R: 0.9836
2025-12-03 21:33:56,837 INFO The used dataset had no length, returning gathered tensors. You should drop the remainder yourself.
2025-12-03 21:33:56,899 INFO The used dataset had no length, returning gathered tensors. You should drop the remainder yourself.
2025-12-03 21:33:56,903 INFO Epoch 335/400 | LR: 5.65e-05 | Train Loss: 21.1045 (Main: 14.0699, Cons: 2.5442, Grad: 0.000725065162, RBA: 4.4897) | Val Loss: 19.1803 | MAE: 3.03 | Val_RBA: 6.95 | R²: 0.9666 ｜ R: 0.9847
2025-12-03 21:37:43,685 INFO The used dataset had no length, returning gathered tensors. You should drop the remainder yourself.
2025-12-03 21:37:43,725 INFO The used dataset had no length, returning gathered tensors. You should drop the remainder yourself.
2025-12-03 21:37:43,730 INFO Epoch 336/400 | LR: 4.24e-05 | Train Loss: 23.6454 (Main: 16.4013, Cons: 2.5120, Grad: 0.000748661558, RBA: 4.7313) | Val Loss: 20.9802 | MAE: 3.26 | Val_RBA: 7.22 | R²: 0.9636 ｜ R: 0.9842
2025-12-03 21:41:30,844 INFO The used dataset had no length, returning gathered tensors. You should drop the remainder yourself.
2025-12-03 21:41:30,895 INFO The used dataset had no length, returning gathered tensors. You should drop the remainder yourself.
2025-12-03 21:41:30,899 INFO Epoch 337/400 | LR: 4.76e-05 | Train Loss: 22.7129 (Main: 15.1257, Cons: 2.6999, Grad: 0.000725108658, RBA: 4.8865) | Val Loss: 20.3093 | MAE: 3.13 | Val_RBA: 8.33 | R²: 0.9649 ｜ R: 0.9843
2025-12-03 21:45:18,516 INFO The used dataset had no length, returning gathered tensors. You should drop the remainder yourself.
2025-12-03 21:45:18,575 INFO The used dataset had no length, returning gathered tensors. You should drop the remainder yourself.
2025-12-03 21:45:18,579 INFO Epoch 338/400 | LR: 3.07e-05 | Train Loss: 22.8843 (Main: 15.7426, Cons: 2.4390, Grad: 0.000761797216, RBA: 4.7018) | Val Loss: 22.5354 | MAE: 3.33 | Val_RBA: 6.33 | R²: 0.9605 ｜ R: 0.9834
2025-12-03 21:49:03,131 INFO The used dataset had no length, returning gathered tensors. You should drop the remainder yourself.
2025-12-03 21:49:03,192 INFO The used dataset had no length, returning gathered tensors. You should drop the remainder yourself.
2025-12-03 21:49:03,196 INFO Epoch 339/400 | LR: 1.75e-05 | Train Loss: 21.8969 (Main: 14.7158, Cons: 2.6385, Grad: 0.000775596088, RBA: 4.5418) | Val Loss: 24.5164 | MAE: 3.58 | Val_RBA: 9.20 | R²: 0.9573 ｜ R: 0.9824
2025-12-03 21:52:52,998 INFO The used dataset had no length, returning gathered tensors. You should drop the remainder yourself.
2025-12-03 21:52:53,054 INFO The used dataset had no length, returning gathered tensors. You should drop the remainder yourself.
2025-12-03 21:52:53,057 INFO Epoch 340/400 | LR: 6.20e-05 | Train Loss: 20.8419 (Main: 13.6742, Cons: 2.6155, Grad: 0.000745932174, RBA: 4.5515) | Val Loss: 18.4590 | MAE: 2.96 | Val_RBA: 7.29 | R²: 0.9678 ｜ R: 0.9849
2025-12-03 21:56:39,662 INFO The used dataset had no length, returning gathered tensors. You should drop the remainder yourself.
2025-12-03 21:56:39,699 INFO The used dataset had no length, returning gathered tensors. You should drop the remainder yourself.
2025-12-03 21:56:39,703 INFO Epoch 341/400 | LR: 2.37e-05 | Train Loss: 23.6420 (Main: 16.4688, Cons: 2.4670, Grad: 0.000735002410, RBA: 4.7055) | Val Loss: 23.5342 | MAE: 3.23 | Val_RBA: 8.40 | R²: 0.9587 ｜ R: 0.9805
2025-12-03 22:00:24,733 INFO The used dataset had no length, returning gathered tensors. You should drop the remainder yourself.
2025-12-03 22:00:24,783 INFO The used dataset had no length, returning gathered tensors. You should drop the remainder yourself.
2025-12-03 22:00:24,788 INFO Epoch 342/400 | LR: 5.66e-05 | Train Loss: 20.5519 (Main: 13.6815, Cons: 2.5263, Grad: 0.000721185616, RBA: 4.3433) | Val Loss: 19.1669 | MAE: 3.04 | Val_RBA: 7.11 | R²: 0.9667 ｜ R: 0.9850
2025-12-03 22:04:16,078 INFO The used dataset had no length, returning gathered tensors. You should drop the remainder yourself.
2025-12-03 22:04:16,101 INFO The used dataset had no length, returning gathered tensors. You should drop the remainder yourself.
2025-12-03 22:04:16,105 INFO Epoch 343/400 | LR: 4.66e-05 | Train Loss: 23.0709 (Main: 16.0841, Cons: 2.5022, Grad: 0.000726493179, RBA: 4.4838) | Val Loss: 20.4408 | MAE: 3.08 | Val_RBA: 6.59 | R²: 0.9643 ｜ R: 0.9844
2025-12-03 22:08:00,535 INFO The used dataset had no length, returning gathered tensors. You should drop the remainder yourself.
2025-12-03 22:08:00,563 INFO The used dataset had no length, returning gathered tensors. You should drop the remainder yourself.
2025-12-03 22:08:00,567 INFO Epoch 344/400 | LR: 1.86e-07 | Train Loss: 20.7913 (Main: 14.4371, Cons: 2.3093, Grad: 0.000692220507, RBA: 4.0442) | Val Loss: 29.6259 | MAE: 3.86 | Val_RBA: 7.27 | R²: 0.9477 ｜ R: 0.9811
2025-12-03 22:11:47,170 INFO The used dataset had no length, returning gathered tensors. You should drop the remainder yourself.
2025-12-03 22:11:47,205 INFO The used dataset had no length, returning gathered tensors. You should drop the remainder yourself.
2025-12-03 22:11:47,209 INFO Epoch 345/400 | LR: 5.80e-05 | Train Loss: 20.0162 (Main: 13.4196, Cons: 2.3339, Grad: 0.000718543534, RBA: 4.2620) | Val Loss: 18.9800 | MAE: 2.96 | Val_RBA: 5.61 | R²: 0.9668 ｜ R: 0.9842
2025-12-03 22:15:32,221 INFO The used dataset had no length, returning gathered tensors. You should drop the remainder yourself.
2025-12-03 22:15:32,267 INFO The used dataset had no length, returning gathered tensors. You should drop the remainder yourself.
2025-12-03 22:15:32,271 INFO Epoch 346/400 | LR: 5.54e-05 | Train Loss: 22.2262 (Main: 15.6443, Cons: 2.3513, Grad: 0.000688212362, RBA: 4.2300) | Val Loss: 19.3198 | MAE: 2.95 | Val_RBA: 7.64 | R²: 0.9662 ｜ R: 0.9838
2025-12-03 22:19:18,104 INFO The used dataset had no length, returning gathered tensors. You should drop the remainder yourself.
2025-12-03 22:19:18,159 INFO The used dataset had no length, returning gathered tensors. You should drop the remainder yourself.
2025-12-03 22:19:18,163 INFO Epoch 347/400 | LR: 4.30e-05 | Train Loss: 20.1228 (Main: 13.6263, Cons: 2.3582, Grad: 0.000696467012, RBA: 4.1376) | Val Loss: 20.9023 | MAE: 3.22 | Val_RBA: 7.94 | R²: 0.9635 ｜ R: 0.9836
2025-12-03 22:23:03,807 INFO The used dataset had no length, returning gathered tensors. You should drop the remainder yourself.
2025-12-03 22:23:03,850 INFO The used dataset had no length, returning gathered tensors. You should drop the remainder yourself.
2025-12-03 22:23:03,854 INFO Epoch 348/400 | LR: 5.71e-05 | Train Loss: 20.8550 (Main: 14.2655, Cons: 2.4177, Grad: 0.000694927236, RBA: 4.1711) | Val Loss: 19.0950 | MAE: 3.00 | Val_RBA: 6.36 | R²: 0.9667 ｜ R: 0.9844
2025-12-03 22:26:52,441 INFO The used dataset had no length, returning gathered tensors. You should drop the remainder yourself.
2025-12-03 22:26:52,468 INFO The used dataset had no length, returning gathered tensors. You should drop the remainder yourself.
2025-12-03 22:26:52,471 INFO Epoch 349/400 | LR: 5.42e-05 | Train Loss: 22.2777 (Main: 15.6049, Cons: 2.3593, Grad: 0.000695053367, RBA: 4.3128) | Val Loss: 19.4729 | MAE: 2.99 | Val_RBA: 9.15 | R²: 0.9660 ｜ R: 0.9837
2025-12-03 22:30:34,861 INFO The used dataset had no length, returning gathered tensors. You should drop the remainder yourself.
2025-12-03 22:30:34,915 INFO The used dataset had no length, returning gathered tensors. You should drop the remainder yourself.
2025-12-03 22:30:34,918 INFO Epoch 350/400 | LR: 5.44e-06 | Train Loss: 21.8590 (Main: 15.3377, Cons: 2.2892, Grad: 0.000677618194, RBA: 4.2315) | Val Loss: 27.0298 | MAE: 3.82 | Val_RBA: 8.23 | R²: 0.9527 ｜ R: 0.9813
2025-12-03 22:34:20,099 INFO The used dataset had no length, returning gathered tensors. You should drop the remainder yourself.
2025-12-03 22:34:20,151 INFO The used dataset had no length, returning gathered tensors. You should drop the remainder yourself.
2025-12-03 22:34:20,155 INFO Epoch 351/400 | LR: 6.15e-05 | Train Loss: 20.4425 (Main: 14.2164, Cons: 2.1798, Grad: 0.000639163306, RBA: 4.0457) | Val Loss: 18.5268 | MAE: 2.95 | Val_RBA: 6.54 | R²: 0.9677 ｜ R: 0.9851
2025-12-03 22:38:07,522 INFO The used dataset had no length, returning gathered tensors. You should drop the remainder yourself.
2025-12-03 22:38:07,587 INFO The used dataset had no length, returning gathered tensors. You should drop the remainder yourself.
2025-12-03 22:38:07,591 INFO Epoch 352/400 | LR: 5.02e-05 | Train Loss: 22.5775 (Main: 16.3053, Cons: 2.2803, Grad: 0.000625126495, RBA: 3.9914) | Val Loss: 19.9808 | MAE: 3.06 | Val_RBA: 7.19 | R²: 0.9651 ｜ R: 0.9841
2025-12-03 22:41:50,617 INFO The used dataset had no length, returning gathered tensors. You should drop the remainder yourself.
2025-12-03 22:41:50,690 INFO The used dataset had no length, returning gathered tensors. You should drop the remainder yourself.
2025-12-03 22:41:50,694 INFO Epoch 353/400 | LR: 4.32e-05 | Train Loss: 21.4821 (Main: 15.2223, Cons: 2.1397, Grad: 0.000667552153, RBA: 4.1194) | Val Loss: 20.8809 | MAE: 3.21 | Val_RBA: 6.34 | R²: 0.9637 ｜ R: 0.9845
2025-12-03 22:45:36,959 INFO The used dataset had no length, returning gathered tensors. You should drop the remainder yourself.
2025-12-03 22:45:36,993 INFO The used dataset had no length, returning gathered tensors. You should drop the remainder yourself.
2025-12-03 22:45:36,997 INFO Epoch 354/400 | LR: 6.04e-06 | Train Loss: 19.4786 (Main: 13.5868, Cons: 2.0526, Grad: 0.000659392940, RBA: 3.8386) | Val Loss: 26.8625 | MAE: 3.91 | Val_RBA: 11.29 | R²: 0.9534 ｜ R: 0.9820
2025-12-03 22:49:24,738 INFO The used dataset had no length, returning gathered tensors. You should drop the remainder yourself.
2025-12-03 22:49:24,783 INFO The used dataset had no length, returning gathered tensors. You should drop the remainder yourself.
2025-12-03 22:49:24,787 INFO Epoch 355/400 | LR: 6.10e-05 | Train Loss: 19.1587 (Main: 13.4137, Cons: 2.0806, Grad: 0.000658848789, RBA: 3.6638) | Val Loss: 18.5889 | MAE: 2.95 | Val_RBA: 5.91 | R²: 0.9675 ｜ R: 0.9849
2025-12-03 22:53:04,774 INFO The used dataset had no length, returning gathered tensors. You should drop the remainder yourself.
2025-12-03 22:53:04,821 INFO The used dataset had no length, returning gathered tensors. You should drop the remainder yourself.
2025-12-03 22:53:04,825 INFO Epoch 356/400 | LR: 9.58e-05 | Train Loss: 20.7641 (Main: 14.8284, Cons: 2.0056, Grad: 0.000649370566, RBA: 3.9294) | Val Loss: 35.2844 | MAE: 4.13 | Val_RBA: 9.61 | R²: 0.9389 ｜ R: 0.9827
2025-12-03 22:56:48,040 INFO The used dataset had no length, returning gathered tensors. You should drop the remainder yourself.
2025-12-03 22:56:48,090 INFO The used dataset had no length, returning gathered tensors. You should drop the remainder yourself.
2025-12-03 22:56:48,094 INFO Epoch 357/400 | LR: 9.32e-05 | Train Loss: 26.8510 (Main: 19.8633, Cons: 2.3037, Grad: 0.000613671673, RBA: 4.6834) | Val Loss: 36.7134 | MAE: 4.37 | Val_RBA: 9.78 | R²: 0.9353 ｜ R: 0.9772
2025-12-03 23:00:26,692 INFO The used dataset had no length, returning gathered tensors. You should drop the remainder yourself.
2025-12-03 23:00:26,731 INFO The used dataset had no length, returning gathered tensors. You should drop the remainder yourself.
2025-12-03 23:00:26,736 INFO Epoch 358/400 | LR: 9.47e-05 | Train Loss: 23.3598 (Main: 17.2023, Cons: 2.0442, Grad: 0.000586835811, RBA: 4.1127) | Val Loss: 35.9149 | MAE: 4.27 | Val_RBA: 10.55 | R²: 0.9376 ｜ R: 0.9772
2025-12-03 23:04:08,126 INFO The used dataset had no length, returning gathered tensors. You should drop the remainder yourself.
2025-12-03 23:04:08,173 INFO The used dataset had no length, returning gathered tensors. You should drop the remainder yourself.
2025-12-03 23:04:08,177 INFO Epoch 359/400 | LR: 1.11e-05 | Train Loss: 21.3483 (Main: 15.5579, Cons: 1.9579, Grad: 0.000560560053, RBA: 3.8320) | Val Loss: 25.6915 | MAE: 3.48 | Val_RBA: 9.85 | R²: 0.9552 ｜ R: 0.9820
2025-12-03 23:07:47,580 INFO The used dataset had no length, returning gathered tensors. You should drop the remainder yourself.
2025-12-03 23:07:47,647 INFO The used dataset had no length, returning gathered tensors. You should drop the remainder yourself.
2025-12-03 23:07:47,651 INFO Epoch 360/400 | LR: 5.84e-05 | Train Loss: 19.9535 (Main: 14.5076, Cons: 1.9887, Grad: 0.000538205974, RBA: 3.4566) | Val Loss: 18.9361 | MAE: 3.06 | Val_RBA: 6.12 | R²: 0.9670 ｜ R: 0.9851
2025-12-03 23:11:27,957 INFO The used dataset had no length, returning gathered tensors. You should drop the remainder yourself.
2025-12-03 23:11:28,003 INFO The used dataset had no length, returning gathered tensors. You should drop the remainder yourself.
2025-12-03 23:11:28,007 INFO Epoch 361/400 | LR: 3.59e-05 | Train Loss: 22.0391 (Main: 16.6761, Cons: 1.8982, Grad: 0.000573241964, RBA: 3.4642) | Val Loss: 21.8324 | MAE: 3.24 | Val_RBA: 6.09 | R²: 0.9619 ｜ R: 0.9829
2025-12-03 23:15:07,280 INFO The used dataset had no length, returning gathered tensors. You should drop the remainder yourself.
2025-12-03 23:15:07,344 INFO The used dataset had no length, returning gathered tensors. You should drop the remainder yourself.
2025-12-03 23:15:07,348 INFO Epoch 362/400 | LR: 5.44e-05 | Train Loss: 20.2560 (Main: 14.6552, Cons: 1.9872, Grad: 0.000540932561, RBA: 3.6131) | Val Loss: 19.4387 | MAE: 2.97 | Val_RBA: 7.76 | R²: 0.9661 ｜ R: 0.9840
2025-12-03 23:18:46,902 INFO The used dataset had no length, returning gathered tensors. You should drop the remainder yourself.
2025-12-03 23:18:46,948 INFO The used dataset had no length, returning gathered tensors. You should drop the remainder yourself.
2025-12-03 23:18:46,952 INFO Epoch 363/400 | LR: 5.65e-05 | Train Loss: 21.4980 (Main: 16.0720, Cons: 1.8835, Grad: 0.000577387476, RBA: 3.5419) | Val Loss: 19.1776 | MAE: 3.01 | Val_RBA: 7.32 | R²: 0.9666 ｜ R: 0.9846
2025-12-03 23:22:31,160 INFO The used dataset had no length, returning gathered tensors. You should drop the remainder yourself.
2025-12-03 23:22:31,198 INFO The used dataset had no length, returning gathered tensors. You should drop the remainder yourself.
2025-12-03 23:22:31,202 INFO Epoch 364/400 | LR: 2.84e-05 | Train Loss: 20.7595 (Main: 14.9466, Cons: 2.0739, Grad: 0.000531178196, RBA: 3.7386) | Val Loss: 22.8501 | MAE: 3.28 | Val_RBA: 6.07 | R²: 0.9602 ｜ R: 0.9839
2025-12-03 23:26:10,567 INFO The used dataset had no length, returning gathered tensors. You should drop the remainder yourself.
2025-12-03 23:26:10,599 INFO The used dataset had no length, returning gathered tensors. You should drop the remainder yourself.
2025-12-03 23:26:10,603 INFO Epoch 365/400 | LR: 3.17e-05 | Train Loss: 19.9638 (Main: 14.7588, Cons: 1.8581, Grad: 0.000567871889, RBA: 3.3463) | Val Loss: 22.3979 | MAE: 3.34 | Val_RBA: 11.03 | R²: 0.9611 ｜ R: 0.9830
2025-12-03 23:29:48,978 INFO The used dataset had no length, returning gathered tensors. You should drop the remainder yourself.
2025-12-03 23:29:49,011 INFO The used dataset had no length, returning gathered tensors. You should drop the remainder yourself.
2025-12-03 23:29:49,015 INFO Epoch 366/400 | LR: 1.25e-05 | Train Loss: 19.0702 (Main: 14.1028, Cons: 1.7677, Grad: 0.000563160698, RBA: 3.1992) | Val Loss: 25.4107 | MAE: 3.36 | Val_RBA: 10.56 | R²: 0.9557 ｜ R: 0.9799
2025-12-03 23:33:29,089 INFO The used dataset had no length, returning gathered tensors. You should drop the remainder yourself.
2025-12-03 23:33:29,138 INFO The used dataset had no length, returning gathered tensors. You should drop the remainder yourself.
2025-12-03 23:33:29,142 INFO Epoch 367/400 | LR: 5.12e-05 | Train Loss: 17.8633 (Main: 12.7026, Cons: 1.8682, Grad: 0.000587253739, RBA: 3.2919) | Val Loss: 19.8496 | MAE: 3.07 | Val_RBA: 7.41 | R²: 0.9654 ｜ R: 0.9843
2025-12-03 23:37:08,641 INFO The used dataset had no length, returning gathered tensors. You should drop the remainder yourself.
2025-12-03 23:37:08,705 INFO The used dataset had no length, returning gathered tensors. You should drop the remainder yourself.
2025-12-03 23:37:08,709 INFO Epoch 368/400 | LR: 4.27e-05 | Train Loss: 20.1835 (Main: 14.6516, Cons: 1.9505, Grad: 0.000574949004, RBA: 3.5809) | Val Loss: 20.9352 | MAE: 3.23 | Val_RBA: 7.54 | R²: 0.9634 ｜ R: 0.9839
2025-12-03 23:40:45,828 INFO The used dataset had no length, returning gathered tensors. You should drop the remainder yourself.
2025-12-03 23:40:45,895 INFO The used dataset had no length, returning gathered tensors. You should drop the remainder yourself.
2025-12-03 23:40:45,898 INFO Epoch 369/400 | LR: 4.10e-05 | Train Loss: 18.3696 (Main: 13.1258, Cons: 1.8744, Grad: 0.000568807176, RBA: 3.3688) | Val Loss: 21.1589 | MAE: 3.23 | Val_RBA: 9.10 | R²: 0.9632 ｜ R: 0.9836
2025-12-03 23:44:29,473 INFO The used dataset had no length, returning gathered tensors. You should drop the remainder yourself.
2025-12-03 23:44:29,501 INFO The used dataset had no length, returning gathered tensors. You should drop the remainder yourself.
2025-12-03 23:44:29,505 INFO Epoch 370/400 | LR: 2.32e-06 | Train Loss: 20.3291 (Main: 15.1406, Cons: 1.7528, Grad: 0.000557619060, RBA: 3.4352) | Val Loss: 28.0930 | MAE: 4.02 | Val_RBA: 9.06 | R²: 0.9507 ｜ R: 0.9830
2025-12-03 23:48:12,217 INFO The used dataset had no length, returning gathered tensors. You should drop the remainder yourself.
2025-12-03 23:48:12,270 INFO The used dataset had no length, returning gathered tensors. You should drop the remainder yourself.
2025-12-03 23:48:12,274 INFO Epoch 371/400 | LR: 6.32e-05 | Train Loss: 17.9067 (Main: 13.0245, Cons: 1.8029, Grad: 0.000533252570, RBA: 3.0787) | Val Loss: 18.3055 | MAE: 2.87 | Val_RBA: 5.71 | R²: 0.9681 ｜ R: 0.9848
2025-12-03 23:48:12,344 INFO Checkpoint saved at epoch 370
2025-12-03 23:51:50,521 INFO The used dataset had no length, returning gathered tensors. You should drop the remainder yourself.
2025-12-03 23:51:50,602 INFO The used dataset had no length, returning gathered tensors. You should drop the remainder yourself.
2025-12-03 23:51:50,607 INFO Epoch 372/400 | LR: 5.89e-05 | Train Loss: 19.2756 (Main: 14.3514, Cons: 1.8153, Grad: 0.000508741072, RBA: 3.1084) | Val Loss: 18.8639 | MAE: 3.01 | Val_RBA: 5.87 | R²: 0.9672 ｜ R: 0.9850
2025-12-03 23:55:30,461 INFO The used dataset had no length, returning gathered tensors. You should drop the remainder yourself.
2025-12-03 23:55:30,533 INFO The used dataset had no length, returning gathered tensors. You should drop the remainder yourself.
2025-12-03 23:55:30,537 INFO Epoch 373/400 | LR: 2.42e-05 | Train Loss: 17.9519 (Main: 13.1310, Cons: 1.6595, Grad: 0.000524423662, RBA: 3.1608) | Val Loss: 23.4599 | MAE: 3.45 | Val_RBA: 9.43 | R²: 0.9590 ｜ R: 0.9824
2025-12-03 23:59:13,214 INFO The used dataset had no length, returning gathered tensors. You should drop the remainder yourself.
2025-12-03 23:59:13,277 INFO The used dataset had no length, returning gathered tensors. You should drop the remainder yourself.
2025-12-03 23:59:13,280 INFO Epoch 374/400 | LR: 3.85e-05 | Train Loss: 18.0007 (Main: 13.2717, Cons: 1.7362, Grad: 0.000519161078, RBA: 2.9924) | Val Loss: 21.4870 | MAE: 3.35 | Val_RBA: 8.37 | R²: 0.9625 ｜ R: 0.9838
2025-12-04 00:02:51,551 INFO The used dataset had no length, returning gathered tensors. You should drop the remainder yourself.
2025-12-04 00:02:51,586 INFO The used dataset had no length, returning gathered tensors. You should drop the remainder yourself.
2025-12-04 00:02:51,589 INFO Epoch 375/400 | LR: 1.09e-05 | Train Loss: 18.4241 (Main: 13.6908, Cons: 1.7094, Grad: 0.000518761966, RBA: 3.0234) | Val Loss: 25.7271 | MAE: 3.57 | Val_RBA: 10.44 | R²: 0.9549 ｜ R: 0.9815
2025-12-04 00:06:30,646 INFO The used dataset had no length, returning gathered tensors. You should drop the remainder yourself.
2025-12-04 00:06:30,695 INFO The used dataset had no length, returning gathered tensors. You should drop the remainder yourself.
2025-12-04 00:06:30,699 INFO Epoch 376/400 | LR: 4.05e-05 | Train Loss: 15.8250 (Main: 11.2362, Cons: 1.6366, Grad: 0.000505787710, RBA: 2.9517) | Val Loss: 21.2284 | MAE: 3.35 | Val_RBA: 6.72 | R²: 0.9629 ｜ R: 0.9844
2025-12-04 00:10:10,157 INFO The used dataset had no length, returning gathered tensors. You should drop the remainder yourself.
2025-12-04 00:10:10,218 INFO The used dataset had no length, returning gathered tensors. You should drop the remainder yourself.
2025-12-04 00:10:10,222 INFO Epoch 377/400 | LR: 5.88e-05 | Train Loss: 17.3778 (Main: 12.7497, Cons: 1.6949, Grad: 0.000518467712, RBA: 2.9327) | Val Loss: 18.8836 | MAE: 2.93 | Val_RBA: 7.62 | R²: 0.9670 ｜ R: 0.9849
2025-12-04 00:13:47,825 INFO The used dataset had no length, returning gathered tensors. You should drop the remainder yourself.
2025-12-04 00:13:47,854 INFO The used dataset had no length, returning gathered tensors. You should drop the remainder yourself.
2025-12-04 00:13:47,859 INFO Epoch 378/400 | LR: 5.76e-05 | Train Loss: 22.3319 (Main: 17.3999, Cons: 1.5760, Grad: 0.000515574108, RBA: 3.3555) | Val Loss: 19.0399 | MAE: 3.00 | Val_RBA: 7.01 | R²: 0.9668 ｜ R: 0.9844
2025-12-04 00:17:29,280 INFO The used dataset had no length, returning gathered tensors. You should drop the remainder yourself.
2025-12-04 00:17:29,310 INFO The used dataset had no length, returning gathered tensors. You should drop the remainder yourself.
2025-12-04 00:17:29,318 INFO Epoch 379/400 | LR: 2.71e-05 | Train Loss: 21.0752 (Main: 16.0671, Cons: 1.7323, Grad: 0.000522427949, RBA: 3.2753) | Val Loss: 23.0397 | MAE: 3.39 | Val_RBA: 6.83 | R²: 0.9593 ｜ R: 0.9831
2025-12-04 00:21:08,732 INFO The used dataset had no length, returning gathered tensors. You should drop the remainder yourself.
2025-12-04 00:21:08,766 INFO The used dataset had no length, returning gathered tensors. You should drop the remainder yourself.
2025-12-04 00:21:08,771 INFO Epoch 380/400 | LR: 6.03e-05 | Train Loss: 18.2588 (Main: 13.6841, Cons: 1.6964, Grad: 0.000503144847, RBA: 2.8778) | Val Loss: 18.6827 | MAE: 2.86 | Val_RBA: 7.36 | R²: 0.9673 ｜ R: 0.9845
2025-12-04 00:21:08,852 INFO Checkpoint saved at epoch 379
2025-12-04 00:24:46,850 INFO The used dataset had no length, returning gathered tensors. You should drop the remainder yourself.
2025-12-04 00:24:46,888 INFO The used dataset had no length, returning gathered tensors. You should drop the remainder yourself.
2025-12-04 00:24:46,892 INFO Epoch 381/400 | LR: 5.68e-05 | Train Loss: 17.9947 (Main: 13.3357, Cons: 1.6723, Grad: 0.000482031687, RBA: 2.9861) | Val Loss: 19.1354 | MAE: 3.04 | Val_RBA: 6.60 | R²: 0.9665 ｜ R: 0.9844
2025-12-04 00:28:25,410 INFO The used dataset had no length, returning gathered tensors. You should drop the remainder yourself.
2025-12-04 00:28:25,464 INFO The used dataset had no length, returning gathered tensors. You should drop the remainder yourself.
2025-12-04 00:28:25,468 INFO Epoch 382/400 | LR: 4.24e-05 | Train Loss: 17.5370 (Main: 13.0175, Cons: 1.6009, Grad: 0.000465252598, RBA: 2.9181) | Val Loss: 20.9805 | MAE: 3.21 | Val_RBA: 7.58 | R²: 0.9635 ｜ R: 0.9837
2025-12-04 00:32:02,981 INFO The used dataset had no length, returning gathered tensors. You should drop the remainder yourself.
2025-12-04 00:32:03,020 INFO The used dataset had no length, returning gathered tensors. You should drop the remainder yourself.
2025-12-04 00:32:03,024 INFO Epoch 383/400 | LR: 6.16e-05 | Train Loss: 17.5291 (Main: 13.1661, Cons: 1.5558, Grad: 0.000486740111, RBA: 2.8067) | Val Loss: 18.5135 | MAE: 2.89 | Val_RBA: 5.57 | R²: 0.9677 ｜ R: 0.9845
2025-12-04 00:35:42,193 INFO The used dataset had no length, returning gathered tensors. You should drop the remainder yourself.
2025-12-04 00:35:42,249 INFO The used dataset had no length, returning gathered tensors. You should drop the remainder yourself.
2025-12-04 00:35:42,253 INFO Epoch 384/400 | LR: 2.94e-05 | Train Loss: 17.5207 (Main: 13.1981, Cons: 1.4619, Grad: 0.000473532358, RBA: 2.8603) | Val Loss: 22.7093 | MAE: 3.37 | Val_RBA: 8.56 | R²: 0.9606 ｜ R: 0.9833
2025-12-04 00:39:20,134 INFO The used dataset had no length, returning gathered tensors. You should drop the remainder yourself.
2025-12-04 00:39:20,177 INFO The used dataset had no length, returning gathered tensors. You should drop the remainder yourself.
2025-12-04 00:39:20,181 INFO Epoch 385/400 | LR: 6.55e-05 | Train Loss: 17.2663 (Main: 13.0227, Cons: 1.5105, Grad: 0.000497171105, RBA: 2.7326) | Val Loss: 17.9959 | MAE: 2.83 | Val_RBA: 6.23 | R²: 0.9684 ｜ R: 0.9849
2025-12-04 00:39:20,242 INFO Checkpoint saved at epoch 384
2025-12-04 00:42:59,452 INFO The used dataset had no length, returning gathered tensors. You should drop the remainder yourself.
2025-12-04 00:42:59,521 INFO The used dataset had no length, returning gathered tensors. You should drop the remainder yourself.
2025-12-04 00:42:59,525 INFO Epoch 386/400 | LR: 4.45e-05 | Train Loss: 19.0857 (Main: 14.6782, Cons: 1.5282, Grad: 0.000446610884, RBA: 2.8789) | Val Loss: 20.7139 | MAE: 3.19 | Val_RBA: 7.92 | R²: 0.9638 ｜ R: 0.9835
2025-12-04 00:46:40,375 INFO The used dataset had no length, returning gathered tensors. You should drop the remainder yourself.
2025-12-04 00:46:40,426 INFO The used dataset had no length, returning gathered tensors. You should drop the remainder yourself.
2025-12-04 00:46:40,429 INFO Epoch 387/400 | LR: 3.20e-05 | Train Loss: 17.7374 (Main: 13.5732, Cons: 1.4730, Grad: 0.000447511856, RBA: 2.6907) | Val Loss: 22.3515 | MAE: 3.37 | Val_RBA: 9.84 | R²: 0.9609 ｜ R: 0.9831
2025-12-04 00:50:21,619 INFO The used dataset had no length, returning gathered tensors. You should drop the remainder yourself.
2025-12-04 00:50:21,676 INFO The used dataset had no length, returning gathered tensors. You should drop the remainder yourself.
2025-12-04 00:50:21,681 INFO Epoch 388/400 | LR: 5.79e-05 | Train Loss: 17.0807 (Main: 12.7944, Cons: 1.4820, Grad: 0.000455312260, RBA: 2.8038) | Val Loss: 18.9892 | MAE: 2.97 | Val_RBA: 7.80 | R²: 0.9669 ｜ R: 0.9850
2025-12-04 00:54:00,848 INFO The used dataset had no length, returning gathered tensors. You should drop the remainder yourself.
2025-12-04 00:54:00,904 INFO The used dataset had no length, returning gathered tensors. You should drop the remainder yourself.
2025-12-04 00:54:00,908 INFO Epoch 389/400 | LR: 5.93e-05 | Train Loss: 17.7563 (Main: 13.9392, Cons: 1.3497, Grad: 0.000448953930, RBA: 2.4669) | Val Loss: 18.8201 | MAE: 2.91 | Val_RBA: 7.71 | R²: 0.9670 ｜ R: 0.9843
2025-12-04 00:57:42,351 INFO The used dataset had no length, returning gathered tensors. You should drop the remainder yourself.
2025-12-04 00:57:42,373 INFO The used dataset had no length, returning gathered tensors. You should drop the remainder yourself.
2025-12-04 00:57:42,377 INFO Epoch 390/400 | LR: 3.16e-05 | Train Loss: 19.3334 (Main: 15.0187, Cons: 1.5532, Grad: 0.000458019513, RBA: 2.7609) | Val Loss: 22.4070 | MAE: 3.24 | Val_RBA: 8.24 | R²: 0.9612 ｜ R: 0.9848
2025-12-04 01:01:20,086 INFO The used dataset had no length, returning gathered tensors. You should drop the remainder yourself.
2025-12-04 01:01:20,125 INFO The used dataset had no length, returning gathered tensors. You should drop the remainder yourself.
2025-12-04 01:01:20,129 INFO Epoch 391/400 | LR: 6.97e-05 | Train Loss: 15.6434 (Main: 11.6557, Cons: 1.4594, Grad: 0.000446756583, RBA: 2.5278) | Val Loss: 17.4207 | MAE: 2.77 | Val_RBA: 6.44 | R²: 0.9696 ｜ R: 0.9854
2025-12-04 01:01:20,208 INFO Checkpoint saved at epoch 390
2025-12-04 01:05:04,216 INFO The used dataset had no length, returning gathered tensors. You should drop the remainder yourself.
2025-12-04 01:05:04,268 INFO The used dataset had no length, returning gathered tensors. You should drop the remainder yourself.
2025-12-04 01:05:04,272 INFO Epoch 392/400 | LR: 7.67e-06 | Train Loss: 17.9679 (Main: 14.0033, Cons: 1.3532, Grad: 0.000426099897, RBA: 2.6110) | Val Loss: 26.4494 | MAE: 3.52 | Val_RBA: 7.92 | R²: 0.9537 ｜ R: 0.9792
2025-12-04 01:08:44,261 INFO The used dataset had no length, returning gathered tensors. You should drop the remainder yourself.
2025-12-04 01:08:44,334 INFO The used dataset had no length, returning gathered tensors. You should drop the remainder yourself.
2025-12-04 01:08:44,338 INFO Epoch 393/400 | LR: 6.61e-05 | Train Loss: 16.9461 (Main: 12.8533, Cons: 1.4617, Grad: 0.000472344666, RBA: 2.6307) | Val Loss: 17.9186 | MAE: 2.81 | Val_RBA: 6.13 | R²: 0.9687 ｜ R: 0.9849
2025-12-04 01:12:25,717 INFO The used dataset had no length, returning gathered tensors. You should drop the remainder yourself.
2025-12-04 01:12:25,780 INFO The used dataset had no length, returning gathered tensors. You should drop the remainder yourself.
2025-12-04 01:12:25,784 INFO Epoch 394/400 | LR: 3.86e-05 | Train Loss: 18.0101 (Main: 13.9856, Cons: 1.3477, Grad: 0.000413109871, RBA: 2.6763) | Val Loss: 21.4768 | MAE: 3.21 | Val_RBA: 10.98 | R²: 0.9625 ｜ R: 0.9827
2025-12-04 01:16:05,056 INFO The used dataset had no length, returning gathered tensors. You should drop the remainder yourself.
2025-12-04 01:16:05,108 INFO The used dataset had no length, returning gathered tensors. You should drop the remainder yourself.
2025-12-04 01:16:05,112 INFO Epoch 395/400 | LR: 5.03e-05 | Train Loss: 17.5221 (Main: 13.6083, Cons: 1.3949, Grad: 0.000423866948, RBA: 2.5184) | Val Loss: 19.9675 | MAE: 3.04 | Val_RBA: 8.94 | R²: 0.9652 ｜ R: 0.9835
2025-12-04 01:19:46,645 INFO The used dataset had no length, returning gathered tensors. You should drop the remainder yourself.
2025-12-04 01:19:46,702 INFO The used dataset had no length, returning gathered tensors. You should drop the remainder yourself.
2025-12-04 01:19:46,706 INFO Epoch 396/400 | LR: 4.63e-05 | Train Loss: 18.1715 (Main: 14.0642, Cons: 1.4169, Grad: 0.000446420328, RBA: 2.6898) | Val Loss: 20.4825 | MAE: 3.09 | Val_RBA: 7.38 | R²: 0.9645 ｜ R: 0.9835
2025-12-04 01:23:38,387 INFO The used dataset had no length, returning gathered tensors. You should drop the remainder yourself.
2025-12-04 01:23:38,428 INFO The used dataset had no length, returning gathered tensors. You should drop the remainder yourself.
2025-12-04 01:23:38,433 INFO Epoch 397/400 | LR: 6.34e-05 | Train Loss: 19.0219 (Main: 15.1653, Cons: 1.3064, Grad: 0.000424004261, RBA: 2.5498) | Val Loss: 18.2734 | MAE: 2.89 | Val_RBA: 8.12 | R²: 0.9681 ｜ R: 0.9847
2025-12-04 01:27:26,647 INFO The used dataset had no length, returning gathered tensors. You should drop the remainder yourself.
2025-12-04 01:27:26,699 INFO The used dataset had no length, returning gathered tensors. You should drop the remainder yourself.
2025-12-04 01:27:26,703 INFO Epoch 398/400 | LR: 4.51e-05 | Train Loss: 18.4194 (Main: 14.5231, Cons: 1.3448, Grad: 0.000423759985, RBA: 2.5511) | Val Loss: 20.6309 | MAE: 3.26 | Val_RBA: 6.16 | R²: 0.9639 ｜ R: 0.9842
2025-12-04 01:31:14,669 INFO The used dataset had no length, returning gathered tensors. You should drop the remainder yourself.
2025-12-04 01:31:14,721 INFO The used dataset had no length, returning gathered tensors. You should drop the remainder yourself.
2025-12-04 01:31:14,725 INFO Epoch 399/400 | LR: 6.62e-05 | Train Loss: 17.8424 (Main: 14.1204, Cons: 1.3209, Grad: 0.000404274248, RBA: 2.4006) | Val Loss: 17.9045 | MAE: 2.91 | Val_RBA: 7.21 | R²: 0.9689 ｜ R: 0.9855
2025-12-04 01:35:02,562 INFO The used dataset had no length, returning gathered tensors. You should drop the remainder yourself.
2025-12-04 01:35:02,635 INFO The used dataset had no length, returning gathered tensors. You should drop the remainder yourself.
2025-12-04 01:35:02,639 INFO Epoch 400/400 | LR: 5.39e-06 | Train Loss: 17.9843 (Main: 14.1271, Cons: 1.3319, Grad: 0.000396645672, RBA: 2.5250) | Val Loss: 27.0429 | MAE: 3.90 | Val_RBA: 7.78 | R²: 0.9525 ｜ R: 0.9832
2025-12-04 01:35:02,646 INFO 
Best Model Results (Epoch 391):
MAE: 2.77 | MSE: 17.4207 | R²: 0.9696
2025-12-04 01:35:02,646 INFO 
Best Model Results (Epoch 0):
MAE: inf | MSE: inf | R²: 0.0000
2025-12-04 01:35:02,646 INFO 
Best Model Results (Epoch 0):
MAE: inf | MSE: inf | R²: 0.0000
2025-12-04 01:35:02,646 INFO 
Best Model Results (Epoch 0):
MAE: inf | MSE: inf | R²: 0.0000
2025-12-04 01:35:02,646 INFO 
Best Model Results (Epoch 0):
MAE: inf | MSE: inf | R²: 0.0000
2025-12-04 01:35:02,646 INFO 
Best Model Results (Epoch 0):
MAE: inf | MSE: inf | R²: 0.0000
2025-12-04 01:35:02,646 INFO 
Best Model Results (Epoch 0):
MAE: inf | MSE: inf | R²: 0.0000
2025-12-04 01:35:02,646 INFO 
Best Model Results (Epoch 0):
MAE: inf | MSE: inf | R²: 0.0000
